; generated by printsim tools/make_overhang_tests.py (mushroom, no supports)

; printer_model = MINI
; filament_type = PLA
; layer_height = 0.2
; max_layer_z = 17.0
; filament_colour = #E8E2D0
; support_material = 0
; estimated printing time (normal mode) = 14m 53s

M201 X2500 Y2500 Z400 E5000
M203 X180 Y180 Z12 E80
M204 P1250 R1250 T1250
M205 X8.00 Y8.00 Z2.00 E10.00
;TYPE:Custom
G90
M83
M104 S170
M140 S60
M109 R170
M190 S60
G28
G29
M104 S215
G92 E0
G1 Z0.2 F720
G1 Y-3 F1000
M109 S215
G1 X60 E9 F1000
G1 X100 E12.5 F1000
G92 E0
M73 P0 R15
;LAYER_CHANGE
;Z:0.20
;HEIGHT:0.2
G1 E-0.70000 F2100
G1 Z0.400 F720
G1 X96.550 Y90.000 F9000
G1 Z0.200 F720
G1 E0.70000 F1500
;TYPE:Perimeter
;WIDTH:0.45
G1 F2400
G1 X96.550 Y90.000 E0.00000
G1 X96.500 Y90.805 E0.03018
G1 X96.352 Y91.598 E0.03018
G1 X96.108 Y92.366 E0.03018
G1 X95.771 Y93.099 E0.03018
G1 X95.346 Y93.784 E0.03018
G1 X94.841 Y94.413 E0.03018
G1 X94.262 Y94.974 E0.03018
G1 X93.618 Y95.460 E0.03018
G1 X92.920 Y95.863 E0.03018
G1 X92.177 Y96.178 E0.03018
G1 X91.401 Y96.398 E0.03018
G1 X90.604 Y96.522 E0.03018
G1 X89.798 Y96.547 E0.03018
G1 X88.995 Y96.472 E0.03018
G1 X88.208 Y96.300 E0.03018
G1 X87.447 Y96.032 E0.03018
G1 X86.725 Y95.672 E0.03018
G1 X86.053 Y95.227 E0.03018
G1 X85.440 Y94.702 E0.03018
G1 X84.897 Y94.106 E0.03018
G1 X84.431 Y93.448 E0.03018
G1 X84.050 Y92.738 E0.03018
G1 X83.758 Y91.986 E0.03018
G1 X83.562 Y91.204 E0.03018
G1 X83.462 Y90.403 E0.03018
G1 X83.462 Y89.597 E0.03018
G1 X83.562 Y88.796 E0.03018
G1 X83.758 Y88.014 E0.03018
G1 X84.050 Y87.262 E0.03018
G1 X84.431 Y86.552 E0.03018
G1 X84.897 Y85.894 E0.03018
G1 X85.440 Y85.298 E0.03018
G1 X86.053 Y84.773 E0.03018
G1 X86.725 Y84.328 E0.03018
G1 X87.447 Y83.968 E0.03018
G1 X88.208 Y83.700 E0.03018
G1 X88.995 Y83.528 E0.03018
G1 X89.798 Y83.453 E0.03018
G1 X90.604 Y83.478 E0.03018
G1 X91.401 Y83.602 E0.03018
G1 X92.177 Y83.822 E0.03018
G1 X92.920 Y84.137 E0.03018
G1 X93.618 Y84.540 E0.03018
G1 X94.262 Y85.026 E0.03018
G1 X94.841 Y85.587 E0.03018
G1 X95.346 Y86.216 E0.03018
G1 X95.771 Y86.901 E0.03018
G1 X96.108 Y87.634 E0.03018
G1 X96.352 Y88.402 E0.03018
G1 X96.500 Y89.195 E0.03018
G1 X96.550 Y90.000 E0.03018
G1 E-0.70000 F2100
G1 X97.000 Y90.000 F9000
G1 E0.70000 F1500
;TYPE:External perimeter
G1 F1800
G1 X97.000 Y90.000 E0.00000
G1 X96.953 Y90.813 E0.03046
G1 X96.811 Y91.614 E0.03046
G1 X96.578 Y92.394 E0.03046
G1 X96.255 Y93.142 E0.03046
G1 X95.848 Y93.847 E0.03046
G1 X95.362 Y94.500 E0.03046
G1 X94.804 Y95.092 E0.03046
G1 X94.180 Y95.615 E0.03046
G1 X93.500 Y96.062 E0.03046
G1 X92.773 Y96.428 E0.03046
G1 X92.008 Y96.706 E0.03046
G1 X91.216 Y96.894 E0.03046
G1 X90.407 Y96.988 E0.03046
G1 X89.593 Y96.988 E0.03046
G1 X88.784 Y96.894 E0.03046
G1 X87.992 Y96.706 E0.03046
G1 X87.227 Y96.428 E0.03046
G1 X86.500 Y96.062 E0.03046
G1 X85.820 Y95.615 E0.03046
G1 X85.196 Y95.092 E0.03046
G1 X84.638 Y94.500 E0.03046
G1 X84.152 Y93.847 E0.03046
G1 X83.745 Y93.142 E0.03046
G1 X83.422 Y92.394 E0.03046
G1 X83.189 Y91.614 E0.03046
G1 X83.047 Y90.813 E0.03046
G1 X83.000 Y90.000 E0.03046
G1 X83.047 Y89.187 E0.03046
G1 X83.189 Y88.386 E0.03046
G1 X83.422 Y87.606 E0.03046
G1 X83.745 Y86.858 E0.03046
G1 X84.152 Y86.153 E0.03046
G1 X84.638 Y85.500 E0.03046
G1 X85.196 Y84.908 E0.03046
G1 X85.820 Y84.385 E0.03046
G1 X86.500 Y83.938 E0.03046
G1 X87.227 Y83.572 E0.03046
G1 X87.992 Y83.294 E0.03046
G1 X88.784 Y83.106 E0.03046
G1 X89.593 Y83.012 E0.03046
G1 X90.407 Y83.012 E0.03046
G1 X91.216 Y83.106 E0.03046
G1 X92.008 Y83.294 E0.03046
G1 X92.773 Y83.572 E0.03046
G1 X93.500 Y83.938 E0.03046
G1 X94.180 Y84.385 E0.03046
G1 X94.804 Y84.908 E0.03046
G1 X95.362 Y85.500 E0.03046
G1 X95.848 Y86.153 E0.03046
G1 X96.255 Y86.858 E0.03046
G1 X96.578 Y87.606 E0.03046
G1 X96.811 Y88.386 E0.03046
G1 X96.953 Y89.187 E0.03046
G1 X97.000 Y90.000 E0.03046
G1 E-0.70000 F2100
G1 X84.504 Y86.869 F9000
G1 E0.70000 F1500
;TYPE:Solid infill
G1 F3600
G1 X86.869 Y84.504 E0.12513
G1 X88.015 Y83.994 E0.04694
G1 X83.994 Y88.015 E0.21276
G1 X83.777 Y88.869 E0.03297
G1 X88.869 Y83.777 E0.26947
G1 X89.594 Y83.688 E0.02734
G1 X83.688 Y89.594 E0.31255
G1 X83.680 Y90.239 E0.02413
G1 X90.239 Y83.680 E0.34712
G1 X90.826 Y83.729 E0.02203
G1 X83.729 Y90.826 E0.37554
G1 X83.825 Y91.367 E0.02056
G1 X91.367 Y83.825 E0.39913
G1 X91.870 Y83.958 E0.01947
G1 X83.958 Y91.870 E0.41870
G1 X84.124 Y92.340 E0.01866
G1 X92.340 Y84.124 E0.43479
G1 X92.781 Y84.319 E0.01805
G1 X84.319 Y92.781 E0.44778
G1 X84.542 Y93.196 E0.01759
G1 X93.196 Y84.542 E0.45794
G1 X93.585 Y84.789 E0.01725
G1 X84.789 Y93.585 E0.46544
G1 X85.060 Y93.950 E0.01702
G1 X93.950 Y85.060 E0.47043
G1 X94.292 Y85.354 E0.01689
G1 X85.354 Y94.292 E0.47296
G1 X85.671 Y94.612 E0.01684
G1 X94.612 Y85.671 E0.47310
G1 X94.908 Y86.011 E0.01688
G1 X86.011 Y94.908 E0.47083
G1 X86.374 Y95.182 E0.01700
G1 X95.182 Y86.374 E0.46612
G1 X95.432 Y86.760 E0.01722
G1 X86.760 Y95.432 E0.45890
G1 X87.171 Y95.657 E0.01754
G1 X95.657 Y87.171 E0.44905
G1 X95.856 Y87.609 E0.01799
G1 X87.609 Y95.856 E0.43638
G1 X88.076 Y96.025 E0.01858
G1 X96.025 Y88.076 E0.42065
G1 X96.162 Y88.575 E0.01937
G1 X88.575 Y96.162 E0.40149
G1 X89.112 Y96.262 E0.02042
G1 X96.262 Y89.112 E0.37839
G1 X96.318 Y89.693 E0.02184
G1 X89.693 Y96.318 E0.35055
G1 X90.330 Y96.316 E0.02386
G1 X96.316 Y90.330 E0.31675
G1 X96.238 Y91.045 E0.02690
G1 X91.045 Y96.238 E0.27479
G1 X91.881 Y96.039 E0.03214
G1 X96.039 Y91.881 E0.22004
G1 X95.582 Y92.974 E0.04432
M73 P1 R15
G1 X92.974 Y95.582 E0.13805
;LAYER_CHANGE
;Z:0.40
;HEIGHT:0.2
G1 E-0.70000 F2100
G1 Z0.600 F720
G1 X96.550 Y90.000 F9000
G1 Z0.400 F720
G1 E0.70000 F1500
;TYPE:Perimeter
;WIDTH:0.45
G1 F2400
G1 X96.550 Y90.000 E0.00000
G1 X96.500 Y90.805 E0.03018
G1 X96.352 Y91.598 E0.03018
G1 X96.108 Y92.366 E0.03018
G1 X95.771 Y93.099 E0.03018
G1 X95.346 Y93.784 E0.03018
G1 X94.841 Y94.413 E0.03018
G1 X94.262 Y94.974 E0.03018
G1 X93.618 Y95.460 E0.03018
G1 X92.920 Y95.863 E0.03018
G1 X92.177 Y96.178 E0.03018
G1 X91.401 Y96.398 E0.03018
G1 X90.604 Y96.522 E0.03018
G1 X89.798 Y96.547 E0.03018
G1 X88.995 Y96.472 E0.03018
G1 X88.208 Y96.300 E0.03018
G1 X87.447 Y96.032 E0.03018
G1 X86.725 Y95.672 E0.03018
G1 X86.053 Y95.227 E0.03018
G1 X85.440 Y94.702 E0.03018
G1 X84.897 Y94.106 E0.03018
G1 X84.431 Y93.448 E0.03018
G1 X84.050 Y92.738 E0.03018
G1 X83.758 Y91.986 E0.03018
G1 X83.562 Y91.204 E0.03018
G1 X83.462 Y90.403 E0.03018
G1 X83.462 Y89.597 E0.03018
G1 X83.562 Y88.796 E0.03018
G1 X83.758 Y88.014 E0.03018
G1 X84.050 Y87.262 E0.03018
G1 X84.431 Y86.552 E0.03018
G1 X84.897 Y85.894 E0.03018
G1 X85.440 Y85.298 E0.03018
G1 X86.053 Y84.773 E0.03018
G1 X86.725 Y84.328 E0.03018
G1 X87.447 Y83.968 E0.03018
G1 X88.208 Y83.700 E0.03018
G1 X88.995 Y83.528 E0.03018
G1 X89.798 Y83.453 E0.03018
G1 X90.604 Y83.478 E0.03018
G1 X91.401 Y83.602 E0.03018
G1 X92.177 Y83.822 E0.03018
G1 X92.920 Y84.137 E0.03018
G1 X93.618 Y84.540 E0.03018
G1 X94.262 Y85.026 E0.03018
G1 X94.841 Y85.587 E0.03018
G1 X95.346 Y86.216 E0.03018
G1 X95.771 Y86.901 E0.03018
G1 X96.108 Y87.634 E0.03018
G1 X96.352 Y88.402 E0.03018
G1 X96.500 Y89.195 E0.03018
G1 X96.550 Y90.000 E0.03018
G1 E-0.70000 F2100
G1 X97.000 Y90.000 F9000
G1 E0.70000 F1500
;TYPE:External perimeter
G1 F1800
G1 X97.000 Y90.000 E0.00000
G1 X96.953 Y90.813 E0.03046
G1 X96.811 Y91.614 E0.03046
G1 X96.578 Y92.394 E0.03046
G1 X96.255 Y93.142 E0.03046
G1 X95.848 Y93.847 E0.03046
G1 X95.362 Y94.500 E0.03046
G1 X94.804 Y95.092 E0.03046
G1 X94.180 Y95.615 E0.03046
G1 X93.500 Y96.062 E0.03046
G1 X92.773 Y96.428 E0.03046
G1 X92.008 Y96.706 E0.03046
G1 X91.216 Y96.894 E0.03046
G1 X90.407 Y96.988 E0.03046
G1 X89.593 Y96.988 E0.03046
G1 X88.784 Y96.894 E0.03046
G1 X87.992 Y96.706 E0.03046
G1 X87.227 Y96.428 E0.03046
G1 X86.500 Y96.062 E0.03046
G1 X85.820 Y95.615 E0.03046
G1 X85.196 Y95.092 E0.03046
G1 X84.638 Y94.500 E0.03046
G1 X84.152 Y93.847 E0.03046
G1 X83.745 Y93.142 E0.03046
G1 X83.422 Y92.394 E0.03046
G1 X83.189 Y91.614 E0.03046
G1 X83.047 Y90.813 E0.03046
G1 X83.000 Y90.000 E0.03046
G1 X83.047 Y89.187 E0.03046
G1 X83.189 Y88.386 E0.03046
G1 X83.422 Y87.606 E0.03046
G1 X83.745 Y86.858 E0.03046
G1 X84.152 Y86.153 E0.03046
G1 X84.638 Y85.500 E0.03046
G1 X85.196 Y84.908 E0.03046
G1 X85.820 Y84.385 E0.03046
G1 X86.500 Y83.938 E0.03046
G1 X87.227 Y83.572 E0.03046
G1 X87.992 Y83.294 E0.03046
G1 X88.784 Y83.106 E0.03046
G1 X89.593 Y83.012 E0.03046
G1 X90.407 Y83.012 E0.03046
G1 X91.216 Y83.106 E0.03046
G1 X92.008 Y83.294 E0.03046
G1 X92.773 Y83.572 E0.03046
G1 X93.500 Y83.938 E0.03046
G1 X94.180 Y84.385 E0.03046
G1 X94.804 Y84.908 E0.03046
G1 X95.362 Y85.500 E0.03046
G1 X95.848 Y86.153 E0.03046
G1 X96.255 Y86.858 E0.03046
G1 X96.578 Y87.606 E0.03046
G1 X96.811 Y88.386 E0.03046
G1 X96.953 Y89.187 E0.03046
G1 X97.000 Y90.000 E0.03046
G1 E-0.70000 F2100
G1 X93.131 Y84.504 F9000
G1 E0.70000 F1500
;TYPE:Solid infill
G1 F3600
G1 X95.496 Y86.869 E0.12513
G1 X96.006 Y88.015 E0.04694
G1 X91.985 Y83.994 E0.21276
G1 X91.131 Y83.777 E0.03297
G1 X96.223 Y88.869 E0.26947
G1 X96.312 Y89.594 E0.02734
G1 X90.406 Y83.688 E0.31255
G1 X89.761 Y83.680 E0.02413
G1 X96.320 Y90.239 E0.34712
G1 X96.271 Y90.826 E0.02203
G1 X89.174 Y83.729 E0.37554
G1 X88.633 Y83.825 E0.02056
G1 X96.175 Y91.367 E0.39913
G1 X96.042 Y91.870 E0.01947
G1 X88.130 Y83.958 E0.41870
G1 X87.660 Y84.124 E0.01866
G1 X95.876 Y92.340 E0.43479
G1 X95.681 Y92.781 E0.01805
G1 X87.219 Y84.319 E0.44778
G1 X86.804 Y84.542 E0.01759
G1 X95.458 Y93.196 E0.45794
G1 X95.211 Y93.585 E0.01725
G1 X86.415 Y84.789 E0.46544
G1 X86.050 Y85.060 E0.01702
G1 X94.940 Y93.950 E0.47043
G1 X94.646 Y94.292 E0.01689
G1 X85.708 Y85.354 E0.47296
G1 X85.388 Y85.671 E0.01684
G1 X94.329 Y94.612 E0.47310
G1 X93.989 Y94.908 E0.01688
G1 X85.092 Y86.011 E0.47083
G1 X84.818 Y86.374 E0.01700
G1 X93.626 Y95.182 E0.46612
G1 X93.240 Y95.432 E0.01722
G1 X84.568 Y86.760 E0.45890
G1 X84.343 Y87.171 E0.01754
G1 X92.829 Y95.657 E0.44905
G1 X92.391 Y95.856 E0.01799
G1 X84.144 Y87.609 E0.43638
G1 X83.975 Y88.076 E0.01858
G1 X91.924 Y96.025 E0.42065
G1 X91.425 Y96.162 E0.01937
G1 X83.838 Y88.575 E0.40149
G1 X83.738 Y89.112 E0.02042
G1 X90.888 Y96.262 E0.37839
G1 X90.307 Y96.318 E0.02184
G1 X83.682 Y89.693 E0.35055
G1 X83.684 Y90.330 E0.02386
G1 X89.670 Y96.316 E0.31675
G1 X88.955 Y96.238 E0.02690
G1 X83.762 Y91.045 E0.27479
G1 X83.961 Y91.881 E0.03214
G1 X88.119 Y96.039 E0.22004
G1 X87.026 Y95.582 E0.04432
G1 X84.418 Y92.974 E0.13805
;LAYER_CHANGE
;Z:0.60
;HEIGHT:0.2
G1 E-0.70000 F2100
G1 Z0.800 F720
G1 X96.550 Y90.000 F9000
G1 Z0.600 F720
G1 E0.70000 F1500
;TYPE:Perimeter
;WIDTH:0.45
G1 F2400
G1 X96.550 Y90.000 E0.00000
G1 X96.500 Y90.805 E0.03018
G1 X96.352 Y91.598 E0.03018
G1 X96.108 Y92.366 E0.03018
G1 X95.771 Y93.099 E0.03018
G1 X95.346 Y93.784 E0.03018
G1 X94.841 Y94.413 E0.03018
G1 X94.262 Y94.974 E0.03018
G1 X93.618 Y95.460 E0.03018
G1 X92.920 Y95.863 E0.03018
G1 X92.177 Y96.178 E0.03018
G1 X91.401 Y96.398 E0.03018
G1 X90.604 Y96.522 E0.03018
G1 X89.798 Y96.547 E0.03018
G1 X88.995 Y96.472 E0.03018
G1 X88.208 Y96.300 E0.03018
G1 X87.447 Y96.032 E0.03018
G1 X86.725 Y95.672 E0.03018
G1 X86.053 Y95.227 E0.03018
G1 X85.440 Y94.702 E0.03018
G1 X84.897 Y94.106 E0.03018
G1 X84.431 Y93.448 E0.03018
G1 X84.050 Y92.738 E0.03018
G1 X83.758 Y91.986 E0.03018
G1 X83.562 Y91.204 E0.03018
G1 X83.462 Y90.403 E0.03018
G1 X83.462 Y89.597 E0.03018
G1 X83.562 Y88.796 E0.03018
G1 X83.758 Y88.014 E0.03018
G1 X84.050 Y87.262 E0.03018
M73 P2 R15
G1 X84.431 Y86.552 E0.03018
G1 X84.897 Y85.894 E0.03018
G1 X85.440 Y85.298 E0.03018
G1 X86.053 Y84.773 E0.03018
G1 X86.725 Y84.328 E0.03018
G1 X87.447 Y83.968 E0.03018
G1 X88.208 Y83.700 E0.03018
G1 X88.995 Y83.528 E0.03018
G1 X89.798 Y83.453 E0.03018
G1 X90.604 Y83.478 E0.03018
G1 X91.401 Y83.602 E0.03018
G1 X92.177 Y83.822 E0.03018
G1 X92.920 Y84.137 E0.03018
G1 X93.618 Y84.540 E0.03018
G1 X94.262 Y85.026 E0.03018
G1 X94.841 Y85.587 E0.03018
G1 X95.346 Y86.216 E0.03018
G1 X95.771 Y86.901 E0.03018
G1 X96.108 Y87.634 E0.03018
G1 X96.352 Y88.402 E0.03018
G1 X96.500 Y89.195 E0.03018
G1 X96.550 Y90.000 E0.03018
G1 E-0.70000 F2100
G1 X97.000 Y90.000 F9000
G1 E0.70000 F1500
;TYPE:External perimeter
G1 F1800
G1 X97.000 Y90.000 E0.00000
G1 X96.953 Y90.813 E0.03046
G1 X96.811 Y91.614 E0.03046
G1 X96.578 Y92.394 E0.03046
G1 X96.255 Y93.142 E0.03046
G1 X95.848 Y93.847 E0.03046
G1 X95.362 Y94.500 E0.03046
G1 X94.804 Y95.092 E0.03046
G1 X94.180 Y95.615 E0.03046
G1 X93.500 Y96.062 E0.03046
G1 X92.773 Y96.428 E0.03046
G1 X92.008 Y96.706 E0.03046
G1 X91.216 Y96.894 E0.03046
G1 X90.407 Y96.988 E0.03046
G1 X89.593 Y96.988 E0.03046
G1 X88.784 Y96.894 E0.03046
G1 X87.992 Y96.706 E0.03046
G1 X87.227 Y96.428 E0.03046
G1 X86.500 Y96.062 E0.03046
G1 X85.820 Y95.615 E0.03046
G1 X85.196 Y95.092 E0.03046
G1 X84.638 Y94.500 E0.03046
G1 X84.152 Y93.847 E0.03046
G1 X83.745 Y93.142 E0.03046
G1 X83.422 Y92.394 E0.03046
G1 X83.189 Y91.614 E0.03046
G1 X83.047 Y90.813 E0.03046
G1 X83.000 Y90.000 E0.03046
G1 X83.047 Y89.187 E0.03046
G1 X83.189 Y88.386 E0.03046
G1 X83.422 Y87.606 E0.03046
G1 X83.745 Y86.858 E0.03046
G1 X84.152 Y86.153 E0.03046
G1 X84.638 Y85.500 E0.03046
G1 X85.196 Y84.908 E0.03046
G1 X85.820 Y84.385 E0.03046
G1 X86.500 Y83.938 E0.03046
G1 X87.227 Y83.572 E0.03046
G1 X87.992 Y83.294 E0.03046
G1 X88.784 Y83.106 E0.03046
G1 X89.593 Y83.012 E0.03046
G1 X90.407 Y83.012 E0.03046
G1 X91.216 Y83.106 E0.03046
G1 X92.008 Y83.294 E0.03046
G1 X92.773 Y83.572 E0.03046
G1 X93.500 Y83.938 E0.03046
G1 X94.180 Y84.385 E0.03046
G1 X94.804 Y84.908 E0.03046
G1 X95.362 Y85.500 E0.03046
G1 X95.848 Y86.153 E0.03046
G1 X96.255 Y86.858 E0.03046
G1 X96.578 Y87.606 E0.03046
G1 X96.811 Y88.386 E0.03046
G1 X96.953 Y89.187 E0.03046
G1 X97.000 Y90.000 E0.03046
G1 E-0.70000 F2100
G1 X84.504 Y86.869 F9000
G1 E0.70000 F1500
;TYPE:Solid infill
G1 F3600
G1 X86.869 Y84.504 E0.12513
G1 X88.015 Y83.994 E0.04694
G1 X83.994 Y88.015 E0.21276
G1 X83.777 Y88.869 E0.03297
G1 X88.869 Y83.777 E0.26947
G1 X89.594 Y83.688 E0.02734
G1 X83.688 Y89.594 E0.31255
G1 X83.680 Y90.239 E0.02413
G1 X90.239 Y83.680 E0.34712
G1 X90.826 Y83.729 E0.02203
G1 X83.729 Y90.826 E0.37554
G1 X83.825 Y91.367 E0.02056
G1 X91.367 Y83.825 E0.39913
G1 X91.870 Y83.958 E0.01947
G1 X83.958 Y91.870 E0.41870
G1 X84.124 Y92.340 E0.01866
G1 X92.340 Y84.124 E0.43479
G1 X92.781 Y84.319 E0.01805
G1 X84.319 Y92.781 E0.44778
G1 X84.542 Y93.196 E0.01759
G1 X93.196 Y84.542 E0.45794
G1 X93.585 Y84.789 E0.01725
G1 X84.789 Y93.585 E0.46544
G1 X85.060 Y93.950 E0.01702
G1 X93.950 Y85.060 E0.47043
G1 X94.292 Y85.354 E0.01689
G1 X85.354 Y94.292 E0.47296
G1 X85.671 Y94.612 E0.01684
G1 X94.612 Y85.671 E0.47310
G1 X94.908 Y86.011 E0.01688
G1 X86.011 Y94.908 E0.47083
G1 X86.374 Y95.182 E0.01700
G1 X95.182 Y86.374 E0.46612
G1 X95.432 Y86.760 E0.01722
G1 X86.760 Y95.432 E0.45890
G1 X87.171 Y95.657 E0.01754
G1 X95.657 Y87.171 E0.44905
G1 X95.856 Y87.609 E0.01799
G1 X87.609 Y95.856 E0.43638
G1 X88.076 Y96.025 E0.01858
G1 X96.025 Y88.076 E0.42065
G1 X96.162 Y88.575 E0.01937
G1 X88.575 Y96.162 E0.40149
G1 X89.112 Y96.262 E0.02042
G1 X96.262 Y89.112 E0.37839
G1 X96.318 Y89.693 E0.02184
G1 X89.693 Y96.318 E0.35055
G1 X90.330 Y96.316 E0.02386
G1 X96.316 Y90.330 E0.31675
G1 X96.238 Y91.045 E0.02690
G1 X91.045 Y96.238 E0.27479
G1 X91.881 Y96.039 E0.03214
G1 X96.039 Y91.881 E0.22004
G1 X95.582 Y92.974 E0.04432
G1 X92.974 Y95.582 E0.13805
;LAYER_CHANGE
;Z:0.80
;HEIGHT:0.2
G1 E-0.70000 F2100
G1 Z1.000 F720
G1 X96.550 Y90.000 F9000
G1 Z0.800 F720
G1 E0.70000 F1500
;TYPE:Perimeter
;WIDTH:0.45
G1 F2400
G1 X96.550 Y90.000 E0.00000
G1 X96.500 Y90.805 E0.03018
G1 X96.352 Y91.598 E0.03018
G1 X96.108 Y92.366 E0.03018
G1 X95.771 Y93.099 E0.03018
G1 X95.346 Y93.784 E0.03018
G1 X94.841 Y94.413 E0.03018
G1 X94.262 Y94.974 E0.03018
G1 X93.618 Y95.460 E0.03018
G1 X92.920 Y95.863 E0.03018
G1 X92.177 Y96.178 E0.03018
G1 X91.401 Y96.398 E0.03018
G1 X90.604 Y96.522 E0.03018
G1 X89.798 Y96.547 E0.03018
G1 X88.995 Y96.472 E0.03018
G1 X88.208 Y96.300 E0.03018
G1 X87.447 Y96.032 E0.03018
G1 X86.725 Y95.672 E0.03018
G1 X86.053 Y95.227 E0.03018
G1 X85.440 Y94.702 E0.03018
G1 X84.897 Y94.106 E0.03018
G1 X84.431 Y93.448 E0.03018
G1 X84.050 Y92.738 E0.03018
G1 X83.758 Y91.986 E0.03018
G1 X83.562 Y91.204 E0.03018
G1 X83.462 Y90.403 E0.03018
G1 X83.462 Y89.597 E0.03018
G1 X83.562 Y88.796 E0.03018
G1 X83.758 Y88.014 E0.03018
G1 X84.050 Y87.262 E0.03018
G1 X84.431 Y86.552 E0.03018
G1 X84.897 Y85.894 E0.03018
G1 X85.440 Y85.298 E0.03018
G1 X86.053 Y84.773 E0.03018
G1 X86.725 Y84.328 E0.03018
G1 X87.447 Y83.968 E0.03018
G1 X88.208 Y83.700 E0.03018
G1 X88.995 Y83.528 E0.03018
G1 X89.798 Y83.453 E0.03018
G1 X90.604 Y83.478 E0.03018
G1 X91.401 Y83.602 E0.03018
G1 X92.177 Y83.822 E0.03018
G1 X92.920 Y84.137 E0.03018
G1 X93.618 Y84.540 E0.03018
G1 X94.262 Y85.026 E0.03018
G1 X94.841 Y85.587 E0.03018
G1 X95.346 Y86.216 E0.03018
G1 X95.771 Y86.901 E0.03018
G1 X96.108 Y87.634 E0.03018
G1 X96.352 Y88.402 E0.03018
G1 X96.500 Y89.195 E0.03018
G1 X96.550 Y90.000 E0.03018
G1 E-0.70000 F2100
G1 X97.000 Y90.000 F9000
G1 E0.70000 F1500
;TYPE:External perimeter
G1 F1800
G1 X97.000 Y90.000 E0.00000
G1 X96.953 Y90.813 E0.03046
G1 X96.811 Y91.614 E0.03046
G1 X96.578 Y92.394 E0.03046
G1 X96.255 Y93.142 E0.03046
G1 X95.848 Y93.847 E0.03046
G1 X95.362 Y94.500 E0.03046
G1 X94.804 Y95.092 E0.03046
G1 X94.180 Y95.615 E0.03046
G1 X93.500 Y96.062 E0.03046
G1 X92.773 Y96.428 E0.03046
M73 P3 R15
G1 X92.008 Y96.706 E0.03046
G1 X91.216 Y96.894 E0.03046
G1 X90.407 Y96.988 E0.03046
G1 X89.593 Y96.988 E0.03046
G1 X88.784 Y96.894 E0.03046
G1 X87.992 Y96.706 E0.03046
G1 X87.227 Y96.428 E0.03046
G1 X86.500 Y96.062 E0.03046
G1 X85.820 Y95.615 E0.03046
G1 X85.196 Y95.092 E0.03046
G1 X84.638 Y94.500 E0.03046
G1 X84.152 Y93.847 E0.03046
G1 X83.745 Y93.142 E0.03046
G1 X83.422 Y92.394 E0.03046
G1 X83.189 Y91.614 E0.03046
G1 X83.047 Y90.813 E0.03046
G1 X83.000 Y90.000 E0.03046
G1 X83.047 Y89.187 E0.03046
G1 X83.189 Y88.386 E0.03046
G1 X83.422 Y87.606 E0.03046
G1 X83.745 Y86.858 E0.03046
G1 X84.152 Y86.153 E0.03046
G1 X84.638 Y85.500 E0.03046
G1 X85.196 Y84.908 E0.03046
G1 X85.820 Y84.385 E0.03046
G1 X86.500 Y83.938 E0.03046
G1 X87.227 Y83.572 E0.03046
G1 X87.992 Y83.294 E0.03046
G1 X88.784 Y83.106 E0.03046
G1 X89.593 Y83.012 E0.03046
G1 X90.407 Y83.012 E0.03046
G1 X91.216 Y83.106 E0.03046
G1 X92.008 Y83.294 E0.03046
G1 X92.773 Y83.572 E0.03046
G1 X93.500 Y83.938 E0.03046
G1 X94.180 Y84.385 E0.03046
G1 X94.804 Y84.908 E0.03046
G1 X95.362 Y85.500 E0.03046
G1 X95.848 Y86.153 E0.03046
G1 X96.255 Y86.858 E0.03046
G1 X96.578 Y87.606 E0.03046
G1 X96.811 Y88.386 E0.03046
G1 X96.953 Y89.187 E0.03046
G1 X97.000 Y90.000 E0.03046
G1 E-0.70000 F2100
G1 X91.174 Y83.785 F9000
G1 E0.70000 F1500
;TYPE:Internal infill
G1 F5400
G1 X96.215 Y88.826 E0.26674
G1 X96.067 Y91.789 E0.11101
G1 X88.211 Y83.933 E0.41569
G1 X86.149 Y84.982 E0.08657
G1 X95.018 Y93.851 E0.46929
G1 X93.393 Y95.338 E0.08240
G1 X84.662 Y86.607 E0.46201
G1 X83.783 Y88.838 E0.08975
G1 X91.162 Y96.217 E0.39047
G1 X87.741 Y95.908 E0.12853
G1 X84.092 Y92.259 E0.19305
;LAYER_CHANGE
;Z:1.00
;HEIGHT:0.2
G1 E-0.70000 F2100
G1 Z1.200 F720
G1 X96.550 Y90.000 F9000
G1 Z1.000 F720
G1 E0.70000 F1500
;TYPE:Perimeter
;WIDTH:0.45
G1 F2400
G1 X96.550 Y90.000 E0.00000
G1 X96.500 Y90.805 E0.03018
G1 X96.352 Y91.598 E0.03018
G1 X96.108 Y92.366 E0.03018
G1 X95.771 Y93.099 E0.03018
G1 X95.346 Y93.784 E0.03018
G1 X94.841 Y94.413 E0.03018
G1 X94.262 Y94.974 E0.03018
G1 X93.618 Y95.460 E0.03018
G1 X92.920 Y95.863 E0.03018
G1 X92.177 Y96.178 E0.03018
G1 X91.401 Y96.398 E0.03018
G1 X90.604 Y96.522 E0.03018
G1 X89.798 Y96.547 E0.03018
G1 X88.995 Y96.472 E0.03018
G1 X88.208 Y96.300 E0.03018
G1 X87.447 Y96.032 E0.03018
G1 X86.725 Y95.672 E0.03018
G1 X86.053 Y95.227 E0.03018
G1 X85.440 Y94.702 E0.03018
G1 X84.897 Y94.106 E0.03018
G1 X84.431 Y93.448 E0.03018
G1 X84.050 Y92.738 E0.03018
G1 X83.758 Y91.986 E0.03018
G1 X83.562 Y91.204 E0.03018
G1 X83.462 Y90.403 E0.03018
G1 X83.462 Y89.597 E0.03018
G1 X83.562 Y88.796 E0.03018
G1 X83.758 Y88.014 E0.03018
G1 X84.050 Y87.262 E0.03018
G1 X84.431 Y86.552 E0.03018
G1 X84.897 Y85.894 E0.03018
G1 X85.440 Y85.298 E0.03018
G1 X86.053 Y84.773 E0.03018
G1 X86.725 Y84.328 E0.03018
G1 X87.447 Y83.968 E0.03018
G1 X88.208 Y83.700 E0.03018
G1 X88.995 Y83.528 E0.03018
G1 X89.798 Y83.453 E0.03018
G1 X90.604 Y83.478 E0.03018
G1 X91.401 Y83.602 E0.03018
G1 X92.177 Y83.822 E0.03018
G1 X92.920 Y84.137 E0.03018
G1 X93.618 Y84.540 E0.03018
G1 X94.262 Y85.026 E0.03018
G1 X94.841 Y85.587 E0.03018
G1 X95.346 Y86.216 E0.03018
G1 X95.771 Y86.901 E0.03018
G1 X96.108 Y87.634 E0.03018
G1 X96.352 Y88.402 E0.03018
G1 X96.500 Y89.195 E0.03018
G1 X96.550 Y90.000 E0.03018
G1 E-0.70000 F2100
G1 X97.000 Y90.000 F9000
G1 E0.70000 F1500
;TYPE:External perimeter
G1 F1800
G1 X97.000 Y90.000 E0.00000
G1 X96.953 Y90.813 E0.03046
G1 X96.811 Y91.614 E0.03046
G1 X96.578 Y92.394 E0.03046
G1 X96.255 Y93.142 E0.03046
G1 X95.848 Y93.847 E0.03046
G1 X95.362 Y94.500 E0.03046
G1 X94.804 Y95.092 E0.03046
G1 X94.180 Y95.615 E0.03046
G1 X93.500 Y96.062 E0.03046
G1 X92.773 Y96.428 E0.03046
G1 X92.008 Y96.706 E0.03046
G1 X91.216 Y96.894 E0.03046
G1 X90.407 Y96.988 E0.03046
G1 X89.593 Y96.988 E0.03046
G1 X88.784 Y96.894 E0.03046
G1 X87.992 Y96.706 E0.03046
G1 X87.227 Y96.428 E0.03046
G1 X86.500 Y96.062 E0.03046
G1 X85.820 Y95.615 E0.03046
G1 X85.196 Y95.092 E0.03046
G1 X84.638 Y94.500 E0.03046
G1 X84.152 Y93.847 E0.03046
G1 X83.745 Y93.142 E0.03046
G1 X83.422 Y92.394 E0.03046
G1 X83.189 Y91.614 E0.03046
G1 X83.047 Y90.813 E0.03046
G1 X83.000 Y90.000 E0.03046
G1 X83.047 Y89.187 E0.03046
G1 X83.189 Y88.386 E0.03046
G1 X83.422 Y87.606 E0.03046
G1 X83.745 Y86.858 E0.03046
G1 X84.152 Y86.153 E0.03046
G1 X84.638 Y85.500 E0.03046
G1 X85.196 Y84.908 E0.03046
G1 X85.820 Y84.385 E0.03046
G1 X86.500 Y83.938 E0.03046
G1 X87.227 Y83.572 E0.03046
G1 X87.992 Y83.294 E0.03046
G1 X88.784 Y83.106 E0.03046
G1 X89.593 Y83.012 E0.03046
G1 X90.407 Y83.012 E0.03046
G1 X91.216 Y83.106 E0.03046
G1 X92.008 Y83.294 E0.03046
G1 X92.773 Y83.572 E0.03046
G1 X93.500 Y83.938 E0.03046
G1 X94.180 Y84.385 E0.03046
G1 X94.804 Y84.908 E0.03046
G1 X95.362 Y85.500 E0.03046
G1 X95.848 Y86.153 E0.03046
G1 X96.255 Y86.858 E0.03046
G1 X96.578 Y87.606 E0.03046
G1 X96.811 Y88.386 E0.03046
G1 X96.953 Y89.187 E0.03046
G1 X97.000 Y90.000 E0.03046
G1 E-0.70000 F2100
G1 X83.785 Y88.826 F9000
G1 E0.70000 F1500
;TYPE:Internal infill
G1 F5400
G1 X88.826 Y83.785 E0.26674
G1 X91.789 Y83.933 E0.11101
G1 X83.933 Y91.789 E0.41569
G1 X84.982 Y93.851 E0.08657
G1 X93.851 Y84.982 E0.46929
G1 X95.338 Y86.607 E0.08240
G1 X86.607 Y95.338 E0.46201
G1 X88.838 Y96.217 E0.08975
G1 X96.217 Y88.838 E0.39047
G1 X95.908 Y92.259 E0.12853
G1 X92.259 Y95.908 E0.19305
;LAYER_CHANGE
;Z:1.20
;HEIGHT:0.2
G1 E-0.70000 F2100
G1 Z1.400 F720
G1 X96.550 Y90.000 F9000
G1 Z1.200 F720
G1 E0.70000 F1500
;TYPE:Perimeter
;WIDTH:0.45
G1 F2400
G1 X96.550 Y90.000 E0.00000
G1 X96.500 Y90.805 E0.03018
G1 X96.352 Y91.598 E0.03018
G1 X96.108 Y92.366 E0.03018
G1 X95.771 Y93.099 E0.03018
G1 X95.346 Y93.784 E0.03018
G1 X94.841 Y94.413 E0.03018
G1 X94.262 Y94.974 E0.03018
G1 X93.618 Y95.460 E0.03018
G1 X92.920 Y95.863 E0.03018
G1 X92.177 Y96.178 E0.03018
G1 X91.401 Y96.398 E0.03018
G1 X90.604 Y96.522 E0.03018
G1 X89.798 Y96.547 E0.03018
G1 X88.995 Y96.472 E0.03018
G1 X88.208 Y96.300 E0.03018
G1 X87.447 Y96.032 E0.03018
G1 X86.725 Y95.672 E0.03018
G1 X86.053 Y95.227 E0.03018
G1 X85.440 Y94.702 E0.03018
G1 X84.897 Y94.106 E0.03018
G1 X84.431 Y93.448 E0.03018
G1 X84.050 Y92.738 E0.03018
G1 X83.758 Y91.986 E0.03018
G1 X83.562 Y91.204 E0.03018
G1 X83.462 Y90.403 E0.03018
G1 X83.462 Y89.597 E0.03018
G1 X83.562 Y88.796 E0.03018
G1 X83.758 Y88.014 E0.03018
G1 X84.050 Y87.262 E0.03018
G1 X84.431 Y86.552 E0.03018
G1 X84.897 Y85.894 E0.03018
G1 X85.440 Y85.298 E0.03018
G1 X86.053 Y84.773 E0.03018
G1 X86.725 Y84.328 E0.03018
G1 X87.447 Y83.968 E0.03018
G1 X88.208 Y83.700 E0.03018
G1 X88.995 Y83.528 E0.03018
G1 X89.798 Y83.453 E0.03018
G1 X90.604 Y83.478 E0.03018
G1 X91.401 Y83.602 E0.03018
G1 X92.177 Y83.822 E0.03018
G1 X92.920 Y84.137 E0.03018
G1 X93.618 Y84.540 E0.03018
G1 X94.262 Y85.026 E0.03018
G1 X94.841 Y85.587 E0.03018
G1 X95.346 Y86.216 E0.03018
G1 X95.771 Y86.901 E0.03018
G1 X96.108 Y87.634 E0.03018
G1 X96.352 Y88.402 E0.03018
G1 X96.500 Y89.195 E0.03018
G1 X96.550 Y90.000 E0.03018
G1 E-0.70000 F2100
G1 X97.000 Y90.000 F9000
G1 E0.70000 F1500
;TYPE:External perimeter
G1 F1800
G1 X97.000 Y90.000 E0.00000
G1 X96.953 Y90.813 E0.03046
G1 X96.811 Y91.614 E0.03046
G1 X96.578 Y92.394 E0.03046
G1 X96.255 Y93.142 E0.03046
G1 X95.848 Y93.847 E0.03046
G1 X95.362 Y94.500 E0.03046
G1 X94.804 Y95.092 E0.03046
G1 X94.180 Y95.615 E0.03046
G1 X93.500 Y96.062 E0.03046
G1 X92.773 Y96.428 E0.03046
G1 X92.008 Y96.706 E0.03046
G1 X91.216 Y96.894 E0.03046
G1 X90.407 Y96.988 E0.03046
G1 X89.593 Y96.988 E0.03046
G1 X88.784 Y96.894 E0.03046
G1 X87.992 Y96.706 E0.03046
G1 X87.227 Y96.428 E0.03046
G1 X86.500 Y96.062 E0.03046
G1 X85.820 Y95.615 E0.03046
G1 X85.196 Y95.092 E0.03046
G1 X84.638 Y94.500 E0.03046
G1 X84.152 Y93.847 E0.03046
G1 X83.745 Y93.142 E0.03046
G1 X83.422 Y92.394 E0.03046
G1 X83.189 Y91.614 E0.03046
G1 X83.047 Y90.813 E0.03046
G1 X83.000 Y90.000 E0.03046
G1 X83.047 Y89.187 E0.03046
G1 X83.189 Y88.386 E0.03046
G1 X83.422 Y87.606 E0.03046
G1 X83.745 Y86.858 E0.03046
G1 X84.152 Y86.153 E0.03046
G1 X84.638 Y85.500 E0.03046
G1 X85.196 Y84.908 E0.03046
G1 X85.820 Y84.385 E0.03046
G1 X86.500 Y83.938 E0.03046
G1 X87.227 Y83.572 E0.03046
G1 X87.992 Y83.294 E0.03046
G1 X88.784 Y83.106 E0.03046
G1 X89.593 Y83.012 E0.03046
G1 X90.407 Y83.012 E0.03046
G1 X91.216 Y83.106 E0.03046
G1 X92.008 Y83.294 E0.03046
G1 X92.773 Y83.572 E0.03046
G1 X93.500 Y83.938 E0.03046
G1 X94.180 Y84.385 E0.03046
G1 X94.804 Y84.908 E0.03046
G1 X95.362 Y85.500 E0.03046
G1 X95.848 Y86.153 E0.03046
M73 P4 R15
G1 X96.255 Y86.858 E0.03046
G1 X96.578 Y87.606 E0.03046
G1 X96.811 Y88.386 E0.03046
G1 X96.953 Y89.187 E0.03046
G1 X97.000 Y90.000 E0.03046
G1 E-0.70000 F2100
G1 X91.174 Y83.785 F9000
G1 E0.70000 F1500
;TYPE:Internal infill
G1 F5400
G1 X96.215 Y88.826 E0.26674
G1 X96.067 Y91.789 E0.11101
G1 X88.211 Y83.933 E0.41569
G1 X86.149 Y84.982 E0.08657
G1 X95.018 Y93.851 E0.46929
G1 X93.393 Y95.338 E0.08240
G1 X84.662 Y86.607 E0.46201
G1 X83.783 Y88.838 E0.08975
G1 X91.162 Y96.217 E0.39047
G1 X87.741 Y95.908 E0.12853
G1 X84.092 Y92.259 E0.19305
;LAYER_CHANGE
;Z:1.40
;HEIGHT:0.2
G1 E-0.70000 F2100
G1 Z1.600 F720
G1 X96.550 Y90.000 F9000
G1 Z1.400 F720
G1 E0.70000 F1500
;TYPE:Perimeter
;WIDTH:0.45
G1 F2400
G1 X96.550 Y90.000 E0.00000
G1 X96.500 Y90.805 E0.03018
G1 X96.352 Y91.598 E0.03018
G1 X96.108 Y92.366 E0.03018
G1 X95.771 Y93.099 E0.03018
G1 X95.346 Y93.784 E0.03018
G1 X94.841 Y94.413 E0.03018
G1 X94.262 Y94.974 E0.03018
G1 X93.618 Y95.460 E0.03018
G1 X92.920 Y95.863 E0.03018
G1 X92.177 Y96.178 E0.03018
G1 X91.401 Y96.398 E0.03018
G1 X90.604 Y96.522 E0.03018
G1 X89.798 Y96.547 E0.03018
G1 X88.995 Y96.472 E0.03018
G1 X88.208 Y96.300 E0.03018
G1 X87.447 Y96.032 E0.03018
G1 X86.725 Y95.672 E0.03018
G1 X86.053 Y95.227 E0.03018
G1 X85.440 Y94.702 E0.03018
G1 X84.897 Y94.106 E0.03018
G1 X84.431 Y93.448 E0.03018
G1 X84.050 Y92.738 E0.03018
G1 X83.758 Y91.986 E0.03018
G1 X83.562 Y91.204 E0.03018
G1 X83.462 Y90.403 E0.03018
G1 X83.462 Y89.597 E0.03018
G1 X83.562 Y88.796 E0.03018
G1 X83.758 Y88.014 E0.03018
G1 X84.050 Y87.262 E0.03018
G1 X84.431 Y86.552 E0.03018
G1 X84.897 Y85.894 E0.03018
G1 X85.440 Y85.298 E0.03018
G1 X86.053 Y84.773 E0.03018
G1 X86.725 Y84.328 E0.03018
G1 X87.447 Y83.968 E0.03018
G1 X88.208 Y83.700 E0.03018
G1 X88.995 Y83.528 E0.03018
G1 X89.798 Y83.453 E0.03018
G1 X90.604 Y83.478 E0.03018
G1 X91.401 Y83.602 E0.03018
G1 X92.177 Y83.822 E0.03018
G1 X92.920 Y84.137 E0.03018
G1 X93.618 Y84.540 E0.03018
G1 X94.262 Y85.026 E0.03018
G1 X94.841 Y85.587 E0.03018
G1 X95.346 Y86.216 E0.03018
G1 X95.771 Y86.901 E0.03018
G1 X96.108 Y87.634 E0.03018
G1 X96.352 Y88.402 E0.03018
G1 X96.500 Y89.195 E0.03018
G1 X96.550 Y90.000 E0.03018
G1 E-0.70000 F2100
G1 X97.000 Y90.000 F9000
G1 E0.70000 F1500
;TYPE:External perimeter
G1 F1800
G1 X97.000 Y90.000 E0.00000
G1 X96.953 Y90.813 E0.03046
G1 X96.811 Y91.614 E0.03046
G1 X96.578 Y92.394 E0.03046
G1 X96.255 Y93.142 E0.03046
G1 X95.848 Y93.847 E0.03046
G1 X95.362 Y94.500 E0.03046
G1 X94.804 Y95.092 E0.03046
G1 X94.180 Y95.615 E0.03046
G1 X93.500 Y96.062 E0.03046
G1 X92.773 Y96.428 E0.03046
G1 X92.008 Y96.706 E0.03046
G1 X91.216 Y96.894 E0.03046
G1 X90.407 Y96.988 E0.03046
G1 X89.593 Y96.988 E0.03046
G1 X88.784 Y96.894 E0.03046
G1 X87.992 Y96.706 E0.03046
G1 X87.227 Y96.428 E0.03046
G1 X86.500 Y96.062 E0.03046
G1 X85.820 Y95.615 E0.03046
G1 X85.196 Y95.092 E0.03046
G1 X84.638 Y94.500 E0.03046
G1 X84.152 Y93.847 E0.03046
G1 X83.745 Y93.142 E0.03046
G1 X83.422 Y92.394 E0.03046
G1 X83.189 Y91.614 E0.03046
G1 X83.047 Y90.813 E0.03046
G1 X83.000 Y90.000 E0.03046
G1 X83.047 Y89.187 E0.03046
G1 X83.189 Y88.386 E0.03046
G1 X83.422 Y87.606 E0.03046
G1 X83.745 Y86.858 E0.03046
G1 X84.152 Y86.153 E0.03046
G1 X84.638 Y85.500 E0.03046
G1 X85.196 Y84.908 E0.03046
G1 X85.820 Y84.385 E0.03046
G1 X86.500 Y83.938 E0.03046
G1 X87.227 Y83.572 E0.03046
G1 X87.992 Y83.294 E0.03046
G1 X88.784 Y83.106 E0.03046
G1 X89.593 Y83.012 E0.03046
G1 X90.407 Y83.012 E0.03046
G1 X91.216 Y83.106 E0.03046
G1 X92.008 Y83.294 E0.03046
G1 X92.773 Y83.572 E0.03046
G1 X93.500 Y83.938 E0.03046
G1 X94.180 Y84.385 E0.03046
G1 X94.804 Y84.908 E0.03046
G1 X95.362 Y85.500 E0.03046
G1 X95.848 Y86.153 E0.03046
G1 X96.255 Y86.858 E0.03046
G1 X96.578 Y87.606 E0.03046
G1 X96.811 Y88.386 E0.03046
G1 X96.953 Y89.187 E0.03046
G1 X97.000 Y90.000 E0.03046
G1 E-0.70000 F2100
G1 X83.785 Y88.826 F9000
G1 E0.70000 F1500
;TYPE:Internal infill
G1 F5400
G1 X88.826 Y83.785 E0.26674
G1 X91.789 Y83.933 E0.11101
G1 X83.933 Y91.789 E0.41569
G1 X84.982 Y93.851 E0.08657
G1 X93.851 Y84.982 E0.46929
G1 X95.338 Y86.607 E0.08240
G1 X86.607 Y95.338 E0.46201
G1 X88.838 Y96.217 E0.08975
G1 X96.217 Y88.838 E0.39047
G1 X95.908 Y92.259 E0.12853
G1 X92.259 Y95.908 E0.19305
;LAYER_CHANGE
;Z:1.60
;HEIGHT:0.2
G1 E-0.70000 F2100
G1 Z1.800 F720
G1 X96.550 Y90.000 F9000
G1 Z1.600 F720
G1 E0.70000 F1500
;TYPE:Perimeter
;WIDTH:0.45
G1 F2400
G1 X96.550 Y90.000 E0.00000
G1 X96.500 Y90.805 E0.03018
G1 X96.352 Y91.598 E0.03018
G1 X96.108 Y92.366 E0.03018
G1 X95.771 Y93.099 E0.03018
G1 X95.346 Y93.784 E0.03018
G1 X94.841 Y94.413 E0.03018
G1 X94.262 Y94.974 E0.03018
G1 X93.618 Y95.460 E0.03018
G1 X92.920 Y95.863 E0.03018
G1 X92.177 Y96.178 E0.03018
G1 X91.401 Y96.398 E0.03018
G1 X90.604 Y96.522 E0.03018
G1 X89.798 Y96.547 E0.03018
G1 X88.995 Y96.472 E0.03018
G1 X88.208 Y96.300 E0.03018
G1 X87.447 Y96.032 E0.03018
G1 X86.725 Y95.672 E0.03018
G1 X86.053 Y95.227 E0.03018
G1 X85.440 Y94.702 E0.03018
G1 X84.897 Y94.106 E0.03018
G1 X84.431 Y93.448 E0.03018
G1 X84.050 Y92.738 E0.03018
G1 X83.758 Y91.986 E0.03018
G1 X83.562 Y91.204 E0.03018
G1 X83.462 Y90.403 E0.03018
G1 X83.462 Y89.597 E0.03018
G1 X83.562 Y88.796 E0.03018
G1 X83.758 Y88.014 E0.03018
G1 X84.050 Y87.262 E0.03018
G1 X84.431 Y86.552 E0.03018
G1 X84.897 Y85.894 E0.03018
G1 X85.440 Y85.298 E0.03018
G1 X86.053 Y84.773 E0.03018
G1 X86.725 Y84.328 E0.03018
G1 X87.447 Y83.968 E0.03018
G1 X88.208 Y83.700 E0.03018
G1 X88.995 Y83.528 E0.03018
G1 X89.798 Y83.453 E0.03018
G1 X90.604 Y83.478 E0.03018
G1 X91.401 Y83.602 E0.03018
G1 X92.177 Y83.822 E0.03018
G1 X92.920 Y84.137 E0.03018
G1 X93.618 Y84.540 E0.03018
G1 X94.262 Y85.026 E0.03018
G1 X94.841 Y85.587 E0.03018
G1 X95.346 Y86.216 E0.03018
G1 X95.771 Y86.901 E0.03018
G1 X96.108 Y87.634 E0.03018
G1 X96.352 Y88.402 E0.03018
G1 X96.500 Y89.195 E0.03018
G1 X96.550 Y90.000 E0.03018
G1 E-0.70000 F2100
G1 X97.000 Y90.000 F9000
G1 E0.70000 F1500
;TYPE:External perimeter
G1 F1800
G1 X97.000 Y90.000 E0.00000
G1 X96.953 Y90.813 E0.03046
G1 X96.811 Y91.614 E0.03046
G1 X96.578 Y92.394 E0.03046
G1 X96.255 Y93.142 E0.03046
G1 X95.848 Y93.847 E0.03046
G1 X95.362 Y94.500 E0.03046
G1 X94.804 Y95.092 E0.03046
G1 X94.180 Y95.615 E0.03046
G1 X93.500 Y96.062 E0.03046
G1 X92.773 Y96.428 E0.03046
G1 X92.008 Y96.706 E0.03046
G1 X91.216 Y96.894 E0.03046
G1 X90.407 Y96.988 E0.03046
G1 X89.593 Y96.988 E0.03046
G1 X88.784 Y96.894 E0.03046
G1 X87.992 Y96.706 E0.03046
G1 X87.227 Y96.428 E0.03046
G1 X86.500 Y96.062 E0.03046
G1 X85.820 Y95.615 E0.03046
G1 X85.196 Y95.092 E0.03046
G1 X84.638 Y94.500 E0.03046
G1 X84.152 Y93.847 E0.03046
G1 X83.745 Y93.142 E0.03046
G1 X83.422 Y92.394 E0.03046
G1 X83.189 Y91.614 E0.03046
G1 X83.047 Y90.813 E0.03046
G1 X83.000 Y90.000 E0.03046
G1 X83.047 Y89.187 E0.03046
G1 X83.189 Y88.386 E0.03046
G1 X83.422 Y87.606 E0.03046
G1 X83.745 Y86.858 E0.03046
G1 X84.152 Y86.153 E0.03046
G1 X84.638 Y85.500 E0.03046
G1 X85.196 Y84.908 E0.03046
G1 X85.820 Y84.385 E0.03046
G1 X86.500 Y83.938 E0.03046
G1 X87.227 Y83.572 E0.03046
G1 X87.992 Y83.294 E0.03046
G1 X88.784 Y83.106 E0.03046
G1 X89.593 Y83.012 E0.03046
G1 X90.407 Y83.012 E0.03046
G1 X91.216 Y83.106 E0.03046
G1 X92.008 Y83.294 E0.03046
G1 X92.773 Y83.572 E0.03046
G1 X93.500 Y83.938 E0.03046
G1 X94.180 Y84.385 E0.03046
G1 X94.804 Y84.908 E0.03046
G1 X95.362 Y85.500 E0.03046
G1 X95.848 Y86.153 E0.03046
G1 X96.255 Y86.858 E0.03046
G1 X96.578 Y87.606 E0.03046
G1 X96.811 Y88.386 E0.03046
G1 X96.953 Y89.187 E0.03046
G1 X97.000 Y90.000 E0.03046
G1 E-0.70000 F2100
G1 X91.174 Y83.785 F9000
G1 E0.70000 F1500
;TYPE:Internal infill
G1 F5400
G1 X96.215 Y88.826 E0.26674
G1 X96.067 Y91.789 E0.11101
G1 X88.211 Y83.933 E0.41569
G1 X86.149 Y84.982 E0.08657
G1 X95.018 Y93.851 E0.46929
G1 X93.393 Y95.338 E0.08240
G1 X84.662 Y86.607 E0.46201
G1 X83.783 Y88.838 E0.08975
G1 X91.162 Y96.217 E0.39047
G1 X87.741 Y95.908 E0.12853
G1 X84.092 Y92.259 E0.19305
;LAYER_CHANGE
;Z:1.80
;HEIGHT:0.2
G1 E-0.70000 F2100
G1 Z2.000 F720
M73 P5 R15
G1 X96.550 Y90.000 F9000
G1 Z1.800 F720
G1 E0.70000 F1500
;TYPE:Perimeter
;WIDTH:0.45
G1 F2400
G1 X96.550 Y90.000 E0.00000
G1 X96.500 Y90.805 E0.03018
G1 X96.352 Y91.598 E0.03018
G1 X96.108 Y92.366 E0.03018
G1 X95.771 Y93.099 E0.03018
G1 X95.346 Y93.784 E0.03018
G1 X94.841 Y94.413 E0.03018
G1 X94.262 Y94.974 E0.03018
G1 X93.618 Y95.460 E0.03018
G1 X92.920 Y95.863 E0.03018
G1 X92.177 Y96.178 E0.03018
G1 X91.401 Y96.398 E0.03018
G1 X90.604 Y96.522 E0.03018
G1 X89.798 Y96.547 E0.03018
G1 X88.995 Y96.472 E0.03018
G1 X88.208 Y96.300 E0.03018
G1 X87.447 Y96.032 E0.03018
G1 X86.725 Y95.672 E0.03018
G1 X86.053 Y95.227 E0.03018
G1 X85.440 Y94.702 E0.03018
G1 X84.897 Y94.106 E0.03018
G1 X84.431 Y93.448 E0.03018
G1 X84.050 Y92.738 E0.03018
G1 X83.758 Y91.986 E0.03018
G1 X83.562 Y91.204 E0.03018
G1 X83.462 Y90.403 E0.03018
G1 X83.462 Y89.597 E0.03018
G1 X83.562 Y88.796 E0.03018
G1 X83.758 Y88.014 E0.03018
G1 X84.050 Y87.262 E0.03018
G1 X84.431 Y86.552 E0.03018
G1 X84.897 Y85.894 E0.03018
G1 X85.440 Y85.298 E0.03018
G1 X86.053 Y84.773 E0.03018
G1 X86.725 Y84.328 E0.03018
G1 X87.447 Y83.968 E0.03018
G1 X88.208 Y83.700 E0.03018
G1 X88.995 Y83.528 E0.03018
G1 X89.798 Y83.453 E0.03018
G1 X90.604 Y83.478 E0.03018
G1 X91.401 Y83.602 E0.03018
G1 X92.177 Y83.822 E0.03018
G1 X92.920 Y84.137 E0.03018
G1 X93.618 Y84.540 E0.03018
G1 X94.262 Y85.026 E0.03018
G1 X94.841 Y85.587 E0.03018
G1 X95.346 Y86.216 E0.03018
G1 X95.771 Y86.901 E0.03018
G1 X96.108 Y87.634 E0.03018
G1 X96.352 Y88.402 E0.03018
G1 X96.500 Y89.195 E0.03018
G1 X96.550 Y90.000 E0.03018
G1 E-0.70000 F2100
G1 X97.000 Y90.000 F9000
G1 E0.70000 F1500
;TYPE:External perimeter
G1 F1800
G1 X97.000 Y90.000 E0.00000
G1 X96.953 Y90.813 E0.03046
G1 X96.811 Y91.614 E0.03046
G1 X96.578 Y92.394 E0.03046
G1 X96.255 Y93.142 E0.03046
G1 X95.848 Y93.847 E0.03046
G1 X95.362 Y94.500 E0.03046
G1 X94.804 Y95.092 E0.03046
G1 X94.180 Y95.615 E0.03046
G1 X93.500 Y96.062 E0.03046
G1 X92.773 Y96.428 E0.03046
G1 X92.008 Y96.706 E0.03046
G1 X91.216 Y96.894 E0.03046
G1 X90.407 Y96.988 E0.03046
G1 X89.593 Y96.988 E0.03046
G1 X88.784 Y96.894 E0.03046
G1 X87.992 Y96.706 E0.03046
G1 X87.227 Y96.428 E0.03046
G1 X86.500 Y96.062 E0.03046
G1 X85.820 Y95.615 E0.03046
G1 X85.196 Y95.092 E0.03046
G1 X84.638 Y94.500 E0.03046
G1 X84.152 Y93.847 E0.03046
G1 X83.745 Y93.142 E0.03046
G1 X83.422 Y92.394 E0.03046
G1 X83.189 Y91.614 E0.03046
G1 X83.047 Y90.813 E0.03046
G1 X83.000 Y90.000 E0.03046
G1 X83.047 Y89.187 E0.03046
G1 X83.189 Y88.386 E0.03046
G1 X83.422 Y87.606 E0.03046
G1 X83.745 Y86.858 E0.03046
G1 X84.152 Y86.153 E0.03046
G1 X84.638 Y85.500 E0.03046
G1 X85.196 Y84.908 E0.03046
G1 X85.820 Y84.385 E0.03046
G1 X86.500 Y83.938 E0.03046
G1 X87.227 Y83.572 E0.03046
G1 X87.992 Y83.294 E0.03046
G1 X88.784 Y83.106 E0.03046
G1 X89.593 Y83.012 E0.03046
G1 X90.407 Y83.012 E0.03046
G1 X91.216 Y83.106 E0.03046
G1 X92.008 Y83.294 E0.03046
G1 X92.773 Y83.572 E0.03046
G1 X93.500 Y83.938 E0.03046
G1 X94.180 Y84.385 E0.03046
G1 X94.804 Y84.908 E0.03046
G1 X95.362 Y85.500 E0.03046
G1 X95.848 Y86.153 E0.03046
G1 X96.255 Y86.858 E0.03046
G1 X96.578 Y87.606 E0.03046
G1 X96.811 Y88.386 E0.03046
G1 X96.953 Y89.187 E0.03046
G1 X97.000 Y90.000 E0.03046
G1 E-0.70000 F2100
G1 X83.785 Y88.826 F9000
G1 E0.70000 F1500
;TYPE:Internal infill
G1 F5400
G1 X88.826 Y83.785 E0.26674
G1 X91.789 Y83.933 E0.11101
G1 X83.933 Y91.789 E0.41569
G1 X84.982 Y93.851 E0.08657
G1 X93.851 Y84.982 E0.46929
G1 X95.338 Y86.607 E0.08240
G1 X86.607 Y95.338 E0.46201
G1 X88.838 Y96.217 E0.08975
G1 X96.217 Y88.838 E0.39047
G1 X95.908 Y92.259 E0.12853
G1 X92.259 Y95.908 E0.19305
;LAYER_CHANGE
;Z:2.00
;HEIGHT:0.2
G1 E-0.70000 F2100
G1 Z2.200 F720
G1 X96.550 Y90.000 F9000
G1 Z2.000 F720
G1 E0.70000 F1500
;TYPE:Perimeter
;WIDTH:0.45
G1 F2400
G1 X96.550 Y90.000 E0.00000
G1 X96.500 Y90.805 E0.03018
G1 X96.352 Y91.598 E0.03018
G1 X96.108 Y92.366 E0.03018
G1 X95.771 Y93.099 E0.03018
G1 X95.346 Y93.784 E0.03018
G1 X94.841 Y94.413 E0.03018
G1 X94.262 Y94.974 E0.03018
G1 X93.618 Y95.460 E0.03018
G1 X92.920 Y95.863 E0.03018
G1 X92.177 Y96.178 E0.03018
G1 X91.401 Y96.398 E0.03018
G1 X90.604 Y96.522 E0.03018
G1 X89.798 Y96.547 E0.03018
G1 X88.995 Y96.472 E0.03018
G1 X88.208 Y96.300 E0.03018
G1 X87.447 Y96.032 E0.03018
G1 X86.725 Y95.672 E0.03018
G1 X86.053 Y95.227 E0.03018
G1 X85.440 Y94.702 E0.03018
G1 X84.897 Y94.106 E0.03018
G1 X84.431 Y93.448 E0.03018
G1 X84.050 Y92.738 E0.03018
G1 X83.758 Y91.986 E0.03018
G1 X83.562 Y91.204 E0.03018
G1 X83.462 Y90.403 E0.03018
G1 X83.462 Y89.597 E0.03018
G1 X83.562 Y88.796 E0.03018
G1 X83.758 Y88.014 E0.03018
G1 X84.050 Y87.262 E0.03018
G1 X84.431 Y86.552 E0.03018
G1 X84.897 Y85.894 E0.03018
G1 X85.440 Y85.298 E0.03018
G1 X86.053 Y84.773 E0.03018
G1 X86.725 Y84.328 E0.03018
G1 X87.447 Y83.968 E0.03018
G1 X88.208 Y83.700 E0.03018
G1 X88.995 Y83.528 E0.03018
G1 X89.798 Y83.453 E0.03018
G1 X90.604 Y83.478 E0.03018
G1 X91.401 Y83.602 E0.03018
G1 X92.177 Y83.822 E0.03018
G1 X92.920 Y84.137 E0.03018
G1 X93.618 Y84.540 E0.03018
G1 X94.262 Y85.026 E0.03018
G1 X94.841 Y85.587 E0.03018
G1 X95.346 Y86.216 E0.03018
G1 X95.771 Y86.901 E0.03018
G1 X96.108 Y87.634 E0.03018
G1 X96.352 Y88.402 E0.03018
G1 X96.500 Y89.195 E0.03018
G1 X96.550 Y90.000 E0.03018
G1 E-0.70000 F2100
G1 X97.000 Y90.000 F9000
G1 E0.70000 F1500
;TYPE:External perimeter
G1 F1800
G1 X97.000 Y90.000 E0.00000
G1 X96.953 Y90.813 E0.03046
G1 X96.811 Y91.614 E0.03046
G1 X96.578 Y92.394 E0.03046
G1 X96.255 Y93.142 E0.03046
G1 X95.848 Y93.847 E0.03046
G1 X95.362 Y94.500 E0.03046
G1 X94.804 Y95.092 E0.03046
G1 X94.180 Y95.615 E0.03046
G1 X93.500 Y96.062 E0.03046
G1 X92.773 Y96.428 E0.03046
G1 X92.008 Y96.706 E0.03046
G1 X91.216 Y96.894 E0.03046
G1 X90.407 Y96.988 E0.03046
G1 X89.593 Y96.988 E0.03046
G1 X88.784 Y96.894 E0.03046
G1 X87.992 Y96.706 E0.03046
G1 X87.227 Y96.428 E0.03046
G1 X86.500 Y96.062 E0.03046
G1 X85.820 Y95.615 E0.03046
G1 X85.196 Y95.092 E0.03046
G1 X84.638 Y94.500 E0.03046
G1 X84.152 Y93.847 E0.03046
G1 X83.745 Y93.142 E0.03046
G1 X83.422 Y92.394 E0.03046
G1 X83.189 Y91.614 E0.03046
G1 X83.047 Y90.813 E0.03046
G1 X83.000 Y90.000 E0.03046
G1 X83.047 Y89.187 E0.03046
G1 X83.189 Y88.386 E0.03046
G1 X83.422 Y87.606 E0.03046
G1 X83.745 Y86.858 E0.03046
G1 X84.152 Y86.153 E0.03046
G1 X84.638 Y85.500 E0.03046
G1 X85.196 Y84.908 E0.03046
G1 X85.820 Y84.385 E0.03046
G1 X86.500 Y83.938 E0.03046
G1 X87.227 Y83.572 E0.03046
G1 X87.992 Y83.294 E0.03046
G1 X88.784 Y83.106 E0.03046
G1 X89.593 Y83.012 E0.03046
G1 X90.407 Y83.012 E0.03046
G1 X91.216 Y83.106 E0.03046
G1 X92.008 Y83.294 E0.03046
G1 X92.773 Y83.572 E0.03046
G1 X93.500 Y83.938 E0.03046
G1 X94.180 Y84.385 E0.03046
G1 X94.804 Y84.908 E0.03046
G1 X95.362 Y85.500 E0.03046
G1 X95.848 Y86.153 E0.03046
G1 X96.255 Y86.858 E0.03046
G1 X96.578 Y87.606 E0.03046
G1 X96.811 Y88.386 E0.03046
G1 X96.953 Y89.187 E0.03046
G1 X97.000 Y90.000 E0.03046
G1 E-0.70000 F2100
G1 X91.174 Y83.785 F9000
G1 E0.70000 F1500
;TYPE:Internal infill
G1 F5400
G1 X96.215 Y88.826 E0.26674
G1 X96.067 Y91.789 E0.11101
G1 X88.211 Y83.933 E0.41569
G1 X86.149 Y84.982 E0.08657
G1 X95.018 Y93.851 E0.46929
G1 X93.393 Y95.338 E0.08240
G1 X84.662 Y86.607 E0.46201
G1 X83.783 Y88.838 E0.08975
G1 X91.162 Y96.217 E0.39047
G1 X87.741 Y95.908 E0.12853
G1 X84.092 Y92.259 E0.19305
;LAYER_CHANGE
;Z:2.20
;HEIGHT:0.2
G1 E-0.70000 F2100
G1 Z2.400 F720
G1 X96.550 Y90.000 F9000
G1 Z2.200 F720
G1 E0.70000 F1500
;TYPE:Perimeter
;WIDTH:0.45
G1 F2400
G1 X96.550 Y90.000 E0.00000
G1 X96.500 Y90.805 E0.03018
G1 X96.352 Y91.598 E0.03018
G1 X96.108 Y92.366 E0.03018
G1 X95.771 Y93.099 E0.03018
G1 X95.346 Y93.784 E0.03018
G1 X94.841 Y94.413 E0.03018
G1 X94.262 Y94.974 E0.03018
G1 X93.618 Y95.460 E0.03018
G1 X92.920 Y95.863 E0.03018
G1 X92.177 Y96.178 E0.03018
G1 X91.401 Y96.398 E0.03018
G1 X90.604 Y96.522 E0.03018
G1 X89.798 Y96.547 E0.03018
G1 X88.995 Y96.472 E0.03018
G1 X88.208 Y96.300 E0.03018
G1 X87.447 Y96.032 E0.03018
G1 X86.725 Y95.672 E0.03018
G1 X86.053 Y95.227 E0.03018
G1 X85.440 Y94.702 E0.03018
G1 X84.897 Y94.106 E0.03018
G1 X84.431 Y93.448 E0.03018
G1 X84.050 Y92.738 E0.03018
G1 X83.758 Y91.986 E0.03018
G1 X83.562 Y91.204 E0.03018
G1 X83.462 Y90.403 E0.03018
G1 X83.462 Y89.597 E0.03018
G1 X83.562 Y88.796 E0.03018
G1 X83.758 Y88.014 E0.03018
G1 X84.050 Y87.262 E0.03018
G1 X84.431 Y86.552 E0.03018
G1 X84.897 Y85.894 E0.03018
G1 X85.440 Y85.298 E0.03018
G1 X86.053 Y84.773 E0.03018
G1 X86.725 Y84.328 E0.03018
G1 X87.447 Y83.968 E0.03018
G1 X88.208 Y83.700 E0.03018
G1 X88.995 Y83.528 E0.03018
G1 X89.798 Y83.453 E0.03018
G1 X90.604 Y83.478 E0.03018
G1 X91.401 Y83.602 E0.03018
G1 X92.177 Y83.822 E0.03018
G1 X92.920 Y84.137 E0.03018
G1 X93.618 Y84.540 E0.03018
G1 X94.262 Y85.026 E0.03018
G1 X94.841 Y85.587 E0.03018
G1 X95.346 Y86.216 E0.03018
M73 P6 R14
G1 X95.771 Y86.901 E0.03018
G1 X96.108 Y87.634 E0.03018
G1 X96.352 Y88.402 E0.03018
G1 X96.500 Y89.195 E0.03018
G1 X96.550 Y90.000 E0.03018
G1 E-0.70000 F2100
G1 X97.000 Y90.000 F9000
G1 E0.70000 F1500
;TYPE:External perimeter
G1 F1800
G1 X97.000 Y90.000 E0.00000
G1 X96.953 Y90.813 E0.03046
G1 X96.811 Y91.614 E0.03046
G1 X96.578 Y92.394 E0.03046
G1 X96.255 Y93.142 E0.03046
G1 X95.848 Y93.847 E0.03046
G1 X95.362 Y94.500 E0.03046
G1 X94.804 Y95.092 E0.03046
G1 X94.180 Y95.615 E0.03046
G1 X93.500 Y96.062 E0.03046
G1 X92.773 Y96.428 E0.03046
G1 X92.008 Y96.706 E0.03046
G1 X91.216 Y96.894 E0.03046
G1 X90.407 Y96.988 E0.03046
G1 X89.593 Y96.988 E0.03046
G1 X88.784 Y96.894 E0.03046
G1 X87.992 Y96.706 E0.03046
G1 X87.227 Y96.428 E0.03046
G1 X86.500 Y96.062 E0.03046
G1 X85.820 Y95.615 E0.03046
G1 X85.196 Y95.092 E0.03046
G1 X84.638 Y94.500 E0.03046
G1 X84.152 Y93.847 E0.03046
G1 X83.745 Y93.142 E0.03046
G1 X83.422 Y92.394 E0.03046
G1 X83.189 Y91.614 E0.03046
G1 X83.047 Y90.813 E0.03046
G1 X83.000 Y90.000 E0.03046
G1 X83.047 Y89.187 E0.03046
G1 X83.189 Y88.386 E0.03046
G1 X83.422 Y87.606 E0.03046
G1 X83.745 Y86.858 E0.03046
G1 X84.152 Y86.153 E0.03046
G1 X84.638 Y85.500 E0.03046
G1 X85.196 Y84.908 E0.03046
G1 X85.820 Y84.385 E0.03046
G1 X86.500 Y83.938 E0.03046
G1 X87.227 Y83.572 E0.03046
G1 X87.992 Y83.294 E0.03046
G1 X88.784 Y83.106 E0.03046
G1 X89.593 Y83.012 E0.03046
G1 X90.407 Y83.012 E0.03046
G1 X91.216 Y83.106 E0.03046
G1 X92.008 Y83.294 E0.03046
G1 X92.773 Y83.572 E0.03046
G1 X93.500 Y83.938 E0.03046
G1 X94.180 Y84.385 E0.03046
G1 X94.804 Y84.908 E0.03046
G1 X95.362 Y85.500 E0.03046
G1 X95.848 Y86.153 E0.03046
G1 X96.255 Y86.858 E0.03046
G1 X96.578 Y87.606 E0.03046
G1 X96.811 Y88.386 E0.03046
G1 X96.953 Y89.187 E0.03046
G1 X97.000 Y90.000 E0.03046
G1 E-0.70000 F2100
G1 X83.785 Y88.826 F9000
G1 E0.70000 F1500
;TYPE:Internal infill
G1 F5400
G1 X88.826 Y83.785 E0.26674
G1 X91.789 Y83.933 E0.11101
G1 X83.933 Y91.789 E0.41569
G1 X84.982 Y93.851 E0.08657
G1 X93.851 Y84.982 E0.46929
G1 X95.338 Y86.607 E0.08240
G1 X86.607 Y95.338 E0.46201
G1 X88.838 Y96.217 E0.08975
G1 X96.217 Y88.838 E0.39047
G1 X95.908 Y92.259 E0.12853
G1 X92.259 Y95.908 E0.19305
;LAYER_CHANGE
;Z:2.40
;HEIGHT:0.2
G1 E-0.70000 F2100
G1 Z2.600 F720
G1 X96.550 Y90.000 F9000
G1 Z2.400 F720
G1 E0.70000 F1500
;TYPE:Perimeter
;WIDTH:0.45
G1 F2400
G1 X96.550 Y90.000 E0.00000
G1 X96.500 Y90.805 E0.03018
G1 X96.352 Y91.598 E0.03018
G1 X96.108 Y92.366 E0.03018
G1 X95.771 Y93.099 E0.03018
G1 X95.346 Y93.784 E0.03018
G1 X94.841 Y94.413 E0.03018
G1 X94.262 Y94.974 E0.03018
G1 X93.618 Y95.460 E0.03018
G1 X92.920 Y95.863 E0.03018
G1 X92.177 Y96.178 E0.03018
G1 X91.401 Y96.398 E0.03018
G1 X90.604 Y96.522 E0.03018
G1 X89.798 Y96.547 E0.03018
G1 X88.995 Y96.472 E0.03018
G1 X88.208 Y96.300 E0.03018
G1 X87.447 Y96.032 E0.03018
G1 X86.725 Y95.672 E0.03018
G1 X86.053 Y95.227 E0.03018
G1 X85.440 Y94.702 E0.03018
G1 X84.897 Y94.106 E0.03018
G1 X84.431 Y93.448 E0.03018
G1 X84.050 Y92.738 E0.03018
G1 X83.758 Y91.986 E0.03018
G1 X83.562 Y91.204 E0.03018
G1 X83.462 Y90.403 E0.03018
G1 X83.462 Y89.597 E0.03018
G1 X83.562 Y88.796 E0.03018
G1 X83.758 Y88.014 E0.03018
G1 X84.050 Y87.262 E0.03018
G1 X84.431 Y86.552 E0.03018
G1 X84.897 Y85.894 E0.03018
G1 X85.440 Y85.298 E0.03018
G1 X86.053 Y84.773 E0.03018
G1 X86.725 Y84.328 E0.03018
G1 X87.447 Y83.968 E0.03018
G1 X88.208 Y83.700 E0.03018
G1 X88.995 Y83.528 E0.03018
G1 X89.798 Y83.453 E0.03018
G1 X90.604 Y83.478 E0.03018
G1 X91.401 Y83.602 E0.03018
G1 X92.177 Y83.822 E0.03018
G1 X92.920 Y84.137 E0.03018
G1 X93.618 Y84.540 E0.03018
G1 X94.262 Y85.026 E0.03018
G1 X94.841 Y85.587 E0.03018
G1 X95.346 Y86.216 E0.03018
G1 X95.771 Y86.901 E0.03018
G1 X96.108 Y87.634 E0.03018
G1 X96.352 Y88.402 E0.03018
G1 X96.500 Y89.195 E0.03018
G1 X96.550 Y90.000 E0.03018
G1 E-0.70000 F2100
G1 X97.000 Y90.000 F9000
G1 E0.70000 F1500
;TYPE:External perimeter
G1 F1800
G1 X97.000 Y90.000 E0.00000
G1 X96.953 Y90.813 E0.03046
G1 X96.811 Y91.614 E0.03046
G1 X96.578 Y92.394 E0.03046
G1 X96.255 Y93.142 E0.03046
G1 X95.848 Y93.847 E0.03046
G1 X95.362 Y94.500 E0.03046
G1 X94.804 Y95.092 E0.03046
G1 X94.180 Y95.615 E0.03046
G1 X93.500 Y96.062 E0.03046
G1 X92.773 Y96.428 E0.03046
G1 X92.008 Y96.706 E0.03046
G1 X91.216 Y96.894 E0.03046
G1 X90.407 Y96.988 E0.03046
G1 X89.593 Y96.988 E0.03046
G1 X88.784 Y96.894 E0.03046
G1 X87.992 Y96.706 E0.03046
G1 X87.227 Y96.428 E0.03046
G1 X86.500 Y96.062 E0.03046
G1 X85.820 Y95.615 E0.03046
G1 X85.196 Y95.092 E0.03046
G1 X84.638 Y94.500 E0.03046
G1 X84.152 Y93.847 E0.03046
G1 X83.745 Y93.142 E0.03046
G1 X83.422 Y92.394 E0.03046
G1 X83.189 Y91.614 E0.03046
G1 X83.047 Y90.813 E0.03046
G1 X83.000 Y90.000 E0.03046
G1 X83.047 Y89.187 E0.03046
G1 X83.189 Y88.386 E0.03046
G1 X83.422 Y87.606 E0.03046
G1 X83.745 Y86.858 E0.03046
G1 X84.152 Y86.153 E0.03046
G1 X84.638 Y85.500 E0.03046
G1 X85.196 Y84.908 E0.03046
G1 X85.820 Y84.385 E0.03046
G1 X86.500 Y83.938 E0.03046
G1 X87.227 Y83.572 E0.03046
G1 X87.992 Y83.294 E0.03046
G1 X88.784 Y83.106 E0.03046
G1 X89.593 Y83.012 E0.03046
G1 X90.407 Y83.012 E0.03046
G1 X91.216 Y83.106 E0.03046
G1 X92.008 Y83.294 E0.03046
G1 X92.773 Y83.572 E0.03046
G1 X93.500 Y83.938 E0.03046
G1 X94.180 Y84.385 E0.03046
G1 X94.804 Y84.908 E0.03046
G1 X95.362 Y85.500 E0.03046
G1 X95.848 Y86.153 E0.03046
G1 X96.255 Y86.858 E0.03046
G1 X96.578 Y87.606 E0.03046
G1 X96.811 Y88.386 E0.03046
G1 X96.953 Y89.187 E0.03046
G1 X97.000 Y90.000 E0.03046
G1 E-0.70000 F2100
G1 X91.174 Y83.785 F9000
G1 E0.70000 F1500
;TYPE:Internal infill
G1 F5400
G1 X96.215 Y88.826 E0.26674
G1 X96.067 Y91.789 E0.11101
G1 X88.211 Y83.933 E0.41569
G1 X86.149 Y84.982 E0.08657
G1 X95.018 Y93.851 E0.46929
G1 X93.393 Y95.338 E0.08240
G1 X84.662 Y86.607 E0.46201
G1 X83.783 Y88.838 E0.08975
G1 X91.162 Y96.217 E0.39047
G1 X87.741 Y95.908 E0.12853
G1 X84.092 Y92.259 E0.19305
;LAYER_CHANGE
;Z:2.60
;HEIGHT:0.2
G1 E-0.70000 F2100
G1 Z2.800 F720
G1 X96.550 Y90.000 F9000
G1 Z2.600 F720
G1 E0.70000 F1500
;TYPE:Perimeter
;WIDTH:0.45
G1 F2400
G1 X96.550 Y90.000 E0.00000
G1 X96.500 Y90.805 E0.03018
G1 X96.352 Y91.598 E0.03018
G1 X96.108 Y92.366 E0.03018
G1 X95.771 Y93.099 E0.03018
G1 X95.346 Y93.784 E0.03018
G1 X94.841 Y94.413 E0.03018
G1 X94.262 Y94.974 E0.03018
G1 X93.618 Y95.460 E0.03018
G1 X92.920 Y95.863 E0.03018
G1 X92.177 Y96.178 E0.03018
G1 X91.401 Y96.398 E0.03018
G1 X90.604 Y96.522 E0.03018
G1 X89.798 Y96.547 E0.03018
G1 X88.995 Y96.472 E0.03018
G1 X88.208 Y96.300 E0.03018
G1 X87.447 Y96.032 E0.03018
G1 X86.725 Y95.672 E0.03018
G1 X86.053 Y95.227 E0.03018
G1 X85.440 Y94.702 E0.03018
G1 X84.897 Y94.106 E0.03018
G1 X84.431 Y93.448 E0.03018
G1 X84.050 Y92.738 E0.03018
G1 X83.758 Y91.986 E0.03018
G1 X83.562 Y91.204 E0.03018
G1 X83.462 Y90.403 E0.03018
G1 X83.462 Y89.597 E0.03018
G1 X83.562 Y88.796 E0.03018
G1 X83.758 Y88.014 E0.03018
G1 X84.050 Y87.262 E0.03018
G1 X84.431 Y86.552 E0.03018
G1 X84.897 Y85.894 E0.03018
G1 X85.440 Y85.298 E0.03018
G1 X86.053 Y84.773 E0.03018
G1 X86.725 Y84.328 E0.03018
G1 X87.447 Y83.968 E0.03018
G1 X88.208 Y83.700 E0.03018
G1 X88.995 Y83.528 E0.03018
G1 X89.798 Y83.453 E0.03018
G1 X90.604 Y83.478 E0.03018
G1 X91.401 Y83.602 E0.03018
G1 X92.177 Y83.822 E0.03018
G1 X92.920 Y84.137 E0.03018
G1 X93.618 Y84.540 E0.03018
G1 X94.262 Y85.026 E0.03018
G1 X94.841 Y85.587 E0.03018
G1 X95.346 Y86.216 E0.03018
G1 X95.771 Y86.901 E0.03018
G1 X96.108 Y87.634 E0.03018
G1 X96.352 Y88.402 E0.03018
G1 X96.500 Y89.195 E0.03018
G1 X96.550 Y90.000 E0.03018
G1 E-0.70000 F2100
G1 X97.000 Y90.000 F9000
G1 E0.70000 F1500
;TYPE:External perimeter
G1 F1800
G1 X97.000 Y90.000 E0.00000
G1 X96.953 Y90.813 E0.03046
G1 X96.811 Y91.614 E0.03046
G1 X96.578 Y92.394 E0.03046
G1 X96.255 Y93.142 E0.03046
G1 X95.848 Y93.847 E0.03046
G1 X95.362 Y94.500 E0.03046
G1 X94.804 Y95.092 E0.03046
G1 X94.180 Y95.615 E0.03046
G1 X93.500 Y96.062 E0.03046
G1 X92.773 Y96.428 E0.03046
G1 X92.008 Y96.706 E0.03046
G1 X91.216 Y96.894 E0.03046
G1 X90.407 Y96.988 E0.03046
G1 X89.593 Y96.988 E0.03046
G1 X88.784 Y96.894 E0.03046
G1 X87.992 Y96.706 E0.03046
G1 X87.227 Y96.428 E0.03046
G1 X86.500 Y96.062 E0.03046
G1 X85.820 Y95.615 E0.03046
G1 X85.196 Y95.092 E0.03046
G1 X84.638 Y94.500 E0.03046
G1 X84.152 Y93.847 E0.03046
G1 X83.745 Y93.142 E0.03046
G1 X83.422 Y92.394 E0.03046
G1 X83.189 Y91.614 E0.03046
G1 X83.047 Y90.813 E0.03046
G1 X83.000 Y90.000 E0.03046
G1 X83.047 Y89.187 E0.03046
G1 X83.189 Y88.386 E0.03046
G1 X83.422 Y87.606 E0.03046
G1 X83.745 Y86.858 E0.03046
G1 X84.152 Y86.153 E0.03046
G1 X84.638 Y85.500 E0.03046
M73 P7 R14
G1 X85.196 Y84.908 E0.03046
G1 X85.820 Y84.385 E0.03046
G1 X86.500 Y83.938 E0.03046
G1 X87.227 Y83.572 E0.03046
G1 X87.992 Y83.294 E0.03046
G1 X88.784 Y83.106 E0.03046
G1 X89.593 Y83.012 E0.03046
G1 X90.407 Y83.012 E0.03046
G1 X91.216 Y83.106 E0.03046
G1 X92.008 Y83.294 E0.03046
G1 X92.773 Y83.572 E0.03046
G1 X93.500 Y83.938 E0.03046
G1 X94.180 Y84.385 E0.03046
G1 X94.804 Y84.908 E0.03046
G1 X95.362 Y85.500 E0.03046
G1 X95.848 Y86.153 E0.03046
G1 X96.255 Y86.858 E0.03046
G1 X96.578 Y87.606 E0.03046
G1 X96.811 Y88.386 E0.03046
G1 X96.953 Y89.187 E0.03046
G1 X97.000 Y90.000 E0.03046
G1 E-0.70000 F2100
G1 X83.785 Y88.826 F9000
G1 E0.70000 F1500
;TYPE:Internal infill
G1 F5400
G1 X88.826 Y83.785 E0.26674
G1 X91.789 Y83.933 E0.11101
G1 X83.933 Y91.789 E0.41569
G1 X84.982 Y93.851 E0.08657
G1 X93.851 Y84.982 E0.46929
G1 X95.338 Y86.607 E0.08240
G1 X86.607 Y95.338 E0.46201
G1 X88.838 Y96.217 E0.08975
G1 X96.217 Y88.838 E0.39047
G1 X95.908 Y92.259 E0.12853
G1 X92.259 Y95.908 E0.19305
;LAYER_CHANGE
;Z:2.80
;HEIGHT:0.2
G1 E-0.70000 F2100
G1 Z3.000 F720
G1 X96.550 Y90.000 F9000
G1 Z2.800 F720
G1 E0.70000 F1500
;TYPE:Perimeter
;WIDTH:0.45
G1 F2400
G1 X96.550 Y90.000 E0.00000
G1 X96.500 Y90.805 E0.03018
G1 X96.352 Y91.598 E0.03018
G1 X96.108 Y92.366 E0.03018
G1 X95.771 Y93.099 E0.03018
G1 X95.346 Y93.784 E0.03018
G1 X94.841 Y94.413 E0.03018
G1 X94.262 Y94.974 E0.03018
G1 X93.618 Y95.460 E0.03018
G1 X92.920 Y95.863 E0.03018
G1 X92.177 Y96.178 E0.03018
G1 X91.401 Y96.398 E0.03018
G1 X90.604 Y96.522 E0.03018
G1 X89.798 Y96.547 E0.03018
G1 X88.995 Y96.472 E0.03018
G1 X88.208 Y96.300 E0.03018
G1 X87.447 Y96.032 E0.03018
G1 X86.725 Y95.672 E0.03018
G1 X86.053 Y95.227 E0.03018
G1 X85.440 Y94.702 E0.03018
G1 X84.897 Y94.106 E0.03018
G1 X84.431 Y93.448 E0.03018
G1 X84.050 Y92.738 E0.03018
G1 X83.758 Y91.986 E0.03018
G1 X83.562 Y91.204 E0.03018
G1 X83.462 Y90.403 E0.03018
G1 X83.462 Y89.597 E0.03018
G1 X83.562 Y88.796 E0.03018
G1 X83.758 Y88.014 E0.03018
G1 X84.050 Y87.262 E0.03018
G1 X84.431 Y86.552 E0.03018
G1 X84.897 Y85.894 E0.03018
G1 X85.440 Y85.298 E0.03018
G1 X86.053 Y84.773 E0.03018
G1 X86.725 Y84.328 E0.03018
G1 X87.447 Y83.968 E0.03018
G1 X88.208 Y83.700 E0.03018
G1 X88.995 Y83.528 E0.03018
G1 X89.798 Y83.453 E0.03018
G1 X90.604 Y83.478 E0.03018
G1 X91.401 Y83.602 E0.03018
G1 X92.177 Y83.822 E0.03018
G1 X92.920 Y84.137 E0.03018
G1 X93.618 Y84.540 E0.03018
G1 X94.262 Y85.026 E0.03018
G1 X94.841 Y85.587 E0.03018
G1 X95.346 Y86.216 E0.03018
G1 X95.771 Y86.901 E0.03018
G1 X96.108 Y87.634 E0.03018
G1 X96.352 Y88.402 E0.03018
G1 X96.500 Y89.195 E0.03018
G1 X96.550 Y90.000 E0.03018
G1 E-0.70000 F2100
G1 X97.000 Y90.000 F9000
G1 E0.70000 F1500
;TYPE:External perimeter
G1 F1800
G1 X97.000 Y90.000 E0.00000
G1 X96.953 Y90.813 E0.03046
G1 X96.811 Y91.614 E0.03046
G1 X96.578 Y92.394 E0.03046
G1 X96.255 Y93.142 E0.03046
G1 X95.848 Y93.847 E0.03046
G1 X95.362 Y94.500 E0.03046
G1 X94.804 Y95.092 E0.03046
G1 X94.180 Y95.615 E0.03046
G1 X93.500 Y96.062 E0.03046
G1 X92.773 Y96.428 E0.03046
G1 X92.008 Y96.706 E0.03046
G1 X91.216 Y96.894 E0.03046
G1 X90.407 Y96.988 E0.03046
G1 X89.593 Y96.988 E0.03046
G1 X88.784 Y96.894 E0.03046
G1 X87.992 Y96.706 E0.03046
G1 X87.227 Y96.428 E0.03046
G1 X86.500 Y96.062 E0.03046
G1 X85.820 Y95.615 E0.03046
G1 X85.196 Y95.092 E0.03046
G1 X84.638 Y94.500 E0.03046
G1 X84.152 Y93.847 E0.03046
G1 X83.745 Y93.142 E0.03046
G1 X83.422 Y92.394 E0.03046
G1 X83.189 Y91.614 E0.03046
G1 X83.047 Y90.813 E0.03046
G1 X83.000 Y90.000 E0.03046
G1 X83.047 Y89.187 E0.03046
G1 X83.189 Y88.386 E0.03046
G1 X83.422 Y87.606 E0.03046
G1 X83.745 Y86.858 E0.03046
G1 X84.152 Y86.153 E0.03046
G1 X84.638 Y85.500 E0.03046
G1 X85.196 Y84.908 E0.03046
G1 X85.820 Y84.385 E0.03046
G1 X86.500 Y83.938 E0.03046
G1 X87.227 Y83.572 E0.03046
G1 X87.992 Y83.294 E0.03046
G1 X88.784 Y83.106 E0.03046
G1 X89.593 Y83.012 E0.03046
G1 X90.407 Y83.012 E0.03046
G1 X91.216 Y83.106 E0.03046
G1 X92.008 Y83.294 E0.03046
G1 X92.773 Y83.572 E0.03046
G1 X93.500 Y83.938 E0.03046
G1 X94.180 Y84.385 E0.03046
G1 X94.804 Y84.908 E0.03046
G1 X95.362 Y85.500 E0.03046
G1 X95.848 Y86.153 E0.03046
G1 X96.255 Y86.858 E0.03046
G1 X96.578 Y87.606 E0.03046
G1 X96.811 Y88.386 E0.03046
G1 X96.953 Y89.187 E0.03046
G1 X97.000 Y90.000 E0.03046
G1 E-0.70000 F2100
G1 X91.174 Y83.785 F9000
G1 E0.70000 F1500
;TYPE:Internal infill
G1 F5400
G1 X96.215 Y88.826 E0.26674
G1 X96.067 Y91.789 E0.11101
G1 X88.211 Y83.933 E0.41569
G1 X86.149 Y84.982 E0.08657
G1 X95.018 Y93.851 E0.46929
G1 X93.393 Y95.338 E0.08240
G1 X84.662 Y86.607 E0.46201
G1 X83.783 Y88.838 E0.08975
G1 X91.162 Y96.217 E0.39047
G1 X87.741 Y95.908 E0.12853
G1 X84.092 Y92.259 E0.19305
;LAYER_CHANGE
;Z:3.00
;HEIGHT:0.2
G1 E-0.70000 F2100
G1 Z3.200 F720
G1 X96.550 Y90.000 F9000
G1 Z3.000 F720
G1 E0.70000 F1500
;TYPE:Perimeter
;WIDTH:0.45
G1 F2400
G1 X96.550 Y90.000 E0.00000
G1 X96.500 Y90.805 E0.03018
G1 X96.352 Y91.598 E0.03018
G1 X96.108 Y92.366 E0.03018
G1 X95.771 Y93.099 E0.03018
G1 X95.346 Y93.784 E0.03018
G1 X94.841 Y94.413 E0.03018
G1 X94.262 Y94.974 E0.03018
G1 X93.618 Y95.460 E0.03018
G1 X92.920 Y95.863 E0.03018
G1 X92.177 Y96.178 E0.03018
G1 X91.401 Y96.398 E0.03018
G1 X90.604 Y96.522 E0.03018
G1 X89.798 Y96.547 E0.03018
G1 X88.995 Y96.472 E0.03018
G1 X88.208 Y96.300 E0.03018
G1 X87.447 Y96.032 E0.03018
G1 X86.725 Y95.672 E0.03018
G1 X86.053 Y95.227 E0.03018
G1 X85.440 Y94.702 E0.03018
G1 X84.897 Y94.106 E0.03018
G1 X84.431 Y93.448 E0.03018
G1 X84.050 Y92.738 E0.03018
G1 X83.758 Y91.986 E0.03018
G1 X83.562 Y91.204 E0.03018
G1 X83.462 Y90.403 E0.03018
G1 X83.462 Y89.597 E0.03018
G1 X83.562 Y88.796 E0.03018
G1 X83.758 Y88.014 E0.03018
G1 X84.050 Y87.262 E0.03018
G1 X84.431 Y86.552 E0.03018
G1 X84.897 Y85.894 E0.03018
G1 X85.440 Y85.298 E0.03018
G1 X86.053 Y84.773 E0.03018
G1 X86.725 Y84.328 E0.03018
G1 X87.447 Y83.968 E0.03018
G1 X88.208 Y83.700 E0.03018
G1 X88.995 Y83.528 E0.03018
G1 X89.798 Y83.453 E0.03018
G1 X90.604 Y83.478 E0.03018
G1 X91.401 Y83.602 E0.03018
G1 X92.177 Y83.822 E0.03018
G1 X92.920 Y84.137 E0.03018
G1 X93.618 Y84.540 E0.03018
G1 X94.262 Y85.026 E0.03018
G1 X94.841 Y85.587 E0.03018
G1 X95.346 Y86.216 E0.03018
G1 X95.771 Y86.901 E0.03018
G1 X96.108 Y87.634 E0.03018
G1 X96.352 Y88.402 E0.03018
G1 X96.500 Y89.195 E0.03018
G1 X96.550 Y90.000 E0.03018
G1 E-0.70000 F2100
G1 X97.000 Y90.000 F9000
G1 E0.70000 F1500
;TYPE:External perimeter
G1 F1800
G1 X97.000 Y90.000 E0.00000
G1 X96.953 Y90.813 E0.03046
G1 X96.811 Y91.614 E0.03046
G1 X96.578 Y92.394 E0.03046
G1 X96.255 Y93.142 E0.03046
G1 X95.848 Y93.847 E0.03046
G1 X95.362 Y94.500 E0.03046
G1 X94.804 Y95.092 E0.03046
G1 X94.180 Y95.615 E0.03046
G1 X93.500 Y96.062 E0.03046
G1 X92.773 Y96.428 E0.03046
G1 X92.008 Y96.706 E0.03046
G1 X91.216 Y96.894 E0.03046
G1 X90.407 Y96.988 E0.03046
G1 X89.593 Y96.988 E0.03046
G1 X88.784 Y96.894 E0.03046
G1 X87.992 Y96.706 E0.03046
G1 X87.227 Y96.428 E0.03046
G1 X86.500 Y96.062 E0.03046
G1 X85.820 Y95.615 E0.03046
G1 X85.196 Y95.092 E0.03046
G1 X84.638 Y94.500 E0.03046
G1 X84.152 Y93.847 E0.03046
G1 X83.745 Y93.142 E0.03046
G1 X83.422 Y92.394 E0.03046
G1 X83.189 Y91.614 E0.03046
G1 X83.047 Y90.813 E0.03046
G1 X83.000 Y90.000 E0.03046
G1 X83.047 Y89.187 E0.03046
G1 X83.189 Y88.386 E0.03046
G1 X83.422 Y87.606 E0.03046
G1 X83.745 Y86.858 E0.03046
G1 X84.152 Y86.153 E0.03046
G1 X84.638 Y85.500 E0.03046
G1 X85.196 Y84.908 E0.03046
G1 X85.820 Y84.385 E0.03046
G1 X86.500 Y83.938 E0.03046
G1 X87.227 Y83.572 E0.03046
G1 X87.992 Y83.294 E0.03046
G1 X88.784 Y83.106 E0.03046
G1 X89.593 Y83.012 E0.03046
G1 X90.407 Y83.012 E0.03046
G1 X91.216 Y83.106 E0.03046
G1 X92.008 Y83.294 E0.03046
G1 X92.773 Y83.572 E0.03046
G1 X93.500 Y83.938 E0.03046
G1 X94.180 Y84.385 E0.03046
G1 X94.804 Y84.908 E0.03046
G1 X95.362 Y85.500 E0.03046
G1 X95.848 Y86.153 E0.03046
G1 X96.255 Y86.858 E0.03046
G1 X96.578 Y87.606 E0.03046
G1 X96.811 Y88.386 E0.03046
G1 X96.953 Y89.187 E0.03046
G1 X97.000 Y90.000 E0.03046
G1 E-0.70000 F2100
G1 X83.785 Y88.826 F9000
G1 E0.70000 F1500
;TYPE:Internal infill
G1 F5400
G1 X88.826 Y83.785 E0.26674
G1 X91.789 Y83.933 E0.11101
G1 X83.933 Y91.789 E0.41569
G1 X84.982 Y93.851 E0.08657
M73 P8 R14
G1 X93.851 Y84.982 E0.46929
G1 X95.338 Y86.607 E0.08240
G1 X86.607 Y95.338 E0.46201
G1 X88.838 Y96.217 E0.08975
G1 X96.217 Y88.838 E0.39047
G1 X95.908 Y92.259 E0.12853
G1 X92.259 Y95.908 E0.19305
;LAYER_CHANGE
;Z:3.20
;HEIGHT:0.2
G1 E-0.70000 F2100
G1 Z3.400 F720
G1 X96.550 Y90.000 F9000
G1 Z3.200 F720
G1 E0.70000 F1500
;TYPE:Perimeter
;WIDTH:0.45
G1 F2400
G1 X96.550 Y90.000 E0.00000
G1 X96.500 Y90.805 E0.03018
G1 X96.352 Y91.598 E0.03018
G1 X96.108 Y92.366 E0.03018
G1 X95.771 Y93.099 E0.03018
G1 X95.346 Y93.784 E0.03018
G1 X94.841 Y94.413 E0.03018
G1 X94.262 Y94.974 E0.03018
G1 X93.618 Y95.460 E0.03018
G1 X92.920 Y95.863 E0.03018
G1 X92.177 Y96.178 E0.03018
G1 X91.401 Y96.398 E0.03018
G1 X90.604 Y96.522 E0.03018
G1 X89.798 Y96.547 E0.03018
G1 X88.995 Y96.472 E0.03018
G1 X88.208 Y96.300 E0.03018
G1 X87.447 Y96.032 E0.03018
G1 X86.725 Y95.672 E0.03018
G1 X86.053 Y95.227 E0.03018
G1 X85.440 Y94.702 E0.03018
G1 X84.897 Y94.106 E0.03018
G1 X84.431 Y93.448 E0.03018
G1 X84.050 Y92.738 E0.03018
G1 X83.758 Y91.986 E0.03018
G1 X83.562 Y91.204 E0.03018
G1 X83.462 Y90.403 E0.03018
G1 X83.462 Y89.597 E0.03018
G1 X83.562 Y88.796 E0.03018
G1 X83.758 Y88.014 E0.03018
G1 X84.050 Y87.262 E0.03018
G1 X84.431 Y86.552 E0.03018
G1 X84.897 Y85.894 E0.03018
G1 X85.440 Y85.298 E0.03018
G1 X86.053 Y84.773 E0.03018
G1 X86.725 Y84.328 E0.03018
G1 X87.447 Y83.968 E0.03018
G1 X88.208 Y83.700 E0.03018
G1 X88.995 Y83.528 E0.03018
G1 X89.798 Y83.453 E0.03018
G1 X90.604 Y83.478 E0.03018
G1 X91.401 Y83.602 E0.03018
G1 X92.177 Y83.822 E0.03018
G1 X92.920 Y84.137 E0.03018
G1 X93.618 Y84.540 E0.03018
G1 X94.262 Y85.026 E0.03018
G1 X94.841 Y85.587 E0.03018
G1 X95.346 Y86.216 E0.03018
G1 X95.771 Y86.901 E0.03018
G1 X96.108 Y87.634 E0.03018
G1 X96.352 Y88.402 E0.03018
G1 X96.500 Y89.195 E0.03018
G1 X96.550 Y90.000 E0.03018
G1 E-0.70000 F2100
G1 X97.000 Y90.000 F9000
G1 E0.70000 F1500
;TYPE:External perimeter
G1 F1800
G1 X97.000 Y90.000 E0.00000
G1 X96.953 Y90.813 E0.03046
G1 X96.811 Y91.614 E0.03046
G1 X96.578 Y92.394 E0.03046
G1 X96.255 Y93.142 E0.03046
G1 X95.848 Y93.847 E0.03046
G1 X95.362 Y94.500 E0.03046
G1 X94.804 Y95.092 E0.03046
G1 X94.180 Y95.615 E0.03046
G1 X93.500 Y96.062 E0.03046
G1 X92.773 Y96.428 E0.03046
G1 X92.008 Y96.706 E0.03046
G1 X91.216 Y96.894 E0.03046
G1 X90.407 Y96.988 E0.03046
G1 X89.593 Y96.988 E0.03046
G1 X88.784 Y96.894 E0.03046
G1 X87.992 Y96.706 E0.03046
G1 X87.227 Y96.428 E0.03046
G1 X86.500 Y96.062 E0.03046
G1 X85.820 Y95.615 E0.03046
G1 X85.196 Y95.092 E0.03046
G1 X84.638 Y94.500 E0.03046
G1 X84.152 Y93.847 E0.03046
G1 X83.745 Y93.142 E0.03046
G1 X83.422 Y92.394 E0.03046
G1 X83.189 Y91.614 E0.03046
G1 X83.047 Y90.813 E0.03046
G1 X83.000 Y90.000 E0.03046
G1 X83.047 Y89.187 E0.03046
G1 X83.189 Y88.386 E0.03046
G1 X83.422 Y87.606 E0.03046
G1 X83.745 Y86.858 E0.03046
G1 X84.152 Y86.153 E0.03046
G1 X84.638 Y85.500 E0.03046
G1 X85.196 Y84.908 E0.03046
G1 X85.820 Y84.385 E0.03046
G1 X86.500 Y83.938 E0.03046
G1 X87.227 Y83.572 E0.03046
G1 X87.992 Y83.294 E0.03046
G1 X88.784 Y83.106 E0.03046
G1 X89.593 Y83.012 E0.03046
G1 X90.407 Y83.012 E0.03046
G1 X91.216 Y83.106 E0.03046
G1 X92.008 Y83.294 E0.03046
G1 X92.773 Y83.572 E0.03046
G1 X93.500 Y83.938 E0.03046
G1 X94.180 Y84.385 E0.03046
G1 X94.804 Y84.908 E0.03046
G1 X95.362 Y85.500 E0.03046
G1 X95.848 Y86.153 E0.03046
G1 X96.255 Y86.858 E0.03046
G1 X96.578 Y87.606 E0.03046
G1 X96.811 Y88.386 E0.03046
G1 X96.953 Y89.187 E0.03046
G1 X97.000 Y90.000 E0.03046
G1 E-0.70000 F2100
G1 X91.174 Y83.785 F9000
G1 E0.70000 F1500
;TYPE:Internal infill
G1 F5400
G1 X96.215 Y88.826 E0.26674
G1 X96.067 Y91.789 E0.11101
G1 X88.211 Y83.933 E0.41569
G1 X86.149 Y84.982 E0.08657
G1 X95.018 Y93.851 E0.46929
G1 X93.393 Y95.338 E0.08240
G1 X84.662 Y86.607 E0.46201
G1 X83.783 Y88.838 E0.08975
G1 X91.162 Y96.217 E0.39047
G1 X87.741 Y95.908 E0.12853
G1 X84.092 Y92.259 E0.19305
;LAYER_CHANGE
;Z:3.40
;HEIGHT:0.2
G1 E-0.70000 F2100
G1 Z3.600 F720
G1 X96.550 Y90.000 F9000
G1 Z3.400 F720
G1 E0.70000 F1500
;TYPE:Perimeter
;WIDTH:0.45
G1 F2400
G1 X96.550 Y90.000 E0.00000
G1 X96.500 Y90.805 E0.03018
G1 X96.352 Y91.598 E0.03018
G1 X96.108 Y92.366 E0.03018
G1 X95.771 Y93.099 E0.03018
G1 X95.346 Y93.784 E0.03018
G1 X94.841 Y94.413 E0.03018
G1 X94.262 Y94.974 E0.03018
G1 X93.618 Y95.460 E0.03018
G1 X92.920 Y95.863 E0.03018
G1 X92.177 Y96.178 E0.03018
G1 X91.401 Y96.398 E0.03018
G1 X90.604 Y96.522 E0.03018
G1 X89.798 Y96.547 E0.03018
G1 X88.995 Y96.472 E0.03018
G1 X88.208 Y96.300 E0.03018
G1 X87.447 Y96.032 E0.03018
G1 X86.725 Y95.672 E0.03018
G1 X86.053 Y95.227 E0.03018
G1 X85.440 Y94.702 E0.03018
G1 X84.897 Y94.106 E0.03018
G1 X84.431 Y93.448 E0.03018
G1 X84.050 Y92.738 E0.03018
G1 X83.758 Y91.986 E0.03018
G1 X83.562 Y91.204 E0.03018
G1 X83.462 Y90.403 E0.03018
G1 X83.462 Y89.597 E0.03018
G1 X83.562 Y88.796 E0.03018
G1 X83.758 Y88.014 E0.03018
G1 X84.050 Y87.262 E0.03018
G1 X84.431 Y86.552 E0.03018
G1 X84.897 Y85.894 E0.03018
G1 X85.440 Y85.298 E0.03018
G1 X86.053 Y84.773 E0.03018
G1 X86.725 Y84.328 E0.03018
G1 X87.447 Y83.968 E0.03018
G1 X88.208 Y83.700 E0.03018
G1 X88.995 Y83.528 E0.03018
G1 X89.798 Y83.453 E0.03018
G1 X90.604 Y83.478 E0.03018
G1 X91.401 Y83.602 E0.03018
G1 X92.177 Y83.822 E0.03018
G1 X92.920 Y84.137 E0.03018
G1 X93.618 Y84.540 E0.03018
G1 X94.262 Y85.026 E0.03018
G1 X94.841 Y85.587 E0.03018
G1 X95.346 Y86.216 E0.03018
G1 X95.771 Y86.901 E0.03018
G1 X96.108 Y87.634 E0.03018
G1 X96.352 Y88.402 E0.03018
G1 X96.500 Y89.195 E0.03018
G1 X96.550 Y90.000 E0.03018
G1 E-0.70000 F2100
G1 X97.000 Y90.000 F9000
G1 E0.70000 F1500
;TYPE:External perimeter
G1 F1800
G1 X97.000 Y90.000 E0.00000
G1 X96.953 Y90.813 E0.03046
G1 X96.811 Y91.614 E0.03046
G1 X96.578 Y92.394 E0.03046
G1 X96.255 Y93.142 E0.03046
G1 X95.848 Y93.847 E0.03046
G1 X95.362 Y94.500 E0.03046
G1 X94.804 Y95.092 E0.03046
G1 X94.180 Y95.615 E0.03046
G1 X93.500 Y96.062 E0.03046
G1 X92.773 Y96.428 E0.03046
G1 X92.008 Y96.706 E0.03046
G1 X91.216 Y96.894 E0.03046
G1 X90.407 Y96.988 E0.03046
G1 X89.593 Y96.988 E0.03046
G1 X88.784 Y96.894 E0.03046
G1 X87.992 Y96.706 E0.03046
G1 X87.227 Y96.428 E0.03046
G1 X86.500 Y96.062 E0.03046
G1 X85.820 Y95.615 E0.03046
G1 X85.196 Y95.092 E0.03046
G1 X84.638 Y94.500 E0.03046
G1 X84.152 Y93.847 E0.03046
G1 X83.745 Y93.142 E0.03046
G1 X83.422 Y92.394 E0.03046
G1 X83.189 Y91.614 E0.03046
G1 X83.047 Y90.813 E0.03046
G1 X83.000 Y90.000 E0.03046
G1 X83.047 Y89.187 E0.03046
G1 X83.189 Y88.386 E0.03046
G1 X83.422 Y87.606 E0.03046
G1 X83.745 Y86.858 E0.03046
G1 X84.152 Y86.153 E0.03046
G1 X84.638 Y85.500 E0.03046
G1 X85.196 Y84.908 E0.03046
G1 X85.820 Y84.385 E0.03046
G1 X86.500 Y83.938 E0.03046
G1 X87.227 Y83.572 E0.03046
G1 X87.992 Y83.294 E0.03046
G1 X88.784 Y83.106 E0.03046
G1 X89.593 Y83.012 E0.03046
G1 X90.407 Y83.012 E0.03046
G1 X91.216 Y83.106 E0.03046
G1 X92.008 Y83.294 E0.03046
G1 X92.773 Y83.572 E0.03046
G1 X93.500 Y83.938 E0.03046
G1 X94.180 Y84.385 E0.03046
G1 X94.804 Y84.908 E0.03046
G1 X95.362 Y85.500 E0.03046
G1 X95.848 Y86.153 E0.03046
G1 X96.255 Y86.858 E0.03046
G1 X96.578 Y87.606 E0.03046
G1 X96.811 Y88.386 E0.03046
G1 X96.953 Y89.187 E0.03046
G1 X97.000 Y90.000 E0.03046
G1 E-0.70000 F2100
G1 X83.785 Y88.826 F9000
G1 E0.70000 F1500
;TYPE:Internal infill
G1 F5400
G1 X88.826 Y83.785 E0.26674
G1 X91.789 Y83.933 E0.11101
G1 X83.933 Y91.789 E0.41569
G1 X84.982 Y93.851 E0.08657
G1 X93.851 Y84.982 E0.46929
G1 X95.338 Y86.607 E0.08240
G1 X86.607 Y95.338 E0.46201
G1 X88.838 Y96.217 E0.08975
G1 X96.217 Y88.838 E0.39047
G1 X95.908 Y92.259 E0.12853
G1 X92.259 Y95.908 E0.19305
;LAYER_CHANGE
;Z:3.60
;HEIGHT:0.2
G1 E-0.70000 F2100
G1 Z3.800 F720
G1 X96.550 Y90.000 F9000
G1 Z3.600 F720
G1 E0.70000 F1500
;TYPE:Perimeter
;WIDTH:0.45
G1 F2400
G1 X96.550 Y90.000 E0.00000
G1 X96.500 Y90.805 E0.03018
G1 X96.352 Y91.598 E0.03018
G1 X96.108 Y92.366 E0.03018
G1 X95.771 Y93.099 E0.03018
G1 X95.346 Y93.784 E0.03018
G1 X94.841 Y94.413 E0.03018
G1 X94.262 Y94.974 E0.03018
G1 X93.618 Y95.460 E0.03018
G1 X92.920 Y95.863 E0.03018
G1 X92.177 Y96.178 E0.03018
G1 X91.401 Y96.398 E0.03018
G1 X90.604 Y96.522 E0.03018
G1 X89.798 Y96.547 E0.03018
G1 X88.995 Y96.472 E0.03018
G1 X88.208 Y96.300 E0.03018
G1 X87.447 Y96.032 E0.03018
G1 X86.725 Y95.672 E0.03018
G1 X86.053 Y95.227 E0.03018
G1 X85.440 Y94.702 E0.03018
G1 X84.897 Y94.106 E0.03018
G1 X84.431 Y93.448 E0.03018
G1 X84.050 Y92.738 E0.03018
G1 X83.758 Y91.986 E0.03018
G1 X83.562 Y91.204 E0.03018
G1 X83.462 Y90.403 E0.03018
M73 P9 R14
G1 X83.462 Y89.597 E0.03018
G1 X83.562 Y88.796 E0.03018
G1 X83.758 Y88.014 E0.03018
G1 X84.050 Y87.262 E0.03018
G1 X84.431 Y86.552 E0.03018
G1 X84.897 Y85.894 E0.03018
G1 X85.440 Y85.298 E0.03018
G1 X86.053 Y84.773 E0.03018
G1 X86.725 Y84.328 E0.03018
G1 X87.447 Y83.968 E0.03018
G1 X88.208 Y83.700 E0.03018
G1 X88.995 Y83.528 E0.03018
G1 X89.798 Y83.453 E0.03018
G1 X90.604 Y83.478 E0.03018
G1 X91.401 Y83.602 E0.03018
G1 X92.177 Y83.822 E0.03018
G1 X92.920 Y84.137 E0.03018
G1 X93.618 Y84.540 E0.03018
G1 X94.262 Y85.026 E0.03018
G1 X94.841 Y85.587 E0.03018
G1 X95.346 Y86.216 E0.03018
G1 X95.771 Y86.901 E0.03018
G1 X96.108 Y87.634 E0.03018
G1 X96.352 Y88.402 E0.03018
G1 X96.500 Y89.195 E0.03018
G1 X96.550 Y90.000 E0.03018
G1 E-0.70000 F2100
G1 X97.000 Y90.000 F9000
G1 E0.70000 F1500
;TYPE:External perimeter
G1 F1800
G1 X97.000 Y90.000 E0.00000
G1 X96.953 Y90.813 E0.03046
G1 X96.811 Y91.614 E0.03046
G1 X96.578 Y92.394 E0.03046
G1 X96.255 Y93.142 E0.03046
G1 X95.848 Y93.847 E0.03046
G1 X95.362 Y94.500 E0.03046
G1 X94.804 Y95.092 E0.03046
G1 X94.180 Y95.615 E0.03046
G1 X93.500 Y96.062 E0.03046
G1 X92.773 Y96.428 E0.03046
G1 X92.008 Y96.706 E0.03046
G1 X91.216 Y96.894 E0.03046
G1 X90.407 Y96.988 E0.03046
G1 X89.593 Y96.988 E0.03046
G1 X88.784 Y96.894 E0.03046
G1 X87.992 Y96.706 E0.03046
G1 X87.227 Y96.428 E0.03046
G1 X86.500 Y96.062 E0.03046
G1 X85.820 Y95.615 E0.03046
G1 X85.196 Y95.092 E0.03046
G1 X84.638 Y94.500 E0.03046
G1 X84.152 Y93.847 E0.03046
G1 X83.745 Y93.142 E0.03046
G1 X83.422 Y92.394 E0.03046
G1 X83.189 Y91.614 E0.03046
G1 X83.047 Y90.813 E0.03046
G1 X83.000 Y90.000 E0.03046
G1 X83.047 Y89.187 E0.03046
G1 X83.189 Y88.386 E0.03046
G1 X83.422 Y87.606 E0.03046
G1 X83.745 Y86.858 E0.03046
G1 X84.152 Y86.153 E0.03046
G1 X84.638 Y85.500 E0.03046
G1 X85.196 Y84.908 E0.03046
G1 X85.820 Y84.385 E0.03046
G1 X86.500 Y83.938 E0.03046
G1 X87.227 Y83.572 E0.03046
G1 X87.992 Y83.294 E0.03046
G1 X88.784 Y83.106 E0.03046
G1 X89.593 Y83.012 E0.03046
G1 X90.407 Y83.012 E0.03046
G1 X91.216 Y83.106 E0.03046
G1 X92.008 Y83.294 E0.03046
G1 X92.773 Y83.572 E0.03046
G1 X93.500 Y83.938 E0.03046
G1 X94.180 Y84.385 E0.03046
G1 X94.804 Y84.908 E0.03046
G1 X95.362 Y85.500 E0.03046
G1 X95.848 Y86.153 E0.03046
G1 X96.255 Y86.858 E0.03046
G1 X96.578 Y87.606 E0.03046
G1 X96.811 Y88.386 E0.03046
G1 X96.953 Y89.187 E0.03046
G1 X97.000 Y90.000 E0.03046
G1 E-0.70000 F2100
G1 X91.174 Y83.785 F9000
G1 E0.70000 F1500
;TYPE:Internal infill
G1 F5400
G1 X96.215 Y88.826 E0.26674
G1 X96.067 Y91.789 E0.11101
G1 X88.211 Y83.933 E0.41569
G1 X86.149 Y84.982 E0.08657
G1 X95.018 Y93.851 E0.46929
G1 X93.393 Y95.338 E0.08240
G1 X84.662 Y86.607 E0.46201
G1 X83.783 Y88.838 E0.08975
G1 X91.162 Y96.217 E0.39047
G1 X87.741 Y95.908 E0.12853
G1 X84.092 Y92.259 E0.19305
;LAYER_CHANGE
;Z:3.80
;HEIGHT:0.2
G1 E-0.70000 F2100
G1 Z4.000 F720
G1 X96.550 Y90.000 F9000
G1 Z3.800 F720
G1 E0.70000 F1500
;TYPE:Perimeter
;WIDTH:0.45
G1 F2400
G1 X96.550 Y90.000 E0.00000
G1 X96.500 Y90.805 E0.03018
G1 X96.352 Y91.598 E0.03018
G1 X96.108 Y92.366 E0.03018
G1 X95.771 Y93.099 E0.03018
G1 X95.346 Y93.784 E0.03018
G1 X94.841 Y94.413 E0.03018
G1 X94.262 Y94.974 E0.03018
G1 X93.618 Y95.460 E0.03018
G1 X92.920 Y95.863 E0.03018
G1 X92.177 Y96.178 E0.03018
G1 X91.401 Y96.398 E0.03018
G1 X90.604 Y96.522 E0.03018
G1 X89.798 Y96.547 E0.03018
G1 X88.995 Y96.472 E0.03018
G1 X88.208 Y96.300 E0.03018
G1 X87.447 Y96.032 E0.03018
G1 X86.725 Y95.672 E0.03018
G1 X86.053 Y95.227 E0.03018
G1 X85.440 Y94.702 E0.03018
G1 X84.897 Y94.106 E0.03018
G1 X84.431 Y93.448 E0.03018
G1 X84.050 Y92.738 E0.03018
G1 X83.758 Y91.986 E0.03018
G1 X83.562 Y91.204 E0.03018
G1 X83.462 Y90.403 E0.03018
G1 X83.462 Y89.597 E0.03018
G1 X83.562 Y88.796 E0.03018
G1 X83.758 Y88.014 E0.03018
G1 X84.050 Y87.262 E0.03018
G1 X84.431 Y86.552 E0.03018
G1 X84.897 Y85.894 E0.03018
G1 X85.440 Y85.298 E0.03018
G1 X86.053 Y84.773 E0.03018
G1 X86.725 Y84.328 E0.03018
G1 X87.447 Y83.968 E0.03018
G1 X88.208 Y83.700 E0.03018
G1 X88.995 Y83.528 E0.03018
G1 X89.798 Y83.453 E0.03018
G1 X90.604 Y83.478 E0.03018
G1 X91.401 Y83.602 E0.03018
G1 X92.177 Y83.822 E0.03018
G1 X92.920 Y84.137 E0.03018
G1 X93.618 Y84.540 E0.03018
G1 X94.262 Y85.026 E0.03018
G1 X94.841 Y85.587 E0.03018
G1 X95.346 Y86.216 E0.03018
G1 X95.771 Y86.901 E0.03018
G1 X96.108 Y87.634 E0.03018
G1 X96.352 Y88.402 E0.03018
G1 X96.500 Y89.195 E0.03018
G1 X96.550 Y90.000 E0.03018
G1 E-0.70000 F2100
G1 X97.000 Y90.000 F9000
G1 E0.70000 F1500
;TYPE:External perimeter
G1 F1800
G1 X97.000 Y90.000 E0.00000
G1 X96.953 Y90.813 E0.03046
G1 X96.811 Y91.614 E0.03046
G1 X96.578 Y92.394 E0.03046
G1 X96.255 Y93.142 E0.03046
G1 X95.848 Y93.847 E0.03046
G1 X95.362 Y94.500 E0.03046
G1 X94.804 Y95.092 E0.03046
G1 X94.180 Y95.615 E0.03046
G1 X93.500 Y96.062 E0.03046
G1 X92.773 Y96.428 E0.03046
G1 X92.008 Y96.706 E0.03046
G1 X91.216 Y96.894 E0.03046
G1 X90.407 Y96.988 E0.03046
G1 X89.593 Y96.988 E0.03046
G1 X88.784 Y96.894 E0.03046
G1 X87.992 Y96.706 E0.03046
G1 X87.227 Y96.428 E0.03046
G1 X86.500 Y96.062 E0.03046
G1 X85.820 Y95.615 E0.03046
G1 X85.196 Y95.092 E0.03046
G1 X84.638 Y94.500 E0.03046
G1 X84.152 Y93.847 E0.03046
G1 X83.745 Y93.142 E0.03046
G1 X83.422 Y92.394 E0.03046
G1 X83.189 Y91.614 E0.03046
G1 X83.047 Y90.813 E0.03046
G1 X83.000 Y90.000 E0.03046
G1 X83.047 Y89.187 E0.03046
G1 X83.189 Y88.386 E0.03046
G1 X83.422 Y87.606 E0.03046
G1 X83.745 Y86.858 E0.03046
G1 X84.152 Y86.153 E0.03046
G1 X84.638 Y85.500 E0.03046
G1 X85.196 Y84.908 E0.03046
G1 X85.820 Y84.385 E0.03046
G1 X86.500 Y83.938 E0.03046
G1 X87.227 Y83.572 E0.03046
G1 X87.992 Y83.294 E0.03046
G1 X88.784 Y83.106 E0.03046
G1 X89.593 Y83.012 E0.03046
G1 X90.407 Y83.012 E0.03046
G1 X91.216 Y83.106 E0.03046
G1 X92.008 Y83.294 E0.03046
G1 X92.773 Y83.572 E0.03046
G1 X93.500 Y83.938 E0.03046
G1 X94.180 Y84.385 E0.03046
G1 X94.804 Y84.908 E0.03046
G1 X95.362 Y85.500 E0.03046
G1 X95.848 Y86.153 E0.03046
G1 X96.255 Y86.858 E0.03046
G1 X96.578 Y87.606 E0.03046
G1 X96.811 Y88.386 E0.03046
G1 X96.953 Y89.187 E0.03046
G1 X97.000 Y90.000 E0.03046
G1 E-0.70000 F2100
G1 X83.785 Y88.826 F9000
G1 E0.70000 F1500
;TYPE:Internal infill
G1 F5400
G1 X88.826 Y83.785 E0.26674
G1 X91.789 Y83.933 E0.11101
G1 X83.933 Y91.789 E0.41569
G1 X84.982 Y93.851 E0.08657
G1 X93.851 Y84.982 E0.46929
G1 X95.338 Y86.607 E0.08240
G1 X86.607 Y95.338 E0.46201
G1 X88.838 Y96.217 E0.08975
G1 X96.217 Y88.838 E0.39047
G1 X95.908 Y92.259 E0.12853
G1 X92.259 Y95.908 E0.19305
;LAYER_CHANGE
;Z:4.00
;HEIGHT:0.2
G1 E-0.70000 F2100
G1 Z4.200 F720
G1 X96.550 Y90.000 F9000
G1 Z4.000 F720
G1 E0.70000 F1500
;TYPE:Perimeter
;WIDTH:0.45
G1 F2400
G1 X96.550 Y90.000 E0.00000
G1 X96.500 Y90.805 E0.03018
G1 X96.352 Y91.598 E0.03018
G1 X96.108 Y92.366 E0.03018
G1 X95.771 Y93.099 E0.03018
G1 X95.346 Y93.784 E0.03018
G1 X94.841 Y94.413 E0.03018
G1 X94.262 Y94.974 E0.03018
G1 X93.618 Y95.460 E0.03018
G1 X92.920 Y95.863 E0.03018
G1 X92.177 Y96.178 E0.03018
G1 X91.401 Y96.398 E0.03018
G1 X90.604 Y96.522 E0.03018
G1 X89.798 Y96.547 E0.03018
G1 X88.995 Y96.472 E0.03018
G1 X88.208 Y96.300 E0.03018
G1 X87.447 Y96.032 E0.03018
G1 X86.725 Y95.672 E0.03018
G1 X86.053 Y95.227 E0.03018
G1 X85.440 Y94.702 E0.03018
G1 X84.897 Y94.106 E0.03018
G1 X84.431 Y93.448 E0.03018
G1 X84.050 Y92.738 E0.03018
G1 X83.758 Y91.986 E0.03018
G1 X83.562 Y91.204 E0.03018
G1 X83.462 Y90.403 E0.03018
G1 X83.462 Y89.597 E0.03018
G1 X83.562 Y88.796 E0.03018
G1 X83.758 Y88.014 E0.03018
G1 X84.050 Y87.262 E0.03018
G1 X84.431 Y86.552 E0.03018
G1 X84.897 Y85.894 E0.03018
G1 X85.440 Y85.298 E0.03018
G1 X86.053 Y84.773 E0.03018
G1 X86.725 Y84.328 E0.03018
G1 X87.447 Y83.968 E0.03018
G1 X88.208 Y83.700 E0.03018
G1 X88.995 Y83.528 E0.03018
G1 X89.798 Y83.453 E0.03018
G1 X90.604 Y83.478 E0.03018
G1 X91.401 Y83.602 E0.03018
G1 X92.177 Y83.822 E0.03018
G1 X92.920 Y84.137 E0.03018
G1 X93.618 Y84.540 E0.03018
G1 X94.262 Y85.026 E0.03018
G1 X94.841 Y85.587 E0.03018
G1 X95.346 Y86.216 E0.03018
G1 X95.771 Y86.901 E0.03018
G1 X96.108 Y87.634 E0.03018
G1 X96.352 Y88.402 E0.03018
G1 X96.500 Y89.195 E0.03018
G1 X96.550 Y90.000 E0.03018
G1 E-0.70000 F2100
G1 X97.000 Y90.000 F9000
G1 E0.70000 F1500
;TYPE:External perimeter
G1 F1800
G1 X97.000 Y90.000 E0.00000
G1 X96.953 Y90.813 E0.03046
G1 X96.811 Y91.614 E0.03046
G1 X96.578 Y92.394 E0.03046
G1 X96.255 Y93.142 E0.03046
G1 X95.848 Y93.847 E0.03046
G1 X95.362 Y94.500 E0.03046
G1 X94.804 Y95.092 E0.03046
G1 X94.180 Y95.615 E0.03046
G1 X93.500 Y96.062 E0.03046
G1 X92.773 Y96.428 E0.03046
G1 X92.008 Y96.706 E0.03046
G1 X91.216 Y96.894 E0.03046
G1 X90.407 Y96.988 E0.03046
G1 X89.593 Y96.988 E0.03046
G1 X88.784 Y96.894 E0.03046
G1 X87.992 Y96.706 E0.03046
G1 X87.227 Y96.428 E0.03046
M73 P10 R14
G1 X86.500 Y96.062 E0.03046
G1 X85.820 Y95.615 E0.03046
G1 X85.196 Y95.092 E0.03046
G1 X84.638 Y94.500 E0.03046
G1 X84.152 Y93.847 E0.03046
G1 X83.745 Y93.142 E0.03046
G1 X83.422 Y92.394 E0.03046
G1 X83.189 Y91.614 E0.03046
G1 X83.047 Y90.813 E0.03046
G1 X83.000 Y90.000 E0.03046
G1 X83.047 Y89.187 E0.03046
G1 X83.189 Y88.386 E0.03046
G1 X83.422 Y87.606 E0.03046
G1 X83.745 Y86.858 E0.03046
G1 X84.152 Y86.153 E0.03046
G1 X84.638 Y85.500 E0.03046
G1 X85.196 Y84.908 E0.03046
G1 X85.820 Y84.385 E0.03046
G1 X86.500 Y83.938 E0.03046
G1 X87.227 Y83.572 E0.03046
G1 X87.992 Y83.294 E0.03046
G1 X88.784 Y83.106 E0.03046
G1 X89.593 Y83.012 E0.03046
G1 X90.407 Y83.012 E0.03046
G1 X91.216 Y83.106 E0.03046
G1 X92.008 Y83.294 E0.03046
G1 X92.773 Y83.572 E0.03046
G1 X93.500 Y83.938 E0.03046
G1 X94.180 Y84.385 E0.03046
G1 X94.804 Y84.908 E0.03046
G1 X95.362 Y85.500 E0.03046
G1 X95.848 Y86.153 E0.03046
G1 X96.255 Y86.858 E0.03046
G1 X96.578 Y87.606 E0.03046
G1 X96.811 Y88.386 E0.03046
G1 X96.953 Y89.187 E0.03046
G1 X97.000 Y90.000 E0.03046
G1 E-0.70000 F2100
G1 X91.174 Y83.785 F9000
G1 E0.70000 F1500
;TYPE:Internal infill
G1 F5400
G1 X96.215 Y88.826 E0.26674
G1 X96.067 Y91.789 E0.11101
G1 X88.211 Y83.933 E0.41569
G1 X86.149 Y84.982 E0.08657
G1 X95.018 Y93.851 E0.46929
G1 X93.393 Y95.338 E0.08240
G1 X84.662 Y86.607 E0.46201
G1 X83.783 Y88.838 E0.08975
G1 X91.162 Y96.217 E0.39047
G1 X87.741 Y95.908 E0.12853
G1 X84.092 Y92.259 E0.19305
;LAYER_CHANGE
;Z:4.20
;HEIGHT:0.2
G1 E-0.70000 F2100
G1 Z4.400 F720
G1 X96.550 Y90.000 F9000
G1 Z4.200 F720
G1 E0.70000 F1500
;TYPE:Perimeter
;WIDTH:0.45
G1 F2400
G1 X96.550 Y90.000 E0.00000
G1 X96.500 Y90.805 E0.03018
G1 X96.352 Y91.598 E0.03018
G1 X96.108 Y92.366 E0.03018
G1 X95.771 Y93.099 E0.03018
G1 X95.346 Y93.784 E0.03018
G1 X94.841 Y94.413 E0.03018
G1 X94.262 Y94.974 E0.03018
G1 X93.618 Y95.460 E0.03018
G1 X92.920 Y95.863 E0.03018
G1 X92.177 Y96.178 E0.03018
G1 X91.401 Y96.398 E0.03018
G1 X90.604 Y96.522 E0.03018
G1 X89.798 Y96.547 E0.03018
G1 X88.995 Y96.472 E0.03018
G1 X88.208 Y96.300 E0.03018
G1 X87.447 Y96.032 E0.03018
G1 X86.725 Y95.672 E0.03018
G1 X86.053 Y95.227 E0.03018
G1 X85.440 Y94.702 E0.03018
G1 X84.897 Y94.106 E0.03018
G1 X84.431 Y93.448 E0.03018
G1 X84.050 Y92.738 E0.03018
G1 X83.758 Y91.986 E0.03018
G1 X83.562 Y91.204 E0.03018
G1 X83.462 Y90.403 E0.03018
G1 X83.462 Y89.597 E0.03018
G1 X83.562 Y88.796 E0.03018
G1 X83.758 Y88.014 E0.03018
G1 X84.050 Y87.262 E0.03018
G1 X84.431 Y86.552 E0.03018
G1 X84.897 Y85.894 E0.03018
G1 X85.440 Y85.298 E0.03018
G1 X86.053 Y84.773 E0.03018
G1 X86.725 Y84.328 E0.03018
G1 X87.447 Y83.968 E0.03018
G1 X88.208 Y83.700 E0.03018
G1 X88.995 Y83.528 E0.03018
G1 X89.798 Y83.453 E0.03018
G1 X90.604 Y83.478 E0.03018
G1 X91.401 Y83.602 E0.03018
G1 X92.177 Y83.822 E0.03018
G1 X92.920 Y84.137 E0.03018
G1 X93.618 Y84.540 E0.03018
G1 X94.262 Y85.026 E0.03018
G1 X94.841 Y85.587 E0.03018
G1 X95.346 Y86.216 E0.03018
G1 X95.771 Y86.901 E0.03018
G1 X96.108 Y87.634 E0.03018
G1 X96.352 Y88.402 E0.03018
G1 X96.500 Y89.195 E0.03018
G1 X96.550 Y90.000 E0.03018
G1 E-0.70000 F2100
G1 X97.000 Y90.000 F9000
G1 E0.70000 F1500
;TYPE:External perimeter
G1 F1800
G1 X97.000 Y90.000 E0.00000
G1 X96.953 Y90.813 E0.03046
G1 X96.811 Y91.614 E0.03046
G1 X96.578 Y92.394 E0.03046
G1 X96.255 Y93.142 E0.03046
G1 X95.848 Y93.847 E0.03046
G1 X95.362 Y94.500 E0.03046
G1 X94.804 Y95.092 E0.03046
G1 X94.180 Y95.615 E0.03046
G1 X93.500 Y96.062 E0.03046
G1 X92.773 Y96.428 E0.03046
G1 X92.008 Y96.706 E0.03046
G1 X91.216 Y96.894 E0.03046
G1 X90.407 Y96.988 E0.03046
G1 X89.593 Y96.988 E0.03046
G1 X88.784 Y96.894 E0.03046
G1 X87.992 Y96.706 E0.03046
G1 X87.227 Y96.428 E0.03046
G1 X86.500 Y96.062 E0.03046
G1 X85.820 Y95.615 E0.03046
G1 X85.196 Y95.092 E0.03046
G1 X84.638 Y94.500 E0.03046
G1 X84.152 Y93.847 E0.03046
G1 X83.745 Y93.142 E0.03046
G1 X83.422 Y92.394 E0.03046
G1 X83.189 Y91.614 E0.03046
G1 X83.047 Y90.813 E0.03046
G1 X83.000 Y90.000 E0.03046
G1 X83.047 Y89.187 E0.03046
G1 X83.189 Y88.386 E0.03046
G1 X83.422 Y87.606 E0.03046
G1 X83.745 Y86.858 E0.03046
G1 X84.152 Y86.153 E0.03046
G1 X84.638 Y85.500 E0.03046
G1 X85.196 Y84.908 E0.03046
G1 X85.820 Y84.385 E0.03046
G1 X86.500 Y83.938 E0.03046
G1 X87.227 Y83.572 E0.03046
G1 X87.992 Y83.294 E0.03046
G1 X88.784 Y83.106 E0.03046
G1 X89.593 Y83.012 E0.03046
G1 X90.407 Y83.012 E0.03046
G1 X91.216 Y83.106 E0.03046
G1 X92.008 Y83.294 E0.03046
G1 X92.773 Y83.572 E0.03046
G1 X93.500 Y83.938 E0.03046
G1 X94.180 Y84.385 E0.03046
G1 X94.804 Y84.908 E0.03046
G1 X95.362 Y85.500 E0.03046
G1 X95.848 Y86.153 E0.03046
G1 X96.255 Y86.858 E0.03046
G1 X96.578 Y87.606 E0.03046
G1 X96.811 Y88.386 E0.03046
G1 X96.953 Y89.187 E0.03046
G1 X97.000 Y90.000 E0.03046
G1 E-0.70000 F2100
G1 X83.785 Y88.826 F9000
G1 E0.70000 F1500
;TYPE:Internal infill
G1 F5400
G1 X88.826 Y83.785 E0.26674
G1 X91.789 Y83.933 E0.11101
G1 X83.933 Y91.789 E0.41569
G1 X84.982 Y93.851 E0.08657
G1 X93.851 Y84.982 E0.46929
G1 X95.338 Y86.607 E0.08240
G1 X86.607 Y95.338 E0.46201
G1 X88.838 Y96.217 E0.08975
G1 X96.217 Y88.838 E0.39047
G1 X95.908 Y92.259 E0.12853
G1 X92.259 Y95.908 E0.19305
;LAYER_CHANGE
;Z:4.40
;HEIGHT:0.2
G1 E-0.70000 F2100
G1 Z4.600 F720
G1 X96.550 Y90.000 F9000
G1 Z4.400 F720
G1 E0.70000 F1500
;TYPE:Perimeter
;WIDTH:0.45
G1 F2400
G1 X96.550 Y90.000 E0.00000
G1 X96.500 Y90.805 E0.03018
G1 X96.352 Y91.598 E0.03018
G1 X96.108 Y92.366 E0.03018
G1 X95.771 Y93.099 E0.03018
G1 X95.346 Y93.784 E0.03018
G1 X94.841 Y94.413 E0.03018
G1 X94.262 Y94.974 E0.03018
G1 X93.618 Y95.460 E0.03018
G1 X92.920 Y95.863 E0.03018
G1 X92.177 Y96.178 E0.03018
G1 X91.401 Y96.398 E0.03018
G1 X90.604 Y96.522 E0.03018
G1 X89.798 Y96.547 E0.03018
G1 X88.995 Y96.472 E0.03018
G1 X88.208 Y96.300 E0.03018
G1 X87.447 Y96.032 E0.03018
G1 X86.725 Y95.672 E0.03018
G1 X86.053 Y95.227 E0.03018
G1 X85.440 Y94.702 E0.03018
G1 X84.897 Y94.106 E0.03018
G1 X84.431 Y93.448 E0.03018
G1 X84.050 Y92.738 E0.03018
G1 X83.758 Y91.986 E0.03018
G1 X83.562 Y91.204 E0.03018
G1 X83.462 Y90.403 E0.03018
G1 X83.462 Y89.597 E0.03018
G1 X83.562 Y88.796 E0.03018
G1 X83.758 Y88.014 E0.03018
G1 X84.050 Y87.262 E0.03018
G1 X84.431 Y86.552 E0.03018
G1 X84.897 Y85.894 E0.03018
G1 X85.440 Y85.298 E0.03018
G1 X86.053 Y84.773 E0.03018
G1 X86.725 Y84.328 E0.03018
G1 X87.447 Y83.968 E0.03018
G1 X88.208 Y83.700 E0.03018
G1 X88.995 Y83.528 E0.03018
G1 X89.798 Y83.453 E0.03018
G1 X90.604 Y83.478 E0.03018
G1 X91.401 Y83.602 E0.03018
G1 X92.177 Y83.822 E0.03018
G1 X92.920 Y84.137 E0.03018
G1 X93.618 Y84.540 E0.03018
G1 X94.262 Y85.026 E0.03018
G1 X94.841 Y85.587 E0.03018
G1 X95.346 Y86.216 E0.03018
G1 X95.771 Y86.901 E0.03018
G1 X96.108 Y87.634 E0.03018
G1 X96.352 Y88.402 E0.03018
G1 X96.500 Y89.195 E0.03018
G1 X96.550 Y90.000 E0.03018
G1 E-0.70000 F2100
G1 X97.000 Y90.000 F9000
G1 E0.70000 F1500
;TYPE:External perimeter
G1 F1800
G1 X97.000 Y90.000 E0.00000
G1 X96.953 Y90.813 E0.03046
G1 X96.811 Y91.614 E0.03046
G1 X96.578 Y92.394 E0.03046
G1 X96.255 Y93.142 E0.03046
G1 X95.848 Y93.847 E0.03046
G1 X95.362 Y94.500 E0.03046
G1 X94.804 Y95.092 E0.03046
G1 X94.180 Y95.615 E0.03046
G1 X93.500 Y96.062 E0.03046
G1 X92.773 Y96.428 E0.03046
G1 X92.008 Y96.706 E0.03046
G1 X91.216 Y96.894 E0.03046
G1 X90.407 Y96.988 E0.03046
G1 X89.593 Y96.988 E0.03046
G1 X88.784 Y96.894 E0.03046
G1 X87.992 Y96.706 E0.03046
G1 X87.227 Y96.428 E0.03046
G1 X86.500 Y96.062 E0.03046
G1 X85.820 Y95.615 E0.03046
G1 X85.196 Y95.092 E0.03046
G1 X84.638 Y94.500 E0.03046
G1 X84.152 Y93.847 E0.03046
G1 X83.745 Y93.142 E0.03046
G1 X83.422 Y92.394 E0.03046
G1 X83.189 Y91.614 E0.03046
G1 X83.047 Y90.813 E0.03046
G1 X83.000 Y90.000 E0.03046
G1 X83.047 Y89.187 E0.03046
G1 X83.189 Y88.386 E0.03046
G1 X83.422 Y87.606 E0.03046
G1 X83.745 Y86.858 E0.03046
G1 X84.152 Y86.153 E0.03046
G1 X84.638 Y85.500 E0.03046
G1 X85.196 Y84.908 E0.03046
G1 X85.820 Y84.385 E0.03046
G1 X86.500 Y83.938 E0.03046
G1 X87.227 Y83.572 E0.03046
G1 X87.992 Y83.294 E0.03046
G1 X88.784 Y83.106 E0.03046
G1 X89.593 Y83.012 E0.03046
G1 X90.407 Y83.012 E0.03046
G1 X91.216 Y83.106 E0.03046
G1 X92.008 Y83.294 E0.03046
G1 X92.773 Y83.572 E0.03046
G1 X93.500 Y83.938 E0.03046
G1 X94.180 Y84.385 E0.03046
G1 X94.804 Y84.908 E0.03046
G1 X95.362 Y85.500 E0.03046
G1 X95.848 Y86.153 E0.03046
G1 X96.255 Y86.858 E0.03046
G1 X96.578 Y87.606 E0.03046
G1 X96.811 Y88.386 E0.03046
G1 X96.953 Y89.187 E0.03046
G1 X97.000 Y90.000 E0.03046
G1 E-0.70000 F2100
G1 X91.174 Y83.785 F9000
M73 P11 R14
G1 E0.70000 F1500
;TYPE:Internal infill
G1 F5400
G1 X96.215 Y88.826 E0.26674
G1 X96.067 Y91.789 E0.11101
G1 X88.211 Y83.933 E0.41569
G1 X86.149 Y84.982 E0.08657
G1 X95.018 Y93.851 E0.46929
G1 X93.393 Y95.338 E0.08240
G1 X84.662 Y86.607 E0.46201
G1 X83.783 Y88.838 E0.08975
G1 X91.162 Y96.217 E0.39047
G1 X87.741 Y95.908 E0.12853
G1 X84.092 Y92.259 E0.19305
;LAYER_CHANGE
;Z:4.60
;HEIGHT:0.2
G1 E-0.70000 F2100
G1 Z4.800 F720
G1 X96.550 Y90.000 F9000
G1 Z4.600 F720
G1 E0.70000 F1500
;TYPE:Perimeter
;WIDTH:0.45
G1 F2400
G1 X96.550 Y90.000 E0.00000
G1 X96.500 Y90.805 E0.03018
G1 X96.352 Y91.598 E0.03018
G1 X96.108 Y92.366 E0.03018
G1 X95.771 Y93.099 E0.03018
G1 X95.346 Y93.784 E0.03018
G1 X94.841 Y94.413 E0.03018
G1 X94.262 Y94.974 E0.03018
G1 X93.618 Y95.460 E0.03018
G1 X92.920 Y95.863 E0.03018
G1 X92.177 Y96.178 E0.03018
G1 X91.401 Y96.398 E0.03018
G1 X90.604 Y96.522 E0.03018
G1 X89.798 Y96.547 E0.03018
G1 X88.995 Y96.472 E0.03018
G1 X88.208 Y96.300 E0.03018
G1 X87.447 Y96.032 E0.03018
G1 X86.725 Y95.672 E0.03018
G1 X86.053 Y95.227 E0.03018
G1 X85.440 Y94.702 E0.03018
G1 X84.897 Y94.106 E0.03018
G1 X84.431 Y93.448 E0.03018
G1 X84.050 Y92.738 E0.03018
G1 X83.758 Y91.986 E0.03018
G1 X83.562 Y91.204 E0.03018
G1 X83.462 Y90.403 E0.03018
G1 X83.462 Y89.597 E0.03018
G1 X83.562 Y88.796 E0.03018
G1 X83.758 Y88.014 E0.03018
G1 X84.050 Y87.262 E0.03018
G1 X84.431 Y86.552 E0.03018
G1 X84.897 Y85.894 E0.03018
G1 X85.440 Y85.298 E0.03018
G1 X86.053 Y84.773 E0.03018
G1 X86.725 Y84.328 E0.03018
G1 X87.447 Y83.968 E0.03018
G1 X88.208 Y83.700 E0.03018
G1 X88.995 Y83.528 E0.03018
G1 X89.798 Y83.453 E0.03018
G1 X90.604 Y83.478 E0.03018
G1 X91.401 Y83.602 E0.03018
G1 X92.177 Y83.822 E0.03018
G1 X92.920 Y84.137 E0.03018
G1 X93.618 Y84.540 E0.03018
G1 X94.262 Y85.026 E0.03018
G1 X94.841 Y85.587 E0.03018
G1 X95.346 Y86.216 E0.03018
G1 X95.771 Y86.901 E0.03018
G1 X96.108 Y87.634 E0.03018
G1 X96.352 Y88.402 E0.03018
G1 X96.500 Y89.195 E0.03018
G1 X96.550 Y90.000 E0.03018
G1 E-0.70000 F2100
G1 X97.000 Y90.000 F9000
G1 E0.70000 F1500
;TYPE:External perimeter
G1 F1800
G1 X97.000 Y90.000 E0.00000
G1 X96.953 Y90.813 E0.03046
G1 X96.811 Y91.614 E0.03046
G1 X96.578 Y92.394 E0.03046
G1 X96.255 Y93.142 E0.03046
G1 X95.848 Y93.847 E0.03046
G1 X95.362 Y94.500 E0.03046
G1 X94.804 Y95.092 E0.03046
G1 X94.180 Y95.615 E0.03046
G1 X93.500 Y96.062 E0.03046
G1 X92.773 Y96.428 E0.03046
G1 X92.008 Y96.706 E0.03046
G1 X91.216 Y96.894 E0.03046
G1 X90.407 Y96.988 E0.03046
G1 X89.593 Y96.988 E0.03046
G1 X88.784 Y96.894 E0.03046
G1 X87.992 Y96.706 E0.03046
G1 X87.227 Y96.428 E0.03046
G1 X86.500 Y96.062 E0.03046
G1 X85.820 Y95.615 E0.03046
G1 X85.196 Y95.092 E0.03046
G1 X84.638 Y94.500 E0.03046
G1 X84.152 Y93.847 E0.03046
G1 X83.745 Y93.142 E0.03046
G1 X83.422 Y92.394 E0.03046
G1 X83.189 Y91.614 E0.03046
G1 X83.047 Y90.813 E0.03046
G1 X83.000 Y90.000 E0.03046
G1 X83.047 Y89.187 E0.03046
G1 X83.189 Y88.386 E0.03046
G1 X83.422 Y87.606 E0.03046
G1 X83.745 Y86.858 E0.03046
G1 X84.152 Y86.153 E0.03046
G1 X84.638 Y85.500 E0.03046
G1 X85.196 Y84.908 E0.03046
G1 X85.820 Y84.385 E0.03046
G1 X86.500 Y83.938 E0.03046
G1 X87.227 Y83.572 E0.03046
G1 X87.992 Y83.294 E0.03046
G1 X88.784 Y83.106 E0.03046
G1 X89.593 Y83.012 E0.03046
G1 X90.407 Y83.012 E0.03046
G1 X91.216 Y83.106 E0.03046
G1 X92.008 Y83.294 E0.03046
G1 X92.773 Y83.572 E0.03046
G1 X93.500 Y83.938 E0.03046
G1 X94.180 Y84.385 E0.03046
G1 X94.804 Y84.908 E0.03046
G1 X95.362 Y85.500 E0.03046
G1 X95.848 Y86.153 E0.03046
G1 X96.255 Y86.858 E0.03046
G1 X96.578 Y87.606 E0.03046
G1 X96.811 Y88.386 E0.03046
G1 X96.953 Y89.187 E0.03046
G1 X97.000 Y90.000 E0.03046
G1 E-0.70000 F2100
G1 X83.785 Y88.826 F9000
G1 E0.70000 F1500
;TYPE:Internal infill
G1 F5400
G1 X88.826 Y83.785 E0.26674
G1 X91.789 Y83.933 E0.11101
G1 X83.933 Y91.789 E0.41569
G1 X84.982 Y93.851 E0.08657
G1 X93.851 Y84.982 E0.46929
G1 X95.338 Y86.607 E0.08240
G1 X86.607 Y95.338 E0.46201
G1 X88.838 Y96.217 E0.08975
G1 X96.217 Y88.838 E0.39047
G1 X95.908 Y92.259 E0.12853
G1 X92.259 Y95.908 E0.19305
;LAYER_CHANGE
;Z:4.80
;HEIGHT:0.2
G1 E-0.70000 F2100
G1 Z5.000 F720
G1 X96.550 Y90.000 F9000
G1 Z4.800 F720
G1 E0.70000 F1500
;TYPE:Perimeter
;WIDTH:0.45
G1 F2400
G1 X96.550 Y90.000 E0.00000
G1 X96.500 Y90.805 E0.03018
G1 X96.352 Y91.598 E0.03018
G1 X96.108 Y92.366 E0.03018
G1 X95.771 Y93.099 E0.03018
G1 X95.346 Y93.784 E0.03018
G1 X94.841 Y94.413 E0.03018
G1 X94.262 Y94.974 E0.03018
G1 X93.618 Y95.460 E0.03018
G1 X92.920 Y95.863 E0.03018
G1 X92.177 Y96.178 E0.03018
G1 X91.401 Y96.398 E0.03018
G1 X90.604 Y96.522 E0.03018
G1 X89.798 Y96.547 E0.03018
G1 X88.995 Y96.472 E0.03018
G1 X88.208 Y96.300 E0.03018
G1 X87.447 Y96.032 E0.03018
G1 X86.725 Y95.672 E0.03018
G1 X86.053 Y95.227 E0.03018
G1 X85.440 Y94.702 E0.03018
G1 X84.897 Y94.106 E0.03018
G1 X84.431 Y93.448 E0.03018
G1 X84.050 Y92.738 E0.03018
G1 X83.758 Y91.986 E0.03018
G1 X83.562 Y91.204 E0.03018
G1 X83.462 Y90.403 E0.03018
G1 X83.462 Y89.597 E0.03018
G1 X83.562 Y88.796 E0.03018
G1 X83.758 Y88.014 E0.03018
G1 X84.050 Y87.262 E0.03018
G1 X84.431 Y86.552 E0.03018
G1 X84.897 Y85.894 E0.03018
G1 X85.440 Y85.298 E0.03018
G1 X86.053 Y84.773 E0.03018
G1 X86.725 Y84.328 E0.03018
G1 X87.447 Y83.968 E0.03018
G1 X88.208 Y83.700 E0.03018
G1 X88.995 Y83.528 E0.03018
G1 X89.798 Y83.453 E0.03018
G1 X90.604 Y83.478 E0.03018
G1 X91.401 Y83.602 E0.03018
G1 X92.177 Y83.822 E0.03018
G1 X92.920 Y84.137 E0.03018
G1 X93.618 Y84.540 E0.03018
G1 X94.262 Y85.026 E0.03018
G1 X94.841 Y85.587 E0.03018
G1 X95.346 Y86.216 E0.03018
G1 X95.771 Y86.901 E0.03018
G1 X96.108 Y87.634 E0.03018
G1 X96.352 Y88.402 E0.03018
G1 X96.500 Y89.195 E0.03018
G1 X96.550 Y90.000 E0.03018
G1 E-0.70000 F2100
G1 X97.000 Y90.000 F9000
G1 E0.70000 F1500
;TYPE:External perimeter
G1 F1800
G1 X97.000 Y90.000 E0.00000
G1 X96.953 Y90.813 E0.03046
G1 X96.811 Y91.614 E0.03046
G1 X96.578 Y92.394 E0.03046
G1 X96.255 Y93.142 E0.03046
G1 X95.848 Y93.847 E0.03046
G1 X95.362 Y94.500 E0.03046
G1 X94.804 Y95.092 E0.03046
G1 X94.180 Y95.615 E0.03046
G1 X93.500 Y96.062 E0.03046
G1 X92.773 Y96.428 E0.03046
G1 X92.008 Y96.706 E0.03046
G1 X91.216 Y96.894 E0.03046
G1 X90.407 Y96.988 E0.03046
G1 X89.593 Y96.988 E0.03046
G1 X88.784 Y96.894 E0.03046
G1 X87.992 Y96.706 E0.03046
G1 X87.227 Y96.428 E0.03046
G1 X86.500 Y96.062 E0.03046
G1 X85.820 Y95.615 E0.03046
G1 X85.196 Y95.092 E0.03046
G1 X84.638 Y94.500 E0.03046
G1 X84.152 Y93.847 E0.03046
G1 X83.745 Y93.142 E0.03046
G1 X83.422 Y92.394 E0.03046
G1 X83.189 Y91.614 E0.03046
G1 X83.047 Y90.813 E0.03046
G1 X83.000 Y90.000 E0.03046
G1 X83.047 Y89.187 E0.03046
G1 X83.189 Y88.386 E0.03046
G1 X83.422 Y87.606 E0.03046
G1 X83.745 Y86.858 E0.03046
G1 X84.152 Y86.153 E0.03046
G1 X84.638 Y85.500 E0.03046
G1 X85.196 Y84.908 E0.03046
G1 X85.820 Y84.385 E0.03046
G1 X86.500 Y83.938 E0.03046
G1 X87.227 Y83.572 E0.03046
G1 X87.992 Y83.294 E0.03046
G1 X88.784 Y83.106 E0.03046
G1 X89.593 Y83.012 E0.03046
G1 X90.407 Y83.012 E0.03046
G1 X91.216 Y83.106 E0.03046
G1 X92.008 Y83.294 E0.03046
G1 X92.773 Y83.572 E0.03046
G1 X93.500 Y83.938 E0.03046
G1 X94.180 Y84.385 E0.03046
G1 X94.804 Y84.908 E0.03046
G1 X95.362 Y85.500 E0.03046
G1 X95.848 Y86.153 E0.03046
G1 X96.255 Y86.858 E0.03046
G1 X96.578 Y87.606 E0.03046
G1 X96.811 Y88.386 E0.03046
G1 X96.953 Y89.187 E0.03046
G1 X97.000 Y90.000 E0.03046
G1 E-0.70000 F2100
G1 X91.174 Y83.785 F9000
G1 E0.70000 F1500
;TYPE:Internal infill
G1 F5400
G1 X96.215 Y88.826 E0.26674
G1 X96.067 Y91.789 E0.11101
G1 X88.211 Y83.933 E0.41569
G1 X86.149 Y84.982 E0.08657
G1 X95.018 Y93.851 E0.46929
G1 X93.393 Y95.338 E0.08240
G1 X84.662 Y86.607 E0.46201
G1 X83.783 Y88.838 E0.08975
G1 X91.162 Y96.217 E0.39047
G1 X87.741 Y95.908 E0.12853
G1 X84.092 Y92.259 E0.19305
;LAYER_CHANGE
;Z:5.00
;HEIGHT:0.2
G1 E-0.70000 F2100
G1 Z5.200 F720
G1 X96.550 Y90.000 F9000
G1 Z5.000 F720
G1 E0.70000 F1500
;TYPE:Perimeter
;WIDTH:0.45
G1 F2400
G1 X96.550 Y90.000 E0.00000
G1 X96.500 Y90.805 E0.03018
G1 X96.352 Y91.598 E0.03018
G1 X96.108 Y92.366 E0.03018
G1 X95.771 Y93.099 E0.03018
M73 P12 R14
G1 X95.346 Y93.784 E0.03018
G1 X94.841 Y94.413 E0.03018
G1 X94.262 Y94.974 E0.03018
G1 X93.618 Y95.460 E0.03018
G1 X92.920 Y95.863 E0.03018
G1 X92.177 Y96.178 E0.03018
G1 X91.401 Y96.398 E0.03018
G1 X90.604 Y96.522 E0.03018
G1 X89.798 Y96.547 E0.03018
G1 X88.995 Y96.472 E0.03018
G1 X88.208 Y96.300 E0.03018
G1 X87.447 Y96.032 E0.03018
G1 X86.725 Y95.672 E0.03018
G1 X86.053 Y95.227 E0.03018
G1 X85.440 Y94.702 E0.03018
G1 X84.897 Y94.106 E0.03018
G1 X84.431 Y93.448 E0.03018
G1 X84.050 Y92.738 E0.03018
G1 X83.758 Y91.986 E0.03018
G1 X83.562 Y91.204 E0.03018
G1 X83.462 Y90.403 E0.03018
G1 X83.462 Y89.597 E0.03018
G1 X83.562 Y88.796 E0.03018
G1 X83.758 Y88.014 E0.03018
G1 X84.050 Y87.262 E0.03018
G1 X84.431 Y86.552 E0.03018
G1 X84.897 Y85.894 E0.03018
G1 X85.440 Y85.298 E0.03018
G1 X86.053 Y84.773 E0.03018
G1 X86.725 Y84.328 E0.03018
G1 X87.447 Y83.968 E0.03018
G1 X88.208 Y83.700 E0.03018
G1 X88.995 Y83.528 E0.03018
G1 X89.798 Y83.453 E0.03018
G1 X90.604 Y83.478 E0.03018
G1 X91.401 Y83.602 E0.03018
G1 X92.177 Y83.822 E0.03018
G1 X92.920 Y84.137 E0.03018
G1 X93.618 Y84.540 E0.03018
G1 X94.262 Y85.026 E0.03018
G1 X94.841 Y85.587 E0.03018
G1 X95.346 Y86.216 E0.03018
G1 X95.771 Y86.901 E0.03018
G1 X96.108 Y87.634 E0.03018
G1 X96.352 Y88.402 E0.03018
G1 X96.500 Y89.195 E0.03018
G1 X96.550 Y90.000 E0.03018
G1 E-0.70000 F2100
G1 X97.000 Y90.000 F9000
G1 E0.70000 F1500
;TYPE:External perimeter
G1 F1800
G1 X97.000 Y90.000 E0.00000
G1 X96.953 Y90.813 E0.03046
G1 X96.811 Y91.614 E0.03046
G1 X96.578 Y92.394 E0.03046
G1 X96.255 Y93.142 E0.03046
G1 X95.848 Y93.847 E0.03046
G1 X95.362 Y94.500 E0.03046
G1 X94.804 Y95.092 E0.03046
G1 X94.180 Y95.615 E0.03046
G1 X93.500 Y96.062 E0.03046
G1 X92.773 Y96.428 E0.03046
G1 X92.008 Y96.706 E0.03046
G1 X91.216 Y96.894 E0.03046
G1 X90.407 Y96.988 E0.03046
G1 X89.593 Y96.988 E0.03046
G1 X88.784 Y96.894 E0.03046
G1 X87.992 Y96.706 E0.03046
G1 X87.227 Y96.428 E0.03046
G1 X86.500 Y96.062 E0.03046
G1 X85.820 Y95.615 E0.03046
G1 X85.196 Y95.092 E0.03046
G1 X84.638 Y94.500 E0.03046
G1 X84.152 Y93.847 E0.03046
G1 X83.745 Y93.142 E0.03046
G1 X83.422 Y92.394 E0.03046
G1 X83.189 Y91.614 E0.03046
G1 X83.047 Y90.813 E0.03046
G1 X83.000 Y90.000 E0.03046
G1 X83.047 Y89.187 E0.03046
G1 X83.189 Y88.386 E0.03046
G1 X83.422 Y87.606 E0.03046
G1 X83.745 Y86.858 E0.03046
G1 X84.152 Y86.153 E0.03046
G1 X84.638 Y85.500 E0.03046
G1 X85.196 Y84.908 E0.03046
G1 X85.820 Y84.385 E0.03046
G1 X86.500 Y83.938 E0.03046
G1 X87.227 Y83.572 E0.03046
G1 X87.992 Y83.294 E0.03046
G1 X88.784 Y83.106 E0.03046
G1 X89.593 Y83.012 E0.03046
G1 X90.407 Y83.012 E0.03046
G1 X91.216 Y83.106 E0.03046
G1 X92.008 Y83.294 E0.03046
G1 X92.773 Y83.572 E0.03046
G1 X93.500 Y83.938 E0.03046
G1 X94.180 Y84.385 E0.03046
G1 X94.804 Y84.908 E0.03046
G1 X95.362 Y85.500 E0.03046
G1 X95.848 Y86.153 E0.03046
G1 X96.255 Y86.858 E0.03046
G1 X96.578 Y87.606 E0.03046
G1 X96.811 Y88.386 E0.03046
G1 X96.953 Y89.187 E0.03046
G1 X97.000 Y90.000 E0.03046
G1 E-0.70000 F2100
G1 X83.785 Y88.826 F9000
G1 E0.70000 F1500
;TYPE:Internal infill
G1 F5400
G1 X88.826 Y83.785 E0.26674
G1 X91.789 Y83.933 E0.11101
G1 X83.933 Y91.789 E0.41569
G1 X84.982 Y93.851 E0.08657
G1 X93.851 Y84.982 E0.46929
G1 X95.338 Y86.607 E0.08240
G1 X86.607 Y95.338 E0.46201
G1 X88.838 Y96.217 E0.08975
G1 X96.217 Y88.838 E0.39047
G1 X95.908 Y92.259 E0.12853
G1 X92.259 Y95.908 E0.19305
;LAYER_CHANGE
;Z:5.20
;HEIGHT:0.2
G1 E-0.70000 F2100
G1 Z5.400 F720
G1 X96.550 Y90.000 F9000
G1 Z5.200 F720
G1 E0.70000 F1500
;TYPE:Perimeter
;WIDTH:0.45
G1 F2400
G1 X96.550 Y90.000 E0.00000
G1 X96.500 Y90.805 E0.03018
G1 X96.352 Y91.598 E0.03018
G1 X96.108 Y92.366 E0.03018
G1 X95.771 Y93.099 E0.03018
G1 X95.346 Y93.784 E0.03018
G1 X94.841 Y94.413 E0.03018
G1 X94.262 Y94.974 E0.03018
G1 X93.618 Y95.460 E0.03018
G1 X92.920 Y95.863 E0.03018
G1 X92.177 Y96.178 E0.03018
G1 X91.401 Y96.398 E0.03018
G1 X90.604 Y96.522 E0.03018
G1 X89.798 Y96.547 E0.03018
G1 X88.995 Y96.472 E0.03018
G1 X88.208 Y96.300 E0.03018
G1 X87.447 Y96.032 E0.03018
G1 X86.725 Y95.672 E0.03018
G1 X86.053 Y95.227 E0.03018
G1 X85.440 Y94.702 E0.03018
G1 X84.897 Y94.106 E0.03018
G1 X84.431 Y93.448 E0.03018
G1 X84.050 Y92.738 E0.03018
G1 X83.758 Y91.986 E0.03018
G1 X83.562 Y91.204 E0.03018
G1 X83.462 Y90.403 E0.03018
G1 X83.462 Y89.597 E0.03018
G1 X83.562 Y88.796 E0.03018
G1 X83.758 Y88.014 E0.03018
G1 X84.050 Y87.262 E0.03018
G1 X84.431 Y86.552 E0.03018
G1 X84.897 Y85.894 E0.03018
G1 X85.440 Y85.298 E0.03018
G1 X86.053 Y84.773 E0.03018
G1 X86.725 Y84.328 E0.03018
G1 X87.447 Y83.968 E0.03018
G1 X88.208 Y83.700 E0.03018
G1 X88.995 Y83.528 E0.03018
G1 X89.798 Y83.453 E0.03018
G1 X90.604 Y83.478 E0.03018
G1 X91.401 Y83.602 E0.03018
G1 X92.177 Y83.822 E0.03018
G1 X92.920 Y84.137 E0.03018
G1 X93.618 Y84.540 E0.03018
G1 X94.262 Y85.026 E0.03018
G1 X94.841 Y85.587 E0.03018
G1 X95.346 Y86.216 E0.03018
G1 X95.771 Y86.901 E0.03018
G1 X96.108 Y87.634 E0.03018
G1 X96.352 Y88.402 E0.03018
G1 X96.500 Y89.195 E0.03018
G1 X96.550 Y90.000 E0.03018
G1 E-0.70000 F2100
G1 X97.000 Y90.000 F9000
G1 E0.70000 F1500
;TYPE:External perimeter
G1 F1800
G1 X97.000 Y90.000 E0.00000
G1 X96.953 Y90.813 E0.03046
G1 X96.811 Y91.614 E0.03046
G1 X96.578 Y92.394 E0.03046
G1 X96.255 Y93.142 E0.03046
G1 X95.848 Y93.847 E0.03046
G1 X95.362 Y94.500 E0.03046
G1 X94.804 Y95.092 E0.03046
G1 X94.180 Y95.615 E0.03046
G1 X93.500 Y96.062 E0.03046
G1 X92.773 Y96.428 E0.03046
G1 X92.008 Y96.706 E0.03046
G1 X91.216 Y96.894 E0.03046
G1 X90.407 Y96.988 E0.03046
G1 X89.593 Y96.988 E0.03046
G1 X88.784 Y96.894 E0.03046
G1 X87.992 Y96.706 E0.03046
G1 X87.227 Y96.428 E0.03046
G1 X86.500 Y96.062 E0.03046
G1 X85.820 Y95.615 E0.03046
G1 X85.196 Y95.092 E0.03046
G1 X84.638 Y94.500 E0.03046
G1 X84.152 Y93.847 E0.03046
G1 X83.745 Y93.142 E0.03046
G1 X83.422 Y92.394 E0.03046
G1 X83.189 Y91.614 E0.03046
G1 X83.047 Y90.813 E0.03046
G1 X83.000 Y90.000 E0.03046
G1 X83.047 Y89.187 E0.03046
G1 X83.189 Y88.386 E0.03046
G1 X83.422 Y87.606 E0.03046
G1 X83.745 Y86.858 E0.03046
G1 X84.152 Y86.153 E0.03046
G1 X84.638 Y85.500 E0.03046
G1 X85.196 Y84.908 E0.03046
G1 X85.820 Y84.385 E0.03046
G1 X86.500 Y83.938 E0.03046
G1 X87.227 Y83.572 E0.03046
G1 X87.992 Y83.294 E0.03046
G1 X88.784 Y83.106 E0.03046
G1 X89.593 Y83.012 E0.03046
G1 X90.407 Y83.012 E0.03046
G1 X91.216 Y83.106 E0.03046
G1 X92.008 Y83.294 E0.03046
G1 X92.773 Y83.572 E0.03046
G1 X93.500 Y83.938 E0.03046
G1 X94.180 Y84.385 E0.03046
G1 X94.804 Y84.908 E0.03046
G1 X95.362 Y85.500 E0.03046
G1 X95.848 Y86.153 E0.03046
G1 X96.255 Y86.858 E0.03046
G1 X96.578 Y87.606 E0.03046
G1 X96.811 Y88.386 E0.03046
G1 X96.953 Y89.187 E0.03046
G1 X97.000 Y90.000 E0.03046
G1 E-0.70000 F2100
G1 X91.174 Y83.785 F9000
G1 E0.70000 F1500
;TYPE:Internal infill
G1 F5400
G1 X96.215 Y88.826 E0.26674
G1 X96.067 Y91.789 E0.11101
G1 X88.211 Y83.933 E0.41569
G1 X86.149 Y84.982 E0.08657
G1 X95.018 Y93.851 E0.46929
G1 X93.393 Y95.338 E0.08240
G1 X84.662 Y86.607 E0.46201
G1 X83.783 Y88.838 E0.08975
G1 X91.162 Y96.217 E0.39047
G1 X87.741 Y95.908 E0.12853
G1 X84.092 Y92.259 E0.19305
;LAYER_CHANGE
;Z:5.40
;HEIGHT:0.2
G1 E-0.70000 F2100
G1 Z5.600 F720
G1 X96.550 Y90.000 F9000
G1 Z5.400 F720
G1 E0.70000 F1500
;TYPE:Perimeter
;WIDTH:0.45
G1 F2400
G1 X96.550 Y90.000 E0.00000
G1 X96.500 Y90.805 E0.03018
G1 X96.352 Y91.598 E0.03018
G1 X96.108 Y92.366 E0.03018
G1 X95.771 Y93.099 E0.03018
G1 X95.346 Y93.784 E0.03018
G1 X94.841 Y94.413 E0.03018
G1 X94.262 Y94.974 E0.03018
G1 X93.618 Y95.460 E0.03018
G1 X92.920 Y95.863 E0.03018
G1 X92.177 Y96.178 E0.03018
G1 X91.401 Y96.398 E0.03018
G1 X90.604 Y96.522 E0.03018
G1 X89.798 Y96.547 E0.03018
G1 X88.995 Y96.472 E0.03018
G1 X88.208 Y96.300 E0.03018
G1 X87.447 Y96.032 E0.03018
G1 X86.725 Y95.672 E0.03018
G1 X86.053 Y95.227 E0.03018
G1 X85.440 Y94.702 E0.03018
G1 X84.897 Y94.106 E0.03018
G1 X84.431 Y93.448 E0.03018
G1 X84.050 Y92.738 E0.03018
G1 X83.758 Y91.986 E0.03018
G1 X83.562 Y91.204 E0.03018
G1 X83.462 Y90.403 E0.03018
G1 X83.462 Y89.597 E0.03018
G1 X83.562 Y88.796 E0.03018
G1 X83.758 Y88.014 E0.03018
G1 X84.050 Y87.262 E0.03018
G1 X84.431 Y86.552 E0.03018
G1 X84.897 Y85.894 E0.03018
G1 X85.440 Y85.298 E0.03018
G1 X86.053 Y84.773 E0.03018
G1 X86.725 Y84.328 E0.03018
G1 X87.447 Y83.968 E0.03018
G1 X88.208 Y83.700 E0.03018
G1 X88.995 Y83.528 E0.03018
G1 X89.798 Y83.453 E0.03018
G1 X90.604 Y83.478 E0.03018
G1 X91.401 Y83.602 E0.03018
G1 X92.177 Y83.822 E0.03018
G1 X92.920 Y84.137 E0.03018
G1 X93.618 Y84.540 E0.03018
G1 X94.262 Y85.026 E0.03018
G1 X94.841 Y85.587 E0.03018
G1 X95.346 Y86.216 E0.03018
G1 X95.771 Y86.901 E0.03018
G1 X96.108 Y87.634 E0.03018
G1 X96.352 Y88.402 E0.03018
G1 X96.500 Y89.195 E0.03018
G1 X96.550 Y90.000 E0.03018
G1 E-0.70000 F2100
G1 X97.000 Y90.000 F9000
G1 E0.70000 F1500
;TYPE:External perimeter
G1 F1800
G1 X97.000 Y90.000 E0.00000
G1 X96.953 Y90.813 E0.03046
G1 X96.811 Y91.614 E0.03046
M73 P13 R13
G1 X96.578 Y92.394 E0.03046
G1 X96.255 Y93.142 E0.03046
G1 X95.848 Y93.847 E0.03046
G1 X95.362 Y94.500 E0.03046
G1 X94.804 Y95.092 E0.03046
G1 X94.180 Y95.615 E0.03046
G1 X93.500 Y96.062 E0.03046
G1 X92.773 Y96.428 E0.03046
G1 X92.008 Y96.706 E0.03046
G1 X91.216 Y96.894 E0.03046
G1 X90.407 Y96.988 E0.03046
G1 X89.593 Y96.988 E0.03046
G1 X88.784 Y96.894 E0.03046
G1 X87.992 Y96.706 E0.03046
G1 X87.227 Y96.428 E0.03046
G1 X86.500 Y96.062 E0.03046
G1 X85.820 Y95.615 E0.03046
G1 X85.196 Y95.092 E0.03046
G1 X84.638 Y94.500 E0.03046
G1 X84.152 Y93.847 E0.03046
G1 X83.745 Y93.142 E0.03046
G1 X83.422 Y92.394 E0.03046
G1 X83.189 Y91.614 E0.03046
G1 X83.047 Y90.813 E0.03046
G1 X83.000 Y90.000 E0.03046
G1 X83.047 Y89.187 E0.03046
G1 X83.189 Y88.386 E0.03046
G1 X83.422 Y87.606 E0.03046
G1 X83.745 Y86.858 E0.03046
G1 X84.152 Y86.153 E0.03046
G1 X84.638 Y85.500 E0.03046
G1 X85.196 Y84.908 E0.03046
G1 X85.820 Y84.385 E0.03046
G1 X86.500 Y83.938 E0.03046
G1 X87.227 Y83.572 E0.03046
G1 X87.992 Y83.294 E0.03046
G1 X88.784 Y83.106 E0.03046
G1 X89.593 Y83.012 E0.03046
G1 X90.407 Y83.012 E0.03046
G1 X91.216 Y83.106 E0.03046
G1 X92.008 Y83.294 E0.03046
G1 X92.773 Y83.572 E0.03046
G1 X93.500 Y83.938 E0.03046
G1 X94.180 Y84.385 E0.03046
G1 X94.804 Y84.908 E0.03046
G1 X95.362 Y85.500 E0.03046
G1 X95.848 Y86.153 E0.03046
G1 X96.255 Y86.858 E0.03046
G1 X96.578 Y87.606 E0.03046
G1 X96.811 Y88.386 E0.03046
G1 X96.953 Y89.187 E0.03046
G1 X97.000 Y90.000 E0.03046
G1 E-0.70000 F2100
G1 X83.785 Y88.826 F9000
G1 E0.70000 F1500
;TYPE:Internal infill
G1 F5400
G1 X88.826 Y83.785 E0.26674
G1 X91.789 Y83.933 E0.11101
G1 X83.933 Y91.789 E0.41569
G1 X84.982 Y93.851 E0.08657
G1 X93.851 Y84.982 E0.46929
G1 X95.338 Y86.607 E0.08240
G1 X86.607 Y95.338 E0.46201
G1 X88.838 Y96.217 E0.08975
G1 X96.217 Y88.838 E0.39047
G1 X95.908 Y92.259 E0.12853
G1 X92.259 Y95.908 E0.19305
;LAYER_CHANGE
;Z:5.60
;HEIGHT:0.2
G1 E-0.70000 F2100
G1 Z5.800 F720
G1 X96.550 Y90.000 F9000
G1 Z5.600 F720
G1 E0.70000 F1500
;TYPE:Perimeter
;WIDTH:0.45
G1 F2400
G1 X96.550 Y90.000 E0.00000
G1 X96.500 Y90.805 E0.03018
G1 X96.352 Y91.598 E0.03018
G1 X96.108 Y92.366 E0.03018
G1 X95.771 Y93.099 E0.03018
G1 X95.346 Y93.784 E0.03018
G1 X94.841 Y94.413 E0.03018
G1 X94.262 Y94.974 E0.03018
G1 X93.618 Y95.460 E0.03018
G1 X92.920 Y95.863 E0.03018
G1 X92.177 Y96.178 E0.03018
G1 X91.401 Y96.398 E0.03018
G1 X90.604 Y96.522 E0.03018
G1 X89.798 Y96.547 E0.03018
G1 X88.995 Y96.472 E0.03018
G1 X88.208 Y96.300 E0.03018
G1 X87.447 Y96.032 E0.03018
G1 X86.725 Y95.672 E0.03018
G1 X86.053 Y95.227 E0.03018
G1 X85.440 Y94.702 E0.03018
G1 X84.897 Y94.106 E0.03018
G1 X84.431 Y93.448 E0.03018
G1 X84.050 Y92.738 E0.03018
G1 X83.758 Y91.986 E0.03018
G1 X83.562 Y91.204 E0.03018
G1 X83.462 Y90.403 E0.03018
G1 X83.462 Y89.597 E0.03018
G1 X83.562 Y88.796 E0.03018
G1 X83.758 Y88.014 E0.03018
G1 X84.050 Y87.262 E0.03018
G1 X84.431 Y86.552 E0.03018
G1 X84.897 Y85.894 E0.03018
G1 X85.440 Y85.298 E0.03018
G1 X86.053 Y84.773 E0.03018
G1 X86.725 Y84.328 E0.03018
G1 X87.447 Y83.968 E0.03018
G1 X88.208 Y83.700 E0.03018
G1 X88.995 Y83.528 E0.03018
G1 X89.798 Y83.453 E0.03018
G1 X90.604 Y83.478 E0.03018
G1 X91.401 Y83.602 E0.03018
G1 X92.177 Y83.822 E0.03018
G1 X92.920 Y84.137 E0.03018
G1 X93.618 Y84.540 E0.03018
G1 X94.262 Y85.026 E0.03018
G1 X94.841 Y85.587 E0.03018
G1 X95.346 Y86.216 E0.03018
G1 X95.771 Y86.901 E0.03018
G1 X96.108 Y87.634 E0.03018
G1 X96.352 Y88.402 E0.03018
G1 X96.500 Y89.195 E0.03018
G1 X96.550 Y90.000 E0.03018
G1 E-0.70000 F2100
G1 X97.000 Y90.000 F9000
G1 E0.70000 F1500
;TYPE:External perimeter
G1 F1800
G1 X97.000 Y90.000 E0.00000
G1 X96.953 Y90.813 E0.03046
G1 X96.811 Y91.614 E0.03046
G1 X96.578 Y92.394 E0.03046
G1 X96.255 Y93.142 E0.03046
G1 X95.848 Y93.847 E0.03046
G1 X95.362 Y94.500 E0.03046
G1 X94.804 Y95.092 E0.03046
G1 X94.180 Y95.615 E0.03046
G1 X93.500 Y96.062 E0.03046
G1 X92.773 Y96.428 E0.03046
G1 X92.008 Y96.706 E0.03046
G1 X91.216 Y96.894 E0.03046
G1 X90.407 Y96.988 E0.03046
G1 X89.593 Y96.988 E0.03046
G1 X88.784 Y96.894 E0.03046
G1 X87.992 Y96.706 E0.03046
G1 X87.227 Y96.428 E0.03046
G1 X86.500 Y96.062 E0.03046
G1 X85.820 Y95.615 E0.03046
G1 X85.196 Y95.092 E0.03046
G1 X84.638 Y94.500 E0.03046
G1 X84.152 Y93.847 E0.03046
G1 X83.745 Y93.142 E0.03046
G1 X83.422 Y92.394 E0.03046
G1 X83.189 Y91.614 E0.03046
G1 X83.047 Y90.813 E0.03046
G1 X83.000 Y90.000 E0.03046
G1 X83.047 Y89.187 E0.03046
G1 X83.189 Y88.386 E0.03046
G1 X83.422 Y87.606 E0.03046
G1 X83.745 Y86.858 E0.03046
G1 X84.152 Y86.153 E0.03046
G1 X84.638 Y85.500 E0.03046
G1 X85.196 Y84.908 E0.03046
G1 X85.820 Y84.385 E0.03046
G1 X86.500 Y83.938 E0.03046
G1 X87.227 Y83.572 E0.03046
G1 X87.992 Y83.294 E0.03046
G1 X88.784 Y83.106 E0.03046
G1 X89.593 Y83.012 E0.03046
G1 X90.407 Y83.012 E0.03046
G1 X91.216 Y83.106 E0.03046
G1 X92.008 Y83.294 E0.03046
G1 X92.773 Y83.572 E0.03046
G1 X93.500 Y83.938 E0.03046
G1 X94.180 Y84.385 E0.03046
G1 X94.804 Y84.908 E0.03046
G1 X95.362 Y85.500 E0.03046
G1 X95.848 Y86.153 E0.03046
G1 X96.255 Y86.858 E0.03046
G1 X96.578 Y87.606 E0.03046
G1 X96.811 Y88.386 E0.03046
G1 X96.953 Y89.187 E0.03046
G1 X97.000 Y90.000 E0.03046
G1 E-0.70000 F2100
G1 X91.174 Y83.785 F9000
G1 E0.70000 F1500
;TYPE:Internal infill
G1 F5400
G1 X96.215 Y88.826 E0.26674
G1 X96.067 Y91.789 E0.11101
G1 X88.211 Y83.933 E0.41569
G1 X86.149 Y84.982 E0.08657
G1 X95.018 Y93.851 E0.46929
G1 X93.393 Y95.338 E0.08240
G1 X84.662 Y86.607 E0.46201
G1 X83.783 Y88.838 E0.08975
G1 X91.162 Y96.217 E0.39047
G1 X87.741 Y95.908 E0.12853
G1 X84.092 Y92.259 E0.19305
;LAYER_CHANGE
;Z:5.80
;HEIGHT:0.2
G1 E-0.70000 F2100
G1 Z6.000 F720
G1 X96.550 Y90.000 F9000
G1 Z5.800 F720
G1 E0.70000 F1500
;TYPE:Perimeter
;WIDTH:0.45
G1 F2400
G1 X96.550 Y90.000 E0.00000
G1 X96.500 Y90.805 E0.03018
G1 X96.352 Y91.598 E0.03018
G1 X96.108 Y92.366 E0.03018
G1 X95.771 Y93.099 E0.03018
G1 X95.346 Y93.784 E0.03018
G1 X94.841 Y94.413 E0.03018
G1 X94.262 Y94.974 E0.03018
G1 X93.618 Y95.460 E0.03018
G1 X92.920 Y95.863 E0.03018
G1 X92.177 Y96.178 E0.03018
G1 X91.401 Y96.398 E0.03018
G1 X90.604 Y96.522 E0.03018
G1 X89.798 Y96.547 E0.03018
G1 X88.995 Y96.472 E0.03018
G1 X88.208 Y96.300 E0.03018
G1 X87.447 Y96.032 E0.03018
G1 X86.725 Y95.672 E0.03018
G1 X86.053 Y95.227 E0.03018
G1 X85.440 Y94.702 E0.03018
G1 X84.897 Y94.106 E0.03018
G1 X84.431 Y93.448 E0.03018
G1 X84.050 Y92.738 E0.03018
G1 X83.758 Y91.986 E0.03018
G1 X83.562 Y91.204 E0.03018
G1 X83.462 Y90.403 E0.03018
G1 X83.462 Y89.597 E0.03018
G1 X83.562 Y88.796 E0.03018
G1 X83.758 Y88.014 E0.03018
G1 X84.050 Y87.262 E0.03018
G1 X84.431 Y86.552 E0.03018
G1 X84.897 Y85.894 E0.03018
G1 X85.440 Y85.298 E0.03018
G1 X86.053 Y84.773 E0.03018
G1 X86.725 Y84.328 E0.03018
G1 X87.447 Y83.968 E0.03018
G1 X88.208 Y83.700 E0.03018
G1 X88.995 Y83.528 E0.03018
G1 X89.798 Y83.453 E0.03018
G1 X90.604 Y83.478 E0.03018
G1 X91.401 Y83.602 E0.03018
G1 X92.177 Y83.822 E0.03018
G1 X92.920 Y84.137 E0.03018
G1 X93.618 Y84.540 E0.03018
G1 X94.262 Y85.026 E0.03018
G1 X94.841 Y85.587 E0.03018
G1 X95.346 Y86.216 E0.03018
G1 X95.771 Y86.901 E0.03018
G1 X96.108 Y87.634 E0.03018
G1 X96.352 Y88.402 E0.03018
G1 X96.500 Y89.195 E0.03018
G1 X96.550 Y90.000 E0.03018
G1 E-0.70000 F2100
G1 X97.000 Y90.000 F9000
G1 E0.70000 F1500
;TYPE:External perimeter
G1 F1800
G1 X97.000 Y90.000 E0.00000
G1 X96.953 Y90.813 E0.03046
G1 X96.811 Y91.614 E0.03046
G1 X96.578 Y92.394 E0.03046
G1 X96.255 Y93.142 E0.03046
G1 X95.848 Y93.847 E0.03046
G1 X95.362 Y94.500 E0.03046
G1 X94.804 Y95.092 E0.03046
G1 X94.180 Y95.615 E0.03046
G1 X93.500 Y96.062 E0.03046
G1 X92.773 Y96.428 E0.03046
G1 X92.008 Y96.706 E0.03046
G1 X91.216 Y96.894 E0.03046
G1 X90.407 Y96.988 E0.03046
G1 X89.593 Y96.988 E0.03046
G1 X88.784 Y96.894 E0.03046
G1 X87.992 Y96.706 E0.03046
G1 X87.227 Y96.428 E0.03046
G1 X86.500 Y96.062 E0.03046
G1 X85.820 Y95.615 E0.03046
G1 X85.196 Y95.092 E0.03046
G1 X84.638 Y94.500 E0.03046
G1 X84.152 Y93.847 E0.03046
G1 X83.745 Y93.142 E0.03046
G1 X83.422 Y92.394 E0.03046
G1 X83.189 Y91.614 E0.03046
G1 X83.047 Y90.813 E0.03046
G1 X83.000 Y90.000 E0.03046
G1 X83.047 Y89.187 E0.03046
G1 X83.189 Y88.386 E0.03046
G1 X83.422 Y87.606 E0.03046
G1 X83.745 Y86.858 E0.03046
G1 X84.152 Y86.153 E0.03046
G1 X84.638 Y85.500 E0.03046
G1 X85.196 Y84.908 E0.03046
G1 X85.820 Y84.385 E0.03046
G1 X86.500 Y83.938 E0.03046
G1 X87.227 Y83.572 E0.03046
G1 X87.992 Y83.294 E0.03046
G1 X88.784 Y83.106 E0.03046
G1 X89.593 Y83.012 E0.03046
G1 X90.407 Y83.012 E0.03046
M73 P14 R13
G1 X91.216 Y83.106 E0.03046
G1 X92.008 Y83.294 E0.03046
G1 X92.773 Y83.572 E0.03046
G1 X93.500 Y83.938 E0.03046
G1 X94.180 Y84.385 E0.03046
G1 X94.804 Y84.908 E0.03046
G1 X95.362 Y85.500 E0.03046
G1 X95.848 Y86.153 E0.03046
G1 X96.255 Y86.858 E0.03046
G1 X96.578 Y87.606 E0.03046
G1 X96.811 Y88.386 E0.03046
G1 X96.953 Y89.187 E0.03046
G1 X97.000 Y90.000 E0.03046
G1 E-0.70000 F2100
G1 X83.785 Y88.826 F9000
G1 E0.70000 F1500
;TYPE:Internal infill
G1 F5400
G1 X88.826 Y83.785 E0.26674
G1 X91.789 Y83.933 E0.11101
G1 X83.933 Y91.789 E0.41569
G1 X84.982 Y93.851 E0.08657
G1 X93.851 Y84.982 E0.46929
G1 X95.338 Y86.607 E0.08240
G1 X86.607 Y95.338 E0.46201
G1 X88.838 Y96.217 E0.08975
G1 X96.217 Y88.838 E0.39047
G1 X95.908 Y92.259 E0.12853
G1 X92.259 Y95.908 E0.19305
;LAYER_CHANGE
;Z:6.00
;HEIGHT:0.2
G1 E-0.70000 F2100
G1 Z6.200 F720
G1 X96.550 Y90.000 F9000
G1 Z6.000 F720
G1 E0.70000 F1500
;TYPE:Perimeter
;WIDTH:0.45
G1 F2400
G1 X96.550 Y90.000 E0.00000
G1 X96.500 Y90.805 E0.03018
G1 X96.352 Y91.598 E0.03018
G1 X96.108 Y92.366 E0.03018
G1 X95.771 Y93.099 E0.03018
G1 X95.346 Y93.784 E0.03018
G1 X94.841 Y94.413 E0.03018
G1 X94.262 Y94.974 E0.03018
G1 X93.618 Y95.460 E0.03018
G1 X92.920 Y95.863 E0.03018
G1 X92.177 Y96.178 E0.03018
G1 X91.401 Y96.398 E0.03018
G1 X90.604 Y96.522 E0.03018
G1 X89.798 Y96.547 E0.03018
G1 X88.995 Y96.472 E0.03018
G1 X88.208 Y96.300 E0.03018
G1 X87.447 Y96.032 E0.03018
G1 X86.725 Y95.672 E0.03018
G1 X86.053 Y95.227 E0.03018
G1 X85.440 Y94.702 E0.03018
G1 X84.897 Y94.106 E0.03018
G1 X84.431 Y93.448 E0.03018
G1 X84.050 Y92.738 E0.03018
G1 X83.758 Y91.986 E0.03018
G1 X83.562 Y91.204 E0.03018
G1 X83.462 Y90.403 E0.03018
G1 X83.462 Y89.597 E0.03018
G1 X83.562 Y88.796 E0.03018
G1 X83.758 Y88.014 E0.03018
G1 X84.050 Y87.262 E0.03018
G1 X84.431 Y86.552 E0.03018
G1 X84.897 Y85.894 E0.03018
G1 X85.440 Y85.298 E0.03018
G1 X86.053 Y84.773 E0.03018
G1 X86.725 Y84.328 E0.03018
G1 X87.447 Y83.968 E0.03018
G1 X88.208 Y83.700 E0.03018
G1 X88.995 Y83.528 E0.03018
G1 X89.798 Y83.453 E0.03018
G1 X90.604 Y83.478 E0.03018
G1 X91.401 Y83.602 E0.03018
G1 X92.177 Y83.822 E0.03018
G1 X92.920 Y84.137 E0.03018
G1 X93.618 Y84.540 E0.03018
G1 X94.262 Y85.026 E0.03018
G1 X94.841 Y85.587 E0.03018
G1 X95.346 Y86.216 E0.03018
G1 X95.771 Y86.901 E0.03018
G1 X96.108 Y87.634 E0.03018
G1 X96.352 Y88.402 E0.03018
G1 X96.500 Y89.195 E0.03018
G1 X96.550 Y90.000 E0.03018
G1 E-0.70000 F2100
G1 X97.000 Y90.000 F9000
G1 E0.70000 F1500
;TYPE:External perimeter
G1 F1800
G1 X97.000 Y90.000 E0.00000
G1 X96.953 Y90.813 E0.03046
G1 X96.811 Y91.614 E0.03046
G1 X96.578 Y92.394 E0.03046
G1 X96.255 Y93.142 E0.03046
G1 X95.848 Y93.847 E0.03046
G1 X95.362 Y94.500 E0.03046
G1 X94.804 Y95.092 E0.03046
G1 X94.180 Y95.615 E0.03046
G1 X93.500 Y96.062 E0.03046
G1 X92.773 Y96.428 E0.03046
G1 X92.008 Y96.706 E0.03046
G1 X91.216 Y96.894 E0.03046
G1 X90.407 Y96.988 E0.03046
G1 X89.593 Y96.988 E0.03046
G1 X88.784 Y96.894 E0.03046
G1 X87.992 Y96.706 E0.03046
G1 X87.227 Y96.428 E0.03046
G1 X86.500 Y96.062 E0.03046
G1 X85.820 Y95.615 E0.03046
G1 X85.196 Y95.092 E0.03046
G1 X84.638 Y94.500 E0.03046
G1 X84.152 Y93.847 E0.03046
G1 X83.745 Y93.142 E0.03046
G1 X83.422 Y92.394 E0.03046
G1 X83.189 Y91.614 E0.03046
G1 X83.047 Y90.813 E0.03046
G1 X83.000 Y90.000 E0.03046
G1 X83.047 Y89.187 E0.03046
G1 X83.189 Y88.386 E0.03046
G1 X83.422 Y87.606 E0.03046
G1 X83.745 Y86.858 E0.03046
G1 X84.152 Y86.153 E0.03046
G1 X84.638 Y85.500 E0.03046
G1 X85.196 Y84.908 E0.03046
G1 X85.820 Y84.385 E0.03046
G1 X86.500 Y83.938 E0.03046
G1 X87.227 Y83.572 E0.03046
G1 X87.992 Y83.294 E0.03046
G1 X88.784 Y83.106 E0.03046
G1 X89.593 Y83.012 E0.03046
G1 X90.407 Y83.012 E0.03046
G1 X91.216 Y83.106 E0.03046
G1 X92.008 Y83.294 E0.03046
G1 X92.773 Y83.572 E0.03046
G1 X93.500 Y83.938 E0.03046
G1 X94.180 Y84.385 E0.03046
G1 X94.804 Y84.908 E0.03046
G1 X95.362 Y85.500 E0.03046
G1 X95.848 Y86.153 E0.03046
G1 X96.255 Y86.858 E0.03046
G1 X96.578 Y87.606 E0.03046
G1 X96.811 Y88.386 E0.03046
G1 X96.953 Y89.187 E0.03046
G1 X97.000 Y90.000 E0.03046
G1 E-0.70000 F2100
G1 X91.174 Y83.785 F9000
G1 E0.70000 F1500
;TYPE:Internal infill
G1 F5400
G1 X96.215 Y88.826 E0.26674
G1 X96.067 Y91.789 E0.11101
G1 X88.211 Y83.933 E0.41569
G1 X86.149 Y84.982 E0.08657
G1 X95.018 Y93.851 E0.46929
G1 X93.393 Y95.338 E0.08240
G1 X84.662 Y86.607 E0.46201
G1 X83.783 Y88.838 E0.08975
G1 X91.162 Y96.217 E0.39047
G1 X87.741 Y95.908 E0.12853
G1 X84.092 Y92.259 E0.19305
;LAYER_CHANGE
;Z:6.20
;HEIGHT:0.2
G1 E-0.70000 F2100
G1 Z6.400 F720
G1 X96.550 Y90.000 F9000
G1 Z6.200 F720
G1 E0.70000 F1500
;TYPE:Perimeter
;WIDTH:0.45
G1 F2400
G1 X96.550 Y90.000 E0.00000
G1 X96.500 Y90.805 E0.03018
G1 X96.352 Y91.598 E0.03018
G1 X96.108 Y92.366 E0.03018
G1 X95.771 Y93.099 E0.03018
G1 X95.346 Y93.784 E0.03018
G1 X94.841 Y94.413 E0.03018
G1 X94.262 Y94.974 E0.03018
G1 X93.618 Y95.460 E0.03018
G1 X92.920 Y95.863 E0.03018
G1 X92.177 Y96.178 E0.03018
G1 X91.401 Y96.398 E0.03018
G1 X90.604 Y96.522 E0.03018
G1 X89.798 Y96.547 E0.03018
G1 X88.995 Y96.472 E0.03018
G1 X88.208 Y96.300 E0.03018
G1 X87.447 Y96.032 E0.03018
G1 X86.725 Y95.672 E0.03018
G1 X86.053 Y95.227 E0.03018
G1 X85.440 Y94.702 E0.03018
G1 X84.897 Y94.106 E0.03018
G1 X84.431 Y93.448 E0.03018
G1 X84.050 Y92.738 E0.03018
G1 X83.758 Y91.986 E0.03018
G1 X83.562 Y91.204 E0.03018
G1 X83.462 Y90.403 E0.03018
G1 X83.462 Y89.597 E0.03018
G1 X83.562 Y88.796 E0.03018
G1 X83.758 Y88.014 E0.03018
G1 X84.050 Y87.262 E0.03018
G1 X84.431 Y86.552 E0.03018
G1 X84.897 Y85.894 E0.03018
G1 X85.440 Y85.298 E0.03018
G1 X86.053 Y84.773 E0.03018
G1 X86.725 Y84.328 E0.03018
G1 X87.447 Y83.968 E0.03018
G1 X88.208 Y83.700 E0.03018
G1 X88.995 Y83.528 E0.03018
G1 X89.798 Y83.453 E0.03018
G1 X90.604 Y83.478 E0.03018
G1 X91.401 Y83.602 E0.03018
G1 X92.177 Y83.822 E0.03018
G1 X92.920 Y84.137 E0.03018
G1 X93.618 Y84.540 E0.03018
G1 X94.262 Y85.026 E0.03018
G1 X94.841 Y85.587 E0.03018
G1 X95.346 Y86.216 E0.03018
G1 X95.771 Y86.901 E0.03018
G1 X96.108 Y87.634 E0.03018
G1 X96.352 Y88.402 E0.03018
G1 X96.500 Y89.195 E0.03018
G1 X96.550 Y90.000 E0.03018
G1 E-0.70000 F2100
G1 X97.000 Y90.000 F9000
G1 E0.70000 F1500
;TYPE:External perimeter
G1 F1800
G1 X97.000 Y90.000 E0.00000
G1 X96.953 Y90.813 E0.03046
G1 X96.811 Y91.614 E0.03046
G1 X96.578 Y92.394 E0.03046
G1 X96.255 Y93.142 E0.03046
G1 X95.848 Y93.847 E0.03046
G1 X95.362 Y94.500 E0.03046
G1 X94.804 Y95.092 E0.03046
G1 X94.180 Y95.615 E0.03046
G1 X93.500 Y96.062 E0.03046
G1 X92.773 Y96.428 E0.03046
G1 X92.008 Y96.706 E0.03046
G1 X91.216 Y96.894 E0.03046
G1 X90.407 Y96.988 E0.03046
G1 X89.593 Y96.988 E0.03046
G1 X88.784 Y96.894 E0.03046
G1 X87.992 Y96.706 E0.03046
G1 X87.227 Y96.428 E0.03046
G1 X86.500 Y96.062 E0.03046
G1 X85.820 Y95.615 E0.03046
G1 X85.196 Y95.092 E0.03046
G1 X84.638 Y94.500 E0.03046
G1 X84.152 Y93.847 E0.03046
G1 X83.745 Y93.142 E0.03046
G1 X83.422 Y92.394 E0.03046
G1 X83.189 Y91.614 E0.03046
G1 X83.047 Y90.813 E0.03046
G1 X83.000 Y90.000 E0.03046
G1 X83.047 Y89.187 E0.03046
G1 X83.189 Y88.386 E0.03046
G1 X83.422 Y87.606 E0.03046
G1 X83.745 Y86.858 E0.03046
G1 X84.152 Y86.153 E0.03046
G1 X84.638 Y85.500 E0.03046
G1 X85.196 Y84.908 E0.03046
G1 X85.820 Y84.385 E0.03046
G1 X86.500 Y83.938 E0.03046
G1 X87.227 Y83.572 E0.03046
G1 X87.992 Y83.294 E0.03046
G1 X88.784 Y83.106 E0.03046
G1 X89.593 Y83.012 E0.03046
G1 X90.407 Y83.012 E0.03046
G1 X91.216 Y83.106 E0.03046
G1 X92.008 Y83.294 E0.03046
G1 X92.773 Y83.572 E0.03046
G1 X93.500 Y83.938 E0.03046
G1 X94.180 Y84.385 E0.03046
G1 X94.804 Y84.908 E0.03046
G1 X95.362 Y85.500 E0.03046
G1 X95.848 Y86.153 E0.03046
G1 X96.255 Y86.858 E0.03046
G1 X96.578 Y87.606 E0.03046
G1 X96.811 Y88.386 E0.03046
G1 X96.953 Y89.187 E0.03046
G1 X97.000 Y90.000 E0.03046
G1 E-0.70000 F2100
G1 X83.785 Y88.826 F9000
G1 E0.70000 F1500
;TYPE:Internal infill
G1 F5400
G1 X88.826 Y83.785 E0.26674
G1 X91.789 Y83.933 E0.11101
G1 X83.933 Y91.789 E0.41569
G1 X84.982 Y93.851 E0.08657
G1 X93.851 Y84.982 E0.46929
G1 X95.338 Y86.607 E0.08240
G1 X86.607 Y95.338 E0.46201
G1 X88.838 Y96.217 E0.08975
M73 P15 R13
G1 X96.217 Y88.838 E0.39047
G1 X95.908 Y92.259 E0.12853
G1 X92.259 Y95.908 E0.19305
;LAYER_CHANGE
;Z:6.40
;HEIGHT:0.2
G1 E-0.70000 F2100
G1 Z6.600 F720
G1 X96.550 Y90.000 F9000
G1 Z6.400 F720
G1 E0.70000 F1500
;TYPE:Perimeter
;WIDTH:0.45
G1 F2400
G1 X96.550 Y90.000 E0.00000
G1 X96.500 Y90.805 E0.03018
G1 X96.352 Y91.598 E0.03018
G1 X96.108 Y92.366 E0.03018
G1 X95.771 Y93.099 E0.03018
G1 X95.346 Y93.784 E0.03018
G1 X94.841 Y94.413 E0.03018
G1 X94.262 Y94.974 E0.03018
G1 X93.618 Y95.460 E0.03018
G1 X92.920 Y95.863 E0.03018
G1 X92.177 Y96.178 E0.03018
G1 X91.401 Y96.398 E0.03018
G1 X90.604 Y96.522 E0.03018
G1 X89.798 Y96.547 E0.03018
G1 X88.995 Y96.472 E0.03018
G1 X88.208 Y96.300 E0.03018
G1 X87.447 Y96.032 E0.03018
G1 X86.725 Y95.672 E0.03018
G1 X86.053 Y95.227 E0.03018
G1 X85.440 Y94.702 E0.03018
G1 X84.897 Y94.106 E0.03018
G1 X84.431 Y93.448 E0.03018
G1 X84.050 Y92.738 E0.03018
G1 X83.758 Y91.986 E0.03018
G1 X83.562 Y91.204 E0.03018
G1 X83.462 Y90.403 E0.03018
G1 X83.462 Y89.597 E0.03018
G1 X83.562 Y88.796 E0.03018
G1 X83.758 Y88.014 E0.03018
G1 X84.050 Y87.262 E0.03018
G1 X84.431 Y86.552 E0.03018
G1 X84.897 Y85.894 E0.03018
G1 X85.440 Y85.298 E0.03018
G1 X86.053 Y84.773 E0.03018
G1 X86.725 Y84.328 E0.03018
G1 X87.447 Y83.968 E0.03018
G1 X88.208 Y83.700 E0.03018
G1 X88.995 Y83.528 E0.03018
G1 X89.798 Y83.453 E0.03018
G1 X90.604 Y83.478 E0.03018
G1 X91.401 Y83.602 E0.03018
G1 X92.177 Y83.822 E0.03018
G1 X92.920 Y84.137 E0.03018
G1 X93.618 Y84.540 E0.03018
G1 X94.262 Y85.026 E0.03018
G1 X94.841 Y85.587 E0.03018
G1 X95.346 Y86.216 E0.03018
G1 X95.771 Y86.901 E0.03018
G1 X96.108 Y87.634 E0.03018
G1 X96.352 Y88.402 E0.03018
G1 X96.500 Y89.195 E0.03018
G1 X96.550 Y90.000 E0.03018
G1 E-0.70000 F2100
G1 X97.000 Y90.000 F9000
G1 E0.70000 F1500
;TYPE:External perimeter
G1 F1800
G1 X97.000 Y90.000 E0.00000
G1 X96.953 Y90.813 E0.03046
G1 X96.811 Y91.614 E0.03046
G1 X96.578 Y92.394 E0.03046
G1 X96.255 Y93.142 E0.03046
G1 X95.848 Y93.847 E0.03046
G1 X95.362 Y94.500 E0.03046
G1 X94.804 Y95.092 E0.03046
G1 X94.180 Y95.615 E0.03046
G1 X93.500 Y96.062 E0.03046
G1 X92.773 Y96.428 E0.03046
G1 X92.008 Y96.706 E0.03046
G1 X91.216 Y96.894 E0.03046
G1 X90.407 Y96.988 E0.03046
G1 X89.593 Y96.988 E0.03046
G1 X88.784 Y96.894 E0.03046
G1 X87.992 Y96.706 E0.03046
G1 X87.227 Y96.428 E0.03046
G1 X86.500 Y96.062 E0.03046
G1 X85.820 Y95.615 E0.03046
G1 X85.196 Y95.092 E0.03046
G1 X84.638 Y94.500 E0.03046
G1 X84.152 Y93.847 E0.03046
G1 X83.745 Y93.142 E0.03046
G1 X83.422 Y92.394 E0.03046
G1 X83.189 Y91.614 E0.03046
G1 X83.047 Y90.813 E0.03046
G1 X83.000 Y90.000 E0.03046
G1 X83.047 Y89.187 E0.03046
G1 X83.189 Y88.386 E0.03046
G1 X83.422 Y87.606 E0.03046
G1 X83.745 Y86.858 E0.03046
G1 X84.152 Y86.153 E0.03046
G1 X84.638 Y85.500 E0.03046
G1 X85.196 Y84.908 E0.03046
G1 X85.820 Y84.385 E0.03046
G1 X86.500 Y83.938 E0.03046
G1 X87.227 Y83.572 E0.03046
G1 X87.992 Y83.294 E0.03046
G1 X88.784 Y83.106 E0.03046
G1 X89.593 Y83.012 E0.03046
G1 X90.407 Y83.012 E0.03046
G1 X91.216 Y83.106 E0.03046
G1 X92.008 Y83.294 E0.03046
G1 X92.773 Y83.572 E0.03046
G1 X93.500 Y83.938 E0.03046
G1 X94.180 Y84.385 E0.03046
G1 X94.804 Y84.908 E0.03046
G1 X95.362 Y85.500 E0.03046
G1 X95.848 Y86.153 E0.03046
G1 X96.255 Y86.858 E0.03046
G1 X96.578 Y87.606 E0.03046
G1 X96.811 Y88.386 E0.03046
G1 X96.953 Y89.187 E0.03046
G1 X97.000 Y90.000 E0.03046
G1 E-0.70000 F2100
G1 X91.174 Y83.785 F9000
G1 E0.70000 F1500
;TYPE:Internal infill
G1 F5400
G1 X96.215 Y88.826 E0.26674
G1 X96.067 Y91.789 E0.11101
G1 X88.211 Y83.933 E0.41569
G1 X86.149 Y84.982 E0.08657
G1 X95.018 Y93.851 E0.46929
G1 X93.393 Y95.338 E0.08240
G1 X84.662 Y86.607 E0.46201
G1 X83.783 Y88.838 E0.08975
G1 X91.162 Y96.217 E0.39047
G1 X87.741 Y95.908 E0.12853
G1 X84.092 Y92.259 E0.19305
;LAYER_CHANGE
;Z:6.60
;HEIGHT:0.2
G1 E-0.70000 F2100
G1 Z6.800 F720
G1 X96.550 Y90.000 F9000
G1 Z6.600 F720
G1 E0.70000 F1500
;TYPE:Perimeter
;WIDTH:0.45
G1 F2400
G1 X96.550 Y90.000 E0.00000
G1 X96.500 Y90.805 E0.03018
G1 X96.352 Y91.598 E0.03018
G1 X96.108 Y92.366 E0.03018
G1 X95.771 Y93.099 E0.03018
G1 X95.346 Y93.784 E0.03018
G1 X94.841 Y94.413 E0.03018
G1 X94.262 Y94.974 E0.03018
G1 X93.618 Y95.460 E0.03018
G1 X92.920 Y95.863 E0.03018
G1 X92.177 Y96.178 E0.03018
G1 X91.401 Y96.398 E0.03018
G1 X90.604 Y96.522 E0.03018
G1 X89.798 Y96.547 E0.03018
G1 X88.995 Y96.472 E0.03018
G1 X88.208 Y96.300 E0.03018
G1 X87.447 Y96.032 E0.03018
G1 X86.725 Y95.672 E0.03018
G1 X86.053 Y95.227 E0.03018
G1 X85.440 Y94.702 E0.03018
G1 X84.897 Y94.106 E0.03018
G1 X84.431 Y93.448 E0.03018
G1 X84.050 Y92.738 E0.03018
G1 X83.758 Y91.986 E0.03018
G1 X83.562 Y91.204 E0.03018
G1 X83.462 Y90.403 E0.03018
G1 X83.462 Y89.597 E0.03018
G1 X83.562 Y88.796 E0.03018
G1 X83.758 Y88.014 E0.03018
G1 X84.050 Y87.262 E0.03018
G1 X84.431 Y86.552 E0.03018
G1 X84.897 Y85.894 E0.03018
G1 X85.440 Y85.298 E0.03018
G1 X86.053 Y84.773 E0.03018
G1 X86.725 Y84.328 E0.03018
G1 X87.447 Y83.968 E0.03018
G1 X88.208 Y83.700 E0.03018
G1 X88.995 Y83.528 E0.03018
G1 X89.798 Y83.453 E0.03018
G1 X90.604 Y83.478 E0.03018
G1 X91.401 Y83.602 E0.03018
G1 X92.177 Y83.822 E0.03018
G1 X92.920 Y84.137 E0.03018
G1 X93.618 Y84.540 E0.03018
G1 X94.262 Y85.026 E0.03018
G1 X94.841 Y85.587 E0.03018
G1 X95.346 Y86.216 E0.03018
G1 X95.771 Y86.901 E0.03018
G1 X96.108 Y87.634 E0.03018
G1 X96.352 Y88.402 E0.03018
G1 X96.500 Y89.195 E0.03018
G1 X96.550 Y90.000 E0.03018
G1 E-0.70000 F2100
G1 X97.000 Y90.000 F9000
G1 E0.70000 F1500
;TYPE:External perimeter
G1 F1800
G1 X97.000 Y90.000 E0.00000
G1 X96.953 Y90.813 E0.03046
G1 X96.811 Y91.614 E0.03046
G1 X96.578 Y92.394 E0.03046
G1 X96.255 Y93.142 E0.03046
G1 X95.848 Y93.847 E0.03046
G1 X95.362 Y94.500 E0.03046
G1 X94.804 Y95.092 E0.03046
G1 X94.180 Y95.615 E0.03046
G1 X93.500 Y96.062 E0.03046
G1 X92.773 Y96.428 E0.03046
G1 X92.008 Y96.706 E0.03046
G1 X91.216 Y96.894 E0.03046
G1 X90.407 Y96.988 E0.03046
G1 X89.593 Y96.988 E0.03046
G1 X88.784 Y96.894 E0.03046
G1 X87.992 Y96.706 E0.03046
G1 X87.227 Y96.428 E0.03046
G1 X86.500 Y96.062 E0.03046
G1 X85.820 Y95.615 E0.03046
G1 X85.196 Y95.092 E0.03046
G1 X84.638 Y94.500 E0.03046
G1 X84.152 Y93.847 E0.03046
G1 X83.745 Y93.142 E0.03046
G1 X83.422 Y92.394 E0.03046
G1 X83.189 Y91.614 E0.03046
G1 X83.047 Y90.813 E0.03046
G1 X83.000 Y90.000 E0.03046
G1 X83.047 Y89.187 E0.03046
G1 X83.189 Y88.386 E0.03046
G1 X83.422 Y87.606 E0.03046
G1 X83.745 Y86.858 E0.03046
G1 X84.152 Y86.153 E0.03046
G1 X84.638 Y85.500 E0.03046
G1 X85.196 Y84.908 E0.03046
G1 X85.820 Y84.385 E0.03046
G1 X86.500 Y83.938 E0.03046
G1 X87.227 Y83.572 E0.03046
G1 X87.992 Y83.294 E0.03046
G1 X88.784 Y83.106 E0.03046
G1 X89.593 Y83.012 E0.03046
G1 X90.407 Y83.012 E0.03046
G1 X91.216 Y83.106 E0.03046
G1 X92.008 Y83.294 E0.03046
G1 X92.773 Y83.572 E0.03046
G1 X93.500 Y83.938 E0.03046
G1 X94.180 Y84.385 E0.03046
G1 X94.804 Y84.908 E0.03046
G1 X95.362 Y85.500 E0.03046
G1 X95.848 Y86.153 E0.03046
G1 X96.255 Y86.858 E0.03046
G1 X96.578 Y87.606 E0.03046
G1 X96.811 Y88.386 E0.03046
G1 X96.953 Y89.187 E0.03046
G1 X97.000 Y90.000 E0.03046
G1 E-0.70000 F2100
G1 X83.785 Y88.826 F9000
G1 E0.70000 F1500
;TYPE:Internal infill
G1 F5400
G1 X88.826 Y83.785 E0.26674
G1 X91.789 Y83.933 E0.11101
G1 X83.933 Y91.789 E0.41569
G1 X84.982 Y93.851 E0.08657
G1 X93.851 Y84.982 E0.46929
G1 X95.338 Y86.607 E0.08240
G1 X86.607 Y95.338 E0.46201
G1 X88.838 Y96.217 E0.08975
G1 X96.217 Y88.838 E0.39047
G1 X95.908 Y92.259 E0.12853
G1 X92.259 Y95.908 E0.19305
;LAYER_CHANGE
;Z:6.80
;HEIGHT:0.2
G1 E-0.70000 F2100
G1 Z7.000 F720
G1 X96.550 Y90.000 F9000
G1 Z6.800 F720
G1 E0.70000 F1500
;TYPE:Perimeter
;WIDTH:0.45
G1 F2400
G1 X96.550 Y90.000 E0.00000
G1 X96.500 Y90.805 E0.03018
G1 X96.352 Y91.598 E0.03018
G1 X96.108 Y92.366 E0.03018
G1 X95.771 Y93.099 E0.03018
G1 X95.346 Y93.784 E0.03018
G1 X94.841 Y94.413 E0.03018
G1 X94.262 Y94.974 E0.03018
G1 X93.618 Y95.460 E0.03018
G1 X92.920 Y95.863 E0.03018
G1 X92.177 Y96.178 E0.03018
G1 X91.401 Y96.398 E0.03018
G1 X90.604 Y96.522 E0.03018
G1 X89.798 Y96.547 E0.03018
G1 X88.995 Y96.472 E0.03018
G1 X88.208 Y96.300 E0.03018
G1 X87.447 Y96.032 E0.03018
G1 X86.725 Y95.672 E0.03018
G1 X86.053 Y95.227 E0.03018
G1 X85.440 Y94.702 E0.03018
G1 X84.897 Y94.106 E0.03018
G1 X84.431 Y93.448 E0.03018
G1 X84.050 Y92.738 E0.03018
G1 X83.758 Y91.986 E0.03018
G1 X83.562 Y91.204 E0.03018
G1 X83.462 Y90.403 E0.03018
G1 X83.462 Y89.597 E0.03018
G1 X83.562 Y88.796 E0.03018
G1 X83.758 Y88.014 E0.03018
G1 X84.050 Y87.262 E0.03018
G1 X84.431 Y86.552 E0.03018
G1 X84.897 Y85.894 E0.03018
G1 X85.440 Y85.298 E0.03018
G1 X86.053 Y84.773 E0.03018
G1 X86.725 Y84.328 E0.03018
G1 X87.447 Y83.968 E0.03018
M73 P16 R13
G1 X88.208 Y83.700 E0.03018
G1 X88.995 Y83.528 E0.03018
G1 X89.798 Y83.453 E0.03018
G1 X90.604 Y83.478 E0.03018
G1 X91.401 Y83.602 E0.03018
G1 X92.177 Y83.822 E0.03018
G1 X92.920 Y84.137 E0.03018
G1 X93.618 Y84.540 E0.03018
G1 X94.262 Y85.026 E0.03018
G1 X94.841 Y85.587 E0.03018
G1 X95.346 Y86.216 E0.03018
G1 X95.771 Y86.901 E0.03018
G1 X96.108 Y87.634 E0.03018
G1 X96.352 Y88.402 E0.03018
G1 X96.500 Y89.195 E0.03018
G1 X96.550 Y90.000 E0.03018
G1 E-0.70000 F2100
G1 X97.000 Y90.000 F9000
G1 E0.70000 F1500
;TYPE:External perimeter
G1 F1800
G1 X97.000 Y90.000 E0.00000
G1 X96.953 Y90.813 E0.03046
G1 X96.811 Y91.614 E0.03046
G1 X96.578 Y92.394 E0.03046
G1 X96.255 Y93.142 E0.03046
G1 X95.848 Y93.847 E0.03046
G1 X95.362 Y94.500 E0.03046
G1 X94.804 Y95.092 E0.03046
G1 X94.180 Y95.615 E0.03046
G1 X93.500 Y96.062 E0.03046
G1 X92.773 Y96.428 E0.03046
G1 X92.008 Y96.706 E0.03046
G1 X91.216 Y96.894 E0.03046
G1 X90.407 Y96.988 E0.03046
G1 X89.593 Y96.988 E0.03046
G1 X88.784 Y96.894 E0.03046
G1 X87.992 Y96.706 E0.03046
G1 X87.227 Y96.428 E0.03046
G1 X86.500 Y96.062 E0.03046
G1 X85.820 Y95.615 E0.03046
G1 X85.196 Y95.092 E0.03046
G1 X84.638 Y94.500 E0.03046
G1 X84.152 Y93.847 E0.03046
G1 X83.745 Y93.142 E0.03046
G1 X83.422 Y92.394 E0.03046
G1 X83.189 Y91.614 E0.03046
G1 X83.047 Y90.813 E0.03046
G1 X83.000 Y90.000 E0.03046
G1 X83.047 Y89.187 E0.03046
G1 X83.189 Y88.386 E0.03046
G1 X83.422 Y87.606 E0.03046
G1 X83.745 Y86.858 E0.03046
G1 X84.152 Y86.153 E0.03046
G1 X84.638 Y85.500 E0.03046
G1 X85.196 Y84.908 E0.03046
G1 X85.820 Y84.385 E0.03046
G1 X86.500 Y83.938 E0.03046
G1 X87.227 Y83.572 E0.03046
G1 X87.992 Y83.294 E0.03046
G1 X88.784 Y83.106 E0.03046
G1 X89.593 Y83.012 E0.03046
G1 X90.407 Y83.012 E0.03046
G1 X91.216 Y83.106 E0.03046
G1 X92.008 Y83.294 E0.03046
G1 X92.773 Y83.572 E0.03046
G1 X93.500 Y83.938 E0.03046
G1 X94.180 Y84.385 E0.03046
G1 X94.804 Y84.908 E0.03046
G1 X95.362 Y85.500 E0.03046
G1 X95.848 Y86.153 E0.03046
G1 X96.255 Y86.858 E0.03046
G1 X96.578 Y87.606 E0.03046
G1 X96.811 Y88.386 E0.03046
G1 X96.953 Y89.187 E0.03046
G1 X97.000 Y90.000 E0.03046
G1 E-0.70000 F2100
G1 X91.174 Y83.785 F9000
G1 E0.70000 F1500
;TYPE:Internal infill
G1 F5400
G1 X96.215 Y88.826 E0.26674
G1 X96.067 Y91.789 E0.11101
G1 X88.211 Y83.933 E0.41569
G1 X86.149 Y84.982 E0.08657
G1 X95.018 Y93.851 E0.46929
G1 X93.393 Y95.338 E0.08240
G1 X84.662 Y86.607 E0.46201
G1 X83.783 Y88.838 E0.08975
G1 X91.162 Y96.217 E0.39047
G1 X87.741 Y95.908 E0.12853
G1 X84.092 Y92.259 E0.19305
;LAYER_CHANGE
;Z:7.00
;HEIGHT:0.2
G1 E-0.70000 F2100
G1 Z7.200 F720
G1 X96.550 Y90.000 F9000
G1 Z7.000 F720
G1 E0.70000 F1500
;TYPE:Perimeter
;WIDTH:0.45
G1 F2400
G1 X96.550 Y90.000 E0.00000
G1 X96.500 Y90.805 E0.03018
G1 X96.352 Y91.598 E0.03018
G1 X96.108 Y92.366 E0.03018
G1 X95.771 Y93.099 E0.03018
G1 X95.346 Y93.784 E0.03018
G1 X94.841 Y94.413 E0.03018
G1 X94.262 Y94.974 E0.03018
G1 X93.618 Y95.460 E0.03018
G1 X92.920 Y95.863 E0.03018
G1 X92.177 Y96.178 E0.03018
G1 X91.401 Y96.398 E0.03018
G1 X90.604 Y96.522 E0.03018
G1 X89.798 Y96.547 E0.03018
G1 X88.995 Y96.472 E0.03018
G1 X88.208 Y96.300 E0.03018
G1 X87.447 Y96.032 E0.03018
G1 X86.725 Y95.672 E0.03018
G1 X86.053 Y95.227 E0.03018
G1 X85.440 Y94.702 E0.03018
G1 X84.897 Y94.106 E0.03018
G1 X84.431 Y93.448 E0.03018
G1 X84.050 Y92.738 E0.03018
G1 X83.758 Y91.986 E0.03018
G1 X83.562 Y91.204 E0.03018
G1 X83.462 Y90.403 E0.03018
G1 X83.462 Y89.597 E0.03018
G1 X83.562 Y88.796 E0.03018
G1 X83.758 Y88.014 E0.03018
G1 X84.050 Y87.262 E0.03018
G1 X84.431 Y86.552 E0.03018
G1 X84.897 Y85.894 E0.03018
G1 X85.440 Y85.298 E0.03018
G1 X86.053 Y84.773 E0.03018
G1 X86.725 Y84.328 E0.03018
G1 X87.447 Y83.968 E0.03018
G1 X88.208 Y83.700 E0.03018
G1 X88.995 Y83.528 E0.03018
G1 X89.798 Y83.453 E0.03018
G1 X90.604 Y83.478 E0.03018
G1 X91.401 Y83.602 E0.03018
G1 X92.177 Y83.822 E0.03018
G1 X92.920 Y84.137 E0.03018
G1 X93.618 Y84.540 E0.03018
G1 X94.262 Y85.026 E0.03018
G1 X94.841 Y85.587 E0.03018
G1 X95.346 Y86.216 E0.03018
G1 X95.771 Y86.901 E0.03018
G1 X96.108 Y87.634 E0.03018
G1 X96.352 Y88.402 E0.03018
G1 X96.500 Y89.195 E0.03018
G1 X96.550 Y90.000 E0.03018
G1 E-0.70000 F2100
G1 X97.000 Y90.000 F9000
G1 E0.70000 F1500
;TYPE:External perimeter
G1 F1800
G1 X97.000 Y90.000 E0.00000
G1 X96.953 Y90.813 E0.03046
G1 X96.811 Y91.614 E0.03046
G1 X96.578 Y92.394 E0.03046
G1 X96.255 Y93.142 E0.03046
G1 X95.848 Y93.847 E0.03046
G1 X95.362 Y94.500 E0.03046
G1 X94.804 Y95.092 E0.03046
G1 X94.180 Y95.615 E0.03046
G1 X93.500 Y96.062 E0.03046
G1 X92.773 Y96.428 E0.03046
G1 X92.008 Y96.706 E0.03046
G1 X91.216 Y96.894 E0.03046
G1 X90.407 Y96.988 E0.03046
G1 X89.593 Y96.988 E0.03046
G1 X88.784 Y96.894 E0.03046
G1 X87.992 Y96.706 E0.03046
G1 X87.227 Y96.428 E0.03046
G1 X86.500 Y96.062 E0.03046
G1 X85.820 Y95.615 E0.03046
G1 X85.196 Y95.092 E0.03046
G1 X84.638 Y94.500 E0.03046
G1 X84.152 Y93.847 E0.03046
G1 X83.745 Y93.142 E0.03046
G1 X83.422 Y92.394 E0.03046
G1 X83.189 Y91.614 E0.03046
G1 X83.047 Y90.813 E0.03046
G1 X83.000 Y90.000 E0.03046
G1 X83.047 Y89.187 E0.03046
G1 X83.189 Y88.386 E0.03046
G1 X83.422 Y87.606 E0.03046
G1 X83.745 Y86.858 E0.03046
G1 X84.152 Y86.153 E0.03046
G1 X84.638 Y85.500 E0.03046
G1 X85.196 Y84.908 E0.03046
G1 X85.820 Y84.385 E0.03046
G1 X86.500 Y83.938 E0.03046
G1 X87.227 Y83.572 E0.03046
G1 X87.992 Y83.294 E0.03046
G1 X88.784 Y83.106 E0.03046
G1 X89.593 Y83.012 E0.03046
G1 X90.407 Y83.012 E0.03046
G1 X91.216 Y83.106 E0.03046
G1 X92.008 Y83.294 E0.03046
G1 X92.773 Y83.572 E0.03046
G1 X93.500 Y83.938 E0.03046
G1 X94.180 Y84.385 E0.03046
G1 X94.804 Y84.908 E0.03046
G1 X95.362 Y85.500 E0.03046
G1 X95.848 Y86.153 E0.03046
G1 X96.255 Y86.858 E0.03046
G1 X96.578 Y87.606 E0.03046
G1 X96.811 Y88.386 E0.03046
G1 X96.953 Y89.187 E0.03046
G1 X97.000 Y90.000 E0.03046
G1 E-0.70000 F2100
G1 X83.785 Y88.826 F9000
G1 E0.70000 F1500
;TYPE:Internal infill
G1 F5400
G1 X88.826 Y83.785 E0.26674
G1 X91.789 Y83.933 E0.11101
G1 X83.933 Y91.789 E0.41569
G1 X84.982 Y93.851 E0.08657
G1 X93.851 Y84.982 E0.46929
G1 X95.338 Y86.607 E0.08240
G1 X86.607 Y95.338 E0.46201
G1 X88.838 Y96.217 E0.08975
G1 X96.217 Y88.838 E0.39047
G1 X95.908 Y92.259 E0.12853
G1 X92.259 Y95.908 E0.19305
;LAYER_CHANGE
;Z:7.20
;HEIGHT:0.2
G1 E-0.70000 F2100
G1 Z7.400 F720
G1 X96.550 Y90.000 F9000
G1 Z7.200 F720
G1 E0.70000 F1500
;TYPE:Perimeter
;WIDTH:0.45
G1 F2400
G1 X96.550 Y90.000 E0.00000
G1 X96.500 Y90.805 E0.03018
G1 X96.352 Y91.598 E0.03018
G1 X96.108 Y92.366 E0.03018
G1 X95.771 Y93.099 E0.03018
G1 X95.346 Y93.784 E0.03018
G1 X94.841 Y94.413 E0.03018
G1 X94.262 Y94.974 E0.03018
G1 X93.618 Y95.460 E0.03018
G1 X92.920 Y95.863 E0.03018
G1 X92.177 Y96.178 E0.03018
G1 X91.401 Y96.398 E0.03018
G1 X90.604 Y96.522 E0.03018
G1 X89.798 Y96.547 E0.03018
G1 X88.995 Y96.472 E0.03018
G1 X88.208 Y96.300 E0.03018
G1 X87.447 Y96.032 E0.03018
G1 X86.725 Y95.672 E0.03018
G1 X86.053 Y95.227 E0.03018
G1 X85.440 Y94.702 E0.03018
G1 X84.897 Y94.106 E0.03018
G1 X84.431 Y93.448 E0.03018
G1 X84.050 Y92.738 E0.03018
G1 X83.758 Y91.986 E0.03018
G1 X83.562 Y91.204 E0.03018
G1 X83.462 Y90.403 E0.03018
G1 X83.462 Y89.597 E0.03018
G1 X83.562 Y88.796 E0.03018
G1 X83.758 Y88.014 E0.03018
G1 X84.050 Y87.262 E0.03018
G1 X84.431 Y86.552 E0.03018
G1 X84.897 Y85.894 E0.03018
G1 X85.440 Y85.298 E0.03018
G1 X86.053 Y84.773 E0.03018
G1 X86.725 Y84.328 E0.03018
G1 X87.447 Y83.968 E0.03018
G1 X88.208 Y83.700 E0.03018
G1 X88.995 Y83.528 E0.03018
G1 X89.798 Y83.453 E0.03018
G1 X90.604 Y83.478 E0.03018
G1 X91.401 Y83.602 E0.03018
G1 X92.177 Y83.822 E0.03018
G1 X92.920 Y84.137 E0.03018
G1 X93.618 Y84.540 E0.03018
G1 X94.262 Y85.026 E0.03018
G1 X94.841 Y85.587 E0.03018
G1 X95.346 Y86.216 E0.03018
G1 X95.771 Y86.901 E0.03018
G1 X96.108 Y87.634 E0.03018
G1 X96.352 Y88.402 E0.03018
G1 X96.500 Y89.195 E0.03018
G1 X96.550 Y90.000 E0.03018
G1 E-0.70000 F2100
G1 X97.000 Y90.000 F9000
G1 E0.70000 F1500
;TYPE:External perimeter
G1 F1800
G1 X97.000 Y90.000 E0.00000
G1 X96.953 Y90.813 E0.03046
G1 X96.811 Y91.614 E0.03046
G1 X96.578 Y92.394 E0.03046
G1 X96.255 Y93.142 E0.03046
G1 X95.848 Y93.847 E0.03046
G1 X95.362 Y94.500 E0.03046
G1 X94.804 Y95.092 E0.03046
G1 X94.180 Y95.615 E0.03046
G1 X93.500 Y96.062 E0.03046
G1 X92.773 Y96.428 E0.03046
G1 X92.008 Y96.706 E0.03046
G1 X91.216 Y96.894 E0.03046
G1 X90.407 Y96.988 E0.03046
G1 X89.593 Y96.988 E0.03046
G1 X88.784 Y96.894 E0.03046
G1 X87.992 Y96.706 E0.03046
G1 X87.227 Y96.428 E0.03046
G1 X86.500 Y96.062 E0.03046
G1 X85.820 Y95.615 E0.03046
G1 X85.196 Y95.092 E0.03046
G1 X84.638 Y94.500 E0.03046
G1 X84.152 Y93.847 E0.03046
G1 X83.745 Y93.142 E0.03046
G1 X83.422 Y92.394 E0.03046
G1 X83.189 Y91.614 E0.03046
M73 P17 R13
G1 X83.047 Y90.813 E0.03046
G1 X83.000 Y90.000 E0.03046
G1 X83.047 Y89.187 E0.03046
G1 X83.189 Y88.386 E0.03046
G1 X83.422 Y87.606 E0.03046
G1 X83.745 Y86.858 E0.03046
G1 X84.152 Y86.153 E0.03046
G1 X84.638 Y85.500 E0.03046
G1 X85.196 Y84.908 E0.03046
G1 X85.820 Y84.385 E0.03046
G1 X86.500 Y83.938 E0.03046
G1 X87.227 Y83.572 E0.03046
G1 X87.992 Y83.294 E0.03046
G1 X88.784 Y83.106 E0.03046
G1 X89.593 Y83.012 E0.03046
G1 X90.407 Y83.012 E0.03046
G1 X91.216 Y83.106 E0.03046
G1 X92.008 Y83.294 E0.03046
G1 X92.773 Y83.572 E0.03046
G1 X93.500 Y83.938 E0.03046
G1 X94.180 Y84.385 E0.03046
G1 X94.804 Y84.908 E0.03046
G1 X95.362 Y85.500 E0.03046
G1 X95.848 Y86.153 E0.03046
G1 X96.255 Y86.858 E0.03046
G1 X96.578 Y87.606 E0.03046
G1 X96.811 Y88.386 E0.03046
G1 X96.953 Y89.187 E0.03046
G1 X97.000 Y90.000 E0.03046
G1 E-0.70000 F2100
G1 X91.174 Y83.785 F9000
G1 E0.70000 F1500
;TYPE:Internal infill
G1 F5400
G1 X96.215 Y88.826 E0.26674
G1 X96.067 Y91.789 E0.11101
G1 X88.211 Y83.933 E0.41569
G1 X86.149 Y84.982 E0.08657
G1 X95.018 Y93.851 E0.46929
G1 X93.393 Y95.338 E0.08240
G1 X84.662 Y86.607 E0.46201
G1 X83.783 Y88.838 E0.08975
G1 X91.162 Y96.217 E0.39047
G1 X87.741 Y95.908 E0.12853
G1 X84.092 Y92.259 E0.19305
;LAYER_CHANGE
;Z:7.40
;HEIGHT:0.2
G1 E-0.70000 F2100
G1 Z7.600 F720
G1 X96.550 Y90.000 F9000
G1 Z7.400 F720
G1 E0.70000 F1500
;TYPE:Perimeter
;WIDTH:0.45
G1 F2400
G1 X96.550 Y90.000 E0.00000
G1 X96.500 Y90.805 E0.03018
G1 X96.352 Y91.598 E0.03018
G1 X96.108 Y92.366 E0.03018
G1 X95.771 Y93.099 E0.03018
G1 X95.346 Y93.784 E0.03018
G1 X94.841 Y94.413 E0.03018
G1 X94.262 Y94.974 E0.03018
G1 X93.618 Y95.460 E0.03018
G1 X92.920 Y95.863 E0.03018
G1 X92.177 Y96.178 E0.03018
G1 X91.401 Y96.398 E0.03018
G1 X90.604 Y96.522 E0.03018
G1 X89.798 Y96.547 E0.03018
G1 X88.995 Y96.472 E0.03018
G1 X88.208 Y96.300 E0.03018
G1 X87.447 Y96.032 E0.03018
G1 X86.725 Y95.672 E0.03018
G1 X86.053 Y95.227 E0.03018
G1 X85.440 Y94.702 E0.03018
G1 X84.897 Y94.106 E0.03018
G1 X84.431 Y93.448 E0.03018
G1 X84.050 Y92.738 E0.03018
G1 X83.758 Y91.986 E0.03018
G1 X83.562 Y91.204 E0.03018
G1 X83.462 Y90.403 E0.03018
G1 X83.462 Y89.597 E0.03018
G1 X83.562 Y88.796 E0.03018
G1 X83.758 Y88.014 E0.03018
G1 X84.050 Y87.262 E0.03018
G1 X84.431 Y86.552 E0.03018
G1 X84.897 Y85.894 E0.03018
G1 X85.440 Y85.298 E0.03018
G1 X86.053 Y84.773 E0.03018
G1 X86.725 Y84.328 E0.03018
G1 X87.447 Y83.968 E0.03018
G1 X88.208 Y83.700 E0.03018
G1 X88.995 Y83.528 E0.03018
G1 X89.798 Y83.453 E0.03018
G1 X90.604 Y83.478 E0.03018
G1 X91.401 Y83.602 E0.03018
G1 X92.177 Y83.822 E0.03018
G1 X92.920 Y84.137 E0.03018
G1 X93.618 Y84.540 E0.03018
G1 X94.262 Y85.026 E0.03018
G1 X94.841 Y85.587 E0.03018
G1 X95.346 Y86.216 E0.03018
G1 X95.771 Y86.901 E0.03018
G1 X96.108 Y87.634 E0.03018
G1 X96.352 Y88.402 E0.03018
G1 X96.500 Y89.195 E0.03018
G1 X96.550 Y90.000 E0.03018
G1 E-0.70000 F2100
G1 X97.000 Y90.000 F9000
G1 E0.70000 F1500
;TYPE:External perimeter
G1 F1800
G1 X97.000 Y90.000 E0.00000
G1 X96.953 Y90.813 E0.03046
G1 X96.811 Y91.614 E0.03046
G1 X96.578 Y92.394 E0.03046
G1 X96.255 Y93.142 E0.03046
G1 X95.848 Y93.847 E0.03046
G1 X95.362 Y94.500 E0.03046
G1 X94.804 Y95.092 E0.03046
G1 X94.180 Y95.615 E0.03046
G1 X93.500 Y96.062 E0.03046
G1 X92.773 Y96.428 E0.03046
G1 X92.008 Y96.706 E0.03046
G1 X91.216 Y96.894 E0.03046
G1 X90.407 Y96.988 E0.03046
G1 X89.593 Y96.988 E0.03046
G1 X88.784 Y96.894 E0.03046
G1 X87.992 Y96.706 E0.03046
G1 X87.227 Y96.428 E0.03046
G1 X86.500 Y96.062 E0.03046
G1 X85.820 Y95.615 E0.03046
G1 X85.196 Y95.092 E0.03046
G1 X84.638 Y94.500 E0.03046
G1 X84.152 Y93.847 E0.03046
G1 X83.745 Y93.142 E0.03046
G1 X83.422 Y92.394 E0.03046
G1 X83.189 Y91.614 E0.03046
G1 X83.047 Y90.813 E0.03046
G1 X83.000 Y90.000 E0.03046
G1 X83.047 Y89.187 E0.03046
G1 X83.189 Y88.386 E0.03046
G1 X83.422 Y87.606 E0.03046
G1 X83.745 Y86.858 E0.03046
G1 X84.152 Y86.153 E0.03046
G1 X84.638 Y85.500 E0.03046
G1 X85.196 Y84.908 E0.03046
G1 X85.820 Y84.385 E0.03046
G1 X86.500 Y83.938 E0.03046
G1 X87.227 Y83.572 E0.03046
G1 X87.992 Y83.294 E0.03046
G1 X88.784 Y83.106 E0.03046
G1 X89.593 Y83.012 E0.03046
G1 X90.407 Y83.012 E0.03046
G1 X91.216 Y83.106 E0.03046
G1 X92.008 Y83.294 E0.03046
G1 X92.773 Y83.572 E0.03046
G1 X93.500 Y83.938 E0.03046
G1 X94.180 Y84.385 E0.03046
G1 X94.804 Y84.908 E0.03046
G1 X95.362 Y85.500 E0.03046
G1 X95.848 Y86.153 E0.03046
G1 X96.255 Y86.858 E0.03046
G1 X96.578 Y87.606 E0.03046
G1 X96.811 Y88.386 E0.03046
G1 X96.953 Y89.187 E0.03046
G1 X97.000 Y90.000 E0.03046
G1 E-0.70000 F2100
G1 X83.785 Y88.826 F9000
G1 E0.70000 F1500
;TYPE:Internal infill
G1 F5400
G1 X88.826 Y83.785 E0.26674
G1 X91.789 Y83.933 E0.11101
G1 X83.933 Y91.789 E0.41569
G1 X84.982 Y93.851 E0.08657
G1 X93.851 Y84.982 E0.46929
G1 X95.338 Y86.607 E0.08240
G1 X86.607 Y95.338 E0.46201
G1 X88.838 Y96.217 E0.08975
G1 X96.217 Y88.838 E0.39047
G1 X95.908 Y92.259 E0.12853
G1 X92.259 Y95.908 E0.19305
;LAYER_CHANGE
;Z:7.60
;HEIGHT:0.2
G1 E-0.70000 F2100
G1 Z7.800 F720
G1 X96.550 Y90.000 F9000
G1 Z7.600 F720
G1 E0.70000 F1500
;TYPE:Perimeter
;WIDTH:0.45
G1 F2400
G1 X96.550 Y90.000 E0.00000
G1 X96.500 Y90.805 E0.03018
G1 X96.352 Y91.598 E0.03018
G1 X96.108 Y92.366 E0.03018
G1 X95.771 Y93.099 E0.03018
G1 X95.346 Y93.784 E0.03018
G1 X94.841 Y94.413 E0.03018
G1 X94.262 Y94.974 E0.03018
G1 X93.618 Y95.460 E0.03018
G1 X92.920 Y95.863 E0.03018
G1 X92.177 Y96.178 E0.03018
G1 X91.401 Y96.398 E0.03018
G1 X90.604 Y96.522 E0.03018
G1 X89.798 Y96.547 E0.03018
G1 X88.995 Y96.472 E0.03018
G1 X88.208 Y96.300 E0.03018
G1 X87.447 Y96.032 E0.03018
G1 X86.725 Y95.672 E0.03018
G1 X86.053 Y95.227 E0.03018
G1 X85.440 Y94.702 E0.03018
G1 X84.897 Y94.106 E0.03018
G1 X84.431 Y93.448 E0.03018
G1 X84.050 Y92.738 E0.03018
G1 X83.758 Y91.986 E0.03018
G1 X83.562 Y91.204 E0.03018
G1 X83.462 Y90.403 E0.03018
G1 X83.462 Y89.597 E0.03018
G1 X83.562 Y88.796 E0.03018
G1 X83.758 Y88.014 E0.03018
G1 X84.050 Y87.262 E0.03018
G1 X84.431 Y86.552 E0.03018
G1 X84.897 Y85.894 E0.03018
G1 X85.440 Y85.298 E0.03018
G1 X86.053 Y84.773 E0.03018
G1 X86.725 Y84.328 E0.03018
G1 X87.447 Y83.968 E0.03018
G1 X88.208 Y83.700 E0.03018
G1 X88.995 Y83.528 E0.03018
G1 X89.798 Y83.453 E0.03018
G1 X90.604 Y83.478 E0.03018
G1 X91.401 Y83.602 E0.03018
G1 X92.177 Y83.822 E0.03018
G1 X92.920 Y84.137 E0.03018
G1 X93.618 Y84.540 E0.03018
G1 X94.262 Y85.026 E0.03018
G1 X94.841 Y85.587 E0.03018
G1 X95.346 Y86.216 E0.03018
G1 X95.771 Y86.901 E0.03018
G1 X96.108 Y87.634 E0.03018
G1 X96.352 Y88.402 E0.03018
G1 X96.500 Y89.195 E0.03018
G1 X96.550 Y90.000 E0.03018
G1 E-0.70000 F2100
G1 X97.000 Y90.000 F9000
G1 E0.70000 F1500
;TYPE:External perimeter
G1 F1800
G1 X97.000 Y90.000 E0.00000
G1 X96.953 Y90.813 E0.03046
G1 X96.811 Y91.614 E0.03046
G1 X96.578 Y92.394 E0.03046
G1 X96.255 Y93.142 E0.03046
G1 X95.848 Y93.847 E0.03046
G1 X95.362 Y94.500 E0.03046
G1 X94.804 Y95.092 E0.03046
G1 X94.180 Y95.615 E0.03046
G1 X93.500 Y96.062 E0.03046
G1 X92.773 Y96.428 E0.03046
G1 X92.008 Y96.706 E0.03046
G1 X91.216 Y96.894 E0.03046
G1 X90.407 Y96.988 E0.03046
G1 X89.593 Y96.988 E0.03046
G1 X88.784 Y96.894 E0.03046
G1 X87.992 Y96.706 E0.03046
G1 X87.227 Y96.428 E0.03046
G1 X86.500 Y96.062 E0.03046
G1 X85.820 Y95.615 E0.03046
G1 X85.196 Y95.092 E0.03046
G1 X84.638 Y94.500 E0.03046
G1 X84.152 Y93.847 E0.03046
G1 X83.745 Y93.142 E0.03046
G1 X83.422 Y92.394 E0.03046
G1 X83.189 Y91.614 E0.03046
G1 X83.047 Y90.813 E0.03046
G1 X83.000 Y90.000 E0.03046
G1 X83.047 Y89.187 E0.03046
G1 X83.189 Y88.386 E0.03046
G1 X83.422 Y87.606 E0.03046
G1 X83.745 Y86.858 E0.03046
G1 X84.152 Y86.153 E0.03046
G1 X84.638 Y85.500 E0.03046
G1 X85.196 Y84.908 E0.03046
G1 X85.820 Y84.385 E0.03046
G1 X86.500 Y83.938 E0.03046
G1 X87.227 Y83.572 E0.03046
G1 X87.992 Y83.294 E0.03046
G1 X88.784 Y83.106 E0.03046
G1 X89.593 Y83.012 E0.03046
G1 X90.407 Y83.012 E0.03046
G1 X91.216 Y83.106 E0.03046
G1 X92.008 Y83.294 E0.03046
G1 X92.773 Y83.572 E0.03046
G1 X93.500 Y83.938 E0.03046
G1 X94.180 Y84.385 E0.03046
G1 X94.804 Y84.908 E0.03046
G1 X95.362 Y85.500 E0.03046
G1 X95.848 Y86.153 E0.03046
G1 X96.255 Y86.858 E0.03046
G1 X96.578 Y87.606 E0.03046
G1 X96.811 Y88.386 E0.03046
G1 X96.953 Y89.187 E0.03046
G1 X97.000 Y90.000 E0.03046
G1 E-0.70000 F2100
G1 X91.174 Y83.785 F9000
G1 E0.70000 F1500
;TYPE:Internal infill
G1 F5400
G1 X96.215 Y88.826 E0.26674
G1 X96.067 Y91.789 E0.11101
M73 P18 R13
G1 X88.211 Y83.933 E0.41569
G1 X86.149 Y84.982 E0.08657
G1 X95.018 Y93.851 E0.46929
G1 X93.393 Y95.338 E0.08240
G1 X84.662 Y86.607 E0.46201
G1 X83.783 Y88.838 E0.08975
G1 X91.162 Y96.217 E0.39047
G1 X87.741 Y95.908 E0.12853
G1 X84.092 Y92.259 E0.19305
;LAYER_CHANGE
;Z:7.80
;HEIGHT:0.2
G1 E-0.70000 F2100
G1 Z8.000 F720
G1 X96.550 Y90.000 F9000
G1 Z7.800 F720
G1 E0.70000 F1500
;TYPE:Perimeter
;WIDTH:0.45
G1 F2400
G1 X96.550 Y90.000 E0.00000
G1 X96.500 Y90.805 E0.03018
G1 X96.352 Y91.598 E0.03018
G1 X96.108 Y92.366 E0.03018
G1 X95.771 Y93.099 E0.03018
G1 X95.346 Y93.784 E0.03018
G1 X94.841 Y94.413 E0.03018
G1 X94.262 Y94.974 E0.03018
G1 X93.618 Y95.460 E0.03018
G1 X92.920 Y95.863 E0.03018
G1 X92.177 Y96.178 E0.03018
G1 X91.401 Y96.398 E0.03018
G1 X90.604 Y96.522 E0.03018
G1 X89.798 Y96.547 E0.03018
G1 X88.995 Y96.472 E0.03018
G1 X88.208 Y96.300 E0.03018
G1 X87.447 Y96.032 E0.03018
G1 X86.725 Y95.672 E0.03018
G1 X86.053 Y95.227 E0.03018
G1 X85.440 Y94.702 E0.03018
G1 X84.897 Y94.106 E0.03018
G1 X84.431 Y93.448 E0.03018
G1 X84.050 Y92.738 E0.03018
G1 X83.758 Y91.986 E0.03018
G1 X83.562 Y91.204 E0.03018
G1 X83.462 Y90.403 E0.03018
G1 X83.462 Y89.597 E0.03018
G1 X83.562 Y88.796 E0.03018
G1 X83.758 Y88.014 E0.03018
G1 X84.050 Y87.262 E0.03018
G1 X84.431 Y86.552 E0.03018
G1 X84.897 Y85.894 E0.03018
G1 X85.440 Y85.298 E0.03018
G1 X86.053 Y84.773 E0.03018
G1 X86.725 Y84.328 E0.03018
G1 X87.447 Y83.968 E0.03018
G1 X88.208 Y83.700 E0.03018
G1 X88.995 Y83.528 E0.03018
G1 X89.798 Y83.453 E0.03018
G1 X90.604 Y83.478 E0.03018
G1 X91.401 Y83.602 E0.03018
G1 X92.177 Y83.822 E0.03018
G1 X92.920 Y84.137 E0.03018
G1 X93.618 Y84.540 E0.03018
G1 X94.262 Y85.026 E0.03018
G1 X94.841 Y85.587 E0.03018
G1 X95.346 Y86.216 E0.03018
G1 X95.771 Y86.901 E0.03018
G1 X96.108 Y87.634 E0.03018
G1 X96.352 Y88.402 E0.03018
G1 X96.500 Y89.195 E0.03018
G1 X96.550 Y90.000 E0.03018
G1 E-0.70000 F2100
G1 X97.000 Y90.000 F9000
G1 E0.70000 F1500
;TYPE:External perimeter
G1 F1800
G1 X97.000 Y90.000 E0.00000
G1 X96.953 Y90.813 E0.03046
G1 X96.811 Y91.614 E0.03046
G1 X96.578 Y92.394 E0.03046
G1 X96.255 Y93.142 E0.03046
G1 X95.848 Y93.847 E0.03046
G1 X95.362 Y94.500 E0.03046
G1 X94.804 Y95.092 E0.03046
G1 X94.180 Y95.615 E0.03046
G1 X93.500 Y96.062 E0.03046
G1 X92.773 Y96.428 E0.03046
G1 X92.008 Y96.706 E0.03046
G1 X91.216 Y96.894 E0.03046
G1 X90.407 Y96.988 E0.03046
G1 X89.593 Y96.988 E0.03046
G1 X88.784 Y96.894 E0.03046
G1 X87.992 Y96.706 E0.03046
G1 X87.227 Y96.428 E0.03046
G1 X86.500 Y96.062 E0.03046
G1 X85.820 Y95.615 E0.03046
G1 X85.196 Y95.092 E0.03046
G1 X84.638 Y94.500 E0.03046
G1 X84.152 Y93.847 E0.03046
G1 X83.745 Y93.142 E0.03046
G1 X83.422 Y92.394 E0.03046
G1 X83.189 Y91.614 E0.03046
G1 X83.047 Y90.813 E0.03046
G1 X83.000 Y90.000 E0.03046
G1 X83.047 Y89.187 E0.03046
G1 X83.189 Y88.386 E0.03046
G1 X83.422 Y87.606 E0.03046
G1 X83.745 Y86.858 E0.03046
G1 X84.152 Y86.153 E0.03046
G1 X84.638 Y85.500 E0.03046
G1 X85.196 Y84.908 E0.03046
G1 X85.820 Y84.385 E0.03046
G1 X86.500 Y83.938 E0.03046
G1 X87.227 Y83.572 E0.03046
G1 X87.992 Y83.294 E0.03046
G1 X88.784 Y83.106 E0.03046
G1 X89.593 Y83.012 E0.03046
G1 X90.407 Y83.012 E0.03046
G1 X91.216 Y83.106 E0.03046
G1 X92.008 Y83.294 E0.03046
G1 X92.773 Y83.572 E0.03046
G1 X93.500 Y83.938 E0.03046
G1 X94.180 Y84.385 E0.03046
G1 X94.804 Y84.908 E0.03046
G1 X95.362 Y85.500 E0.03046
G1 X95.848 Y86.153 E0.03046
G1 X96.255 Y86.858 E0.03046
G1 X96.578 Y87.606 E0.03046
G1 X96.811 Y88.386 E0.03046
G1 X96.953 Y89.187 E0.03046
G1 X97.000 Y90.000 E0.03046
G1 E-0.70000 F2100
G1 X83.785 Y88.826 F9000
G1 E0.70000 F1500
;TYPE:Internal infill
G1 F5400
G1 X88.826 Y83.785 E0.26674
G1 X91.789 Y83.933 E0.11101
G1 X83.933 Y91.789 E0.41569
G1 X84.982 Y93.851 E0.08657
G1 X93.851 Y84.982 E0.46929
G1 X95.338 Y86.607 E0.08240
G1 X86.607 Y95.338 E0.46201
G1 X88.838 Y96.217 E0.08975
G1 X96.217 Y88.838 E0.39047
G1 X95.908 Y92.259 E0.12853
G1 X92.259 Y95.908 E0.19305
;LAYER_CHANGE
;Z:8.00
;HEIGHT:0.2
G1 E-0.70000 F2100
G1 Z8.200 F720
G1 X96.550 Y90.000 F9000
G1 Z8.000 F720
G1 E0.70000 F1500
;TYPE:Perimeter
;WIDTH:0.45
G1 F2400
G1 X96.550 Y90.000 E0.00000
G1 X96.500 Y90.805 E0.03018
G1 X96.352 Y91.598 E0.03018
G1 X96.108 Y92.366 E0.03018
G1 X95.771 Y93.099 E0.03018
G1 X95.346 Y93.784 E0.03018
G1 X94.841 Y94.413 E0.03018
G1 X94.262 Y94.974 E0.03018
G1 X93.618 Y95.460 E0.03018
G1 X92.920 Y95.863 E0.03018
G1 X92.177 Y96.178 E0.03018
G1 X91.401 Y96.398 E0.03018
G1 X90.604 Y96.522 E0.03018
G1 X89.798 Y96.547 E0.03018
G1 X88.995 Y96.472 E0.03018
G1 X88.208 Y96.300 E0.03018
G1 X87.447 Y96.032 E0.03018
G1 X86.725 Y95.672 E0.03018
G1 X86.053 Y95.227 E0.03018
G1 X85.440 Y94.702 E0.03018
G1 X84.897 Y94.106 E0.03018
G1 X84.431 Y93.448 E0.03018
G1 X84.050 Y92.738 E0.03018
G1 X83.758 Y91.986 E0.03018
G1 X83.562 Y91.204 E0.03018
G1 X83.462 Y90.403 E0.03018
G1 X83.462 Y89.597 E0.03018
G1 X83.562 Y88.796 E0.03018
G1 X83.758 Y88.014 E0.03018
G1 X84.050 Y87.262 E0.03018
G1 X84.431 Y86.552 E0.03018
G1 X84.897 Y85.894 E0.03018
G1 X85.440 Y85.298 E0.03018
G1 X86.053 Y84.773 E0.03018
G1 X86.725 Y84.328 E0.03018
G1 X87.447 Y83.968 E0.03018
G1 X88.208 Y83.700 E0.03018
G1 X88.995 Y83.528 E0.03018
G1 X89.798 Y83.453 E0.03018
G1 X90.604 Y83.478 E0.03018
G1 X91.401 Y83.602 E0.03018
G1 X92.177 Y83.822 E0.03018
G1 X92.920 Y84.137 E0.03018
G1 X93.618 Y84.540 E0.03018
G1 X94.262 Y85.026 E0.03018
G1 X94.841 Y85.587 E0.03018
G1 X95.346 Y86.216 E0.03018
G1 X95.771 Y86.901 E0.03018
G1 X96.108 Y87.634 E0.03018
G1 X96.352 Y88.402 E0.03018
G1 X96.500 Y89.195 E0.03018
G1 X96.550 Y90.000 E0.03018
G1 E-0.70000 F2100
G1 X97.000 Y90.000 F9000
G1 E0.70000 F1500
;TYPE:External perimeter
G1 F1800
G1 X97.000 Y90.000 E0.00000
G1 X96.953 Y90.813 E0.03046
G1 X96.811 Y91.614 E0.03046
G1 X96.578 Y92.394 E0.03046
G1 X96.255 Y93.142 E0.03046
G1 X95.848 Y93.847 E0.03046
G1 X95.362 Y94.500 E0.03046
G1 X94.804 Y95.092 E0.03046
G1 X94.180 Y95.615 E0.03046
G1 X93.500 Y96.062 E0.03046
G1 X92.773 Y96.428 E0.03046
G1 X92.008 Y96.706 E0.03046
G1 X91.216 Y96.894 E0.03046
G1 X90.407 Y96.988 E0.03046
G1 X89.593 Y96.988 E0.03046
G1 X88.784 Y96.894 E0.03046
G1 X87.992 Y96.706 E0.03046
G1 X87.227 Y96.428 E0.03046
G1 X86.500 Y96.062 E0.03046
G1 X85.820 Y95.615 E0.03046
G1 X85.196 Y95.092 E0.03046
G1 X84.638 Y94.500 E0.03046
G1 X84.152 Y93.847 E0.03046
G1 X83.745 Y93.142 E0.03046
G1 X83.422 Y92.394 E0.03046
G1 X83.189 Y91.614 E0.03046
G1 X83.047 Y90.813 E0.03046
G1 X83.000 Y90.000 E0.03046
G1 X83.047 Y89.187 E0.03046
G1 X83.189 Y88.386 E0.03046
G1 X83.422 Y87.606 E0.03046
G1 X83.745 Y86.858 E0.03046
G1 X84.152 Y86.153 E0.03046
G1 X84.638 Y85.500 E0.03046
G1 X85.196 Y84.908 E0.03046
G1 X85.820 Y84.385 E0.03046
G1 X86.500 Y83.938 E0.03046
G1 X87.227 Y83.572 E0.03046
G1 X87.992 Y83.294 E0.03046
G1 X88.784 Y83.106 E0.03046
G1 X89.593 Y83.012 E0.03046
G1 X90.407 Y83.012 E0.03046
G1 X91.216 Y83.106 E0.03046
G1 X92.008 Y83.294 E0.03046
G1 X92.773 Y83.572 E0.03046
G1 X93.500 Y83.938 E0.03046
G1 X94.180 Y84.385 E0.03046
G1 X94.804 Y84.908 E0.03046
G1 X95.362 Y85.500 E0.03046
G1 X95.848 Y86.153 E0.03046
G1 X96.255 Y86.858 E0.03046
G1 X96.578 Y87.606 E0.03046
G1 X96.811 Y88.386 E0.03046
G1 X96.953 Y89.187 E0.03046
G1 X97.000 Y90.000 E0.03046
G1 E-0.70000 F2100
G1 X91.174 Y83.785 F9000
G1 E0.70000 F1500
;TYPE:Internal infill
G1 F5400
G1 X96.215 Y88.826 E0.26674
G1 X96.067 Y91.789 E0.11101
G1 X88.211 Y83.933 E0.41569
G1 X86.149 Y84.982 E0.08657
G1 X95.018 Y93.851 E0.46929
G1 X93.393 Y95.338 E0.08240
G1 X84.662 Y86.607 E0.46201
G1 X83.783 Y88.838 E0.08975
G1 X91.162 Y96.217 E0.39047
G1 X87.741 Y95.908 E0.12853
G1 X84.092 Y92.259 E0.19305
;LAYER_CHANGE
;Z:8.20
;HEIGHT:0.2
G1 E-0.70000 F2100
G1 Z8.400 F720
G1 X96.550 Y90.000 F9000
G1 Z8.200 F720
G1 E0.70000 F1500
;TYPE:Perimeter
;WIDTH:0.45
G1 F2400
G1 X96.550 Y90.000 E0.00000
G1 X96.500 Y90.805 E0.03018
G1 X96.352 Y91.598 E0.03018
G1 X96.108 Y92.366 E0.03018
G1 X95.771 Y93.099 E0.03018
G1 X95.346 Y93.784 E0.03018
G1 X94.841 Y94.413 E0.03018
G1 X94.262 Y94.974 E0.03018
G1 X93.618 Y95.460 E0.03018
G1 X92.920 Y95.863 E0.03018
G1 X92.177 Y96.178 E0.03018
G1 X91.401 Y96.398 E0.03018
G1 X90.604 Y96.522 E0.03018
G1 X89.798 Y96.547 E0.03018
G1 X88.995 Y96.472 E0.03018
M73 P19 R13
G1 X88.208 Y96.300 E0.03018
G1 X87.447 Y96.032 E0.03018
G1 X86.725 Y95.672 E0.03018
G1 X86.053 Y95.227 E0.03018
G1 X85.440 Y94.702 E0.03018
G1 X84.897 Y94.106 E0.03018
G1 X84.431 Y93.448 E0.03018
G1 X84.050 Y92.738 E0.03018
G1 X83.758 Y91.986 E0.03018
G1 X83.562 Y91.204 E0.03018
G1 X83.462 Y90.403 E0.03018
G1 X83.462 Y89.597 E0.03018
G1 X83.562 Y88.796 E0.03018
G1 X83.758 Y88.014 E0.03018
G1 X84.050 Y87.262 E0.03018
G1 X84.431 Y86.552 E0.03018
G1 X84.897 Y85.894 E0.03018
G1 X85.440 Y85.298 E0.03018
G1 X86.053 Y84.773 E0.03018
G1 X86.725 Y84.328 E0.03018
G1 X87.447 Y83.968 E0.03018
G1 X88.208 Y83.700 E0.03018
G1 X88.995 Y83.528 E0.03018
G1 X89.798 Y83.453 E0.03018
G1 X90.604 Y83.478 E0.03018
G1 X91.401 Y83.602 E0.03018
G1 X92.177 Y83.822 E0.03018
G1 X92.920 Y84.137 E0.03018
G1 X93.618 Y84.540 E0.03018
G1 X94.262 Y85.026 E0.03018
G1 X94.841 Y85.587 E0.03018
G1 X95.346 Y86.216 E0.03018
G1 X95.771 Y86.901 E0.03018
G1 X96.108 Y87.634 E0.03018
G1 X96.352 Y88.402 E0.03018
G1 X96.500 Y89.195 E0.03018
G1 X96.550 Y90.000 E0.03018
G1 E-0.70000 F2100
G1 X97.000 Y90.000 F9000
G1 E0.70000 F1500
;TYPE:External perimeter
G1 F1800
G1 X97.000 Y90.000 E0.00000
G1 X96.953 Y90.813 E0.03046
G1 X96.811 Y91.614 E0.03046
G1 X96.578 Y92.394 E0.03046
G1 X96.255 Y93.142 E0.03046
G1 X95.848 Y93.847 E0.03046
G1 X95.362 Y94.500 E0.03046
G1 X94.804 Y95.092 E0.03046
G1 X94.180 Y95.615 E0.03046
G1 X93.500 Y96.062 E0.03046
G1 X92.773 Y96.428 E0.03046
G1 X92.008 Y96.706 E0.03046
G1 X91.216 Y96.894 E0.03046
G1 X90.407 Y96.988 E0.03046
G1 X89.593 Y96.988 E0.03046
G1 X88.784 Y96.894 E0.03046
G1 X87.992 Y96.706 E0.03046
G1 X87.227 Y96.428 E0.03046
G1 X86.500 Y96.062 E0.03046
G1 X85.820 Y95.615 E0.03046
G1 X85.196 Y95.092 E0.03046
G1 X84.638 Y94.500 E0.03046
G1 X84.152 Y93.847 E0.03046
G1 X83.745 Y93.142 E0.03046
G1 X83.422 Y92.394 E0.03046
G1 X83.189 Y91.614 E0.03046
G1 X83.047 Y90.813 E0.03046
G1 X83.000 Y90.000 E0.03046
G1 X83.047 Y89.187 E0.03046
G1 X83.189 Y88.386 E0.03046
G1 X83.422 Y87.606 E0.03046
G1 X83.745 Y86.858 E0.03046
G1 X84.152 Y86.153 E0.03046
G1 X84.638 Y85.500 E0.03046
G1 X85.196 Y84.908 E0.03046
G1 X85.820 Y84.385 E0.03046
G1 X86.500 Y83.938 E0.03046
G1 X87.227 Y83.572 E0.03046
G1 X87.992 Y83.294 E0.03046
G1 X88.784 Y83.106 E0.03046
G1 X89.593 Y83.012 E0.03046
G1 X90.407 Y83.012 E0.03046
G1 X91.216 Y83.106 E0.03046
G1 X92.008 Y83.294 E0.03046
G1 X92.773 Y83.572 E0.03046
G1 X93.500 Y83.938 E0.03046
G1 X94.180 Y84.385 E0.03046
G1 X94.804 Y84.908 E0.03046
G1 X95.362 Y85.500 E0.03046
G1 X95.848 Y86.153 E0.03046
G1 X96.255 Y86.858 E0.03046
G1 X96.578 Y87.606 E0.03046
G1 X96.811 Y88.386 E0.03046
G1 X96.953 Y89.187 E0.03046
G1 X97.000 Y90.000 E0.03046
G1 E-0.70000 F2100
G1 X83.785 Y88.826 F9000
G1 E0.70000 F1500
;TYPE:Internal infill
G1 F5400
G1 X88.826 Y83.785 E0.26674
G1 X91.789 Y83.933 E0.11101
G1 X83.933 Y91.789 E0.41569
G1 X84.982 Y93.851 E0.08657
G1 X93.851 Y84.982 E0.46929
G1 X95.338 Y86.607 E0.08240
G1 X86.607 Y95.338 E0.46201
G1 X88.838 Y96.217 E0.08975
G1 X96.217 Y88.838 E0.39047
G1 X95.908 Y92.259 E0.12853
G1 X92.259 Y95.908 E0.19305
;LAYER_CHANGE
;Z:8.40
;HEIGHT:0.2
G1 E-0.70000 F2100
G1 Z8.600 F720
G1 X96.550 Y90.000 F9000
G1 Z8.400 F720
G1 E0.70000 F1500
;TYPE:Perimeter
;WIDTH:0.45
G1 F2400
G1 X96.550 Y90.000 E0.00000
G1 X96.500 Y90.805 E0.03018
G1 X96.352 Y91.598 E0.03018
G1 X96.108 Y92.366 E0.03018
G1 X95.771 Y93.099 E0.03018
G1 X95.346 Y93.784 E0.03018
G1 X94.841 Y94.413 E0.03018
G1 X94.262 Y94.974 E0.03018
G1 X93.618 Y95.460 E0.03018
G1 X92.920 Y95.863 E0.03018
G1 X92.177 Y96.178 E0.03018
G1 X91.401 Y96.398 E0.03018
G1 X90.604 Y96.522 E0.03018
G1 X89.798 Y96.547 E0.03018
G1 X88.995 Y96.472 E0.03018
G1 X88.208 Y96.300 E0.03018
G1 X87.447 Y96.032 E0.03018
G1 X86.725 Y95.672 E0.03018
G1 X86.053 Y95.227 E0.03018
G1 X85.440 Y94.702 E0.03018
G1 X84.897 Y94.106 E0.03018
G1 X84.431 Y93.448 E0.03018
G1 X84.050 Y92.738 E0.03018
G1 X83.758 Y91.986 E0.03018
G1 X83.562 Y91.204 E0.03018
G1 X83.462 Y90.403 E0.03018
G1 X83.462 Y89.597 E0.03018
G1 X83.562 Y88.796 E0.03018
G1 X83.758 Y88.014 E0.03018
G1 X84.050 Y87.262 E0.03018
G1 X84.431 Y86.552 E0.03018
G1 X84.897 Y85.894 E0.03018
G1 X85.440 Y85.298 E0.03018
G1 X86.053 Y84.773 E0.03018
G1 X86.725 Y84.328 E0.03018
G1 X87.447 Y83.968 E0.03018
G1 X88.208 Y83.700 E0.03018
G1 X88.995 Y83.528 E0.03018
G1 X89.798 Y83.453 E0.03018
G1 X90.604 Y83.478 E0.03018
G1 X91.401 Y83.602 E0.03018
G1 X92.177 Y83.822 E0.03018
G1 X92.920 Y84.137 E0.03018
G1 X93.618 Y84.540 E0.03018
G1 X94.262 Y85.026 E0.03018
G1 X94.841 Y85.587 E0.03018
G1 X95.346 Y86.216 E0.03018
G1 X95.771 Y86.901 E0.03018
G1 X96.108 Y87.634 E0.03018
G1 X96.352 Y88.402 E0.03018
G1 X96.500 Y89.195 E0.03018
G1 X96.550 Y90.000 E0.03018
G1 E-0.70000 F2100
G1 X97.000 Y90.000 F9000
G1 E0.70000 F1500
;TYPE:External perimeter
G1 F1800
G1 X97.000 Y90.000 E0.00000
G1 X96.953 Y90.813 E0.03046
G1 X96.811 Y91.614 E0.03046
G1 X96.578 Y92.394 E0.03046
G1 X96.255 Y93.142 E0.03046
G1 X95.848 Y93.847 E0.03046
G1 X95.362 Y94.500 E0.03046
G1 X94.804 Y95.092 E0.03046
G1 X94.180 Y95.615 E0.03046
G1 X93.500 Y96.062 E0.03046
G1 X92.773 Y96.428 E0.03046
G1 X92.008 Y96.706 E0.03046
G1 X91.216 Y96.894 E0.03046
G1 X90.407 Y96.988 E0.03046
G1 X89.593 Y96.988 E0.03046
G1 X88.784 Y96.894 E0.03046
G1 X87.992 Y96.706 E0.03046
G1 X87.227 Y96.428 E0.03046
G1 X86.500 Y96.062 E0.03046
G1 X85.820 Y95.615 E0.03046
G1 X85.196 Y95.092 E0.03046
G1 X84.638 Y94.500 E0.03046
G1 X84.152 Y93.847 E0.03046
G1 X83.745 Y93.142 E0.03046
G1 X83.422 Y92.394 E0.03046
G1 X83.189 Y91.614 E0.03046
G1 X83.047 Y90.813 E0.03046
G1 X83.000 Y90.000 E0.03046
G1 X83.047 Y89.187 E0.03046
G1 X83.189 Y88.386 E0.03046
G1 X83.422 Y87.606 E0.03046
G1 X83.745 Y86.858 E0.03046
G1 X84.152 Y86.153 E0.03046
G1 X84.638 Y85.500 E0.03046
G1 X85.196 Y84.908 E0.03046
G1 X85.820 Y84.385 E0.03046
G1 X86.500 Y83.938 E0.03046
G1 X87.227 Y83.572 E0.03046
G1 X87.992 Y83.294 E0.03046
G1 X88.784 Y83.106 E0.03046
G1 X89.593 Y83.012 E0.03046
G1 X90.407 Y83.012 E0.03046
G1 X91.216 Y83.106 E0.03046
G1 X92.008 Y83.294 E0.03046
G1 X92.773 Y83.572 E0.03046
G1 X93.500 Y83.938 E0.03046
G1 X94.180 Y84.385 E0.03046
G1 X94.804 Y84.908 E0.03046
G1 X95.362 Y85.500 E0.03046
G1 X95.848 Y86.153 E0.03046
G1 X96.255 Y86.858 E0.03046
G1 X96.578 Y87.606 E0.03046
G1 X96.811 Y88.386 E0.03046
G1 X96.953 Y89.187 E0.03046
G1 X97.000 Y90.000 E0.03046
G1 E-0.70000 F2100
G1 X91.174 Y83.785 F9000
G1 E0.70000 F1500
;TYPE:Internal infill
G1 F5400
G1 X96.215 Y88.826 E0.26674
G1 X96.067 Y91.789 E0.11101
G1 X88.211 Y83.933 E0.41569
G1 X86.149 Y84.982 E0.08657
G1 X95.018 Y93.851 E0.46929
G1 X93.393 Y95.338 E0.08240
G1 X84.662 Y86.607 E0.46201
G1 X83.783 Y88.838 E0.08975
G1 X91.162 Y96.217 E0.39047
G1 X87.741 Y95.908 E0.12853
G1 X84.092 Y92.259 E0.19305
;LAYER_CHANGE
;Z:8.60
;HEIGHT:0.2
G1 E-0.70000 F2100
G1 Z8.800 F720
G1 X96.550 Y90.000 F9000
G1 Z8.600 F720
G1 E0.70000 F1500
;TYPE:Perimeter
;WIDTH:0.45
G1 F2400
G1 X96.550 Y90.000 E0.00000
G1 X96.500 Y90.805 E0.03018
G1 X96.352 Y91.598 E0.03018
G1 X96.108 Y92.366 E0.03018
G1 X95.771 Y93.099 E0.03018
G1 X95.346 Y93.784 E0.03018
G1 X94.841 Y94.413 E0.03018
G1 X94.262 Y94.974 E0.03018
G1 X93.618 Y95.460 E0.03018
G1 X92.920 Y95.863 E0.03018
G1 X92.177 Y96.178 E0.03018
G1 X91.401 Y96.398 E0.03018
G1 X90.604 Y96.522 E0.03018
G1 X89.798 Y96.547 E0.03018
G1 X88.995 Y96.472 E0.03018
G1 X88.208 Y96.300 E0.03018
G1 X87.447 Y96.032 E0.03018
G1 X86.725 Y95.672 E0.03018
G1 X86.053 Y95.227 E0.03018
G1 X85.440 Y94.702 E0.03018
G1 X84.897 Y94.106 E0.03018
G1 X84.431 Y93.448 E0.03018
G1 X84.050 Y92.738 E0.03018
G1 X83.758 Y91.986 E0.03018
G1 X83.562 Y91.204 E0.03018
G1 X83.462 Y90.403 E0.03018
G1 X83.462 Y89.597 E0.03018
G1 X83.562 Y88.796 E0.03018
G1 X83.758 Y88.014 E0.03018
G1 X84.050 Y87.262 E0.03018
G1 X84.431 Y86.552 E0.03018
G1 X84.897 Y85.894 E0.03018
G1 X85.440 Y85.298 E0.03018
G1 X86.053 Y84.773 E0.03018
G1 X86.725 Y84.328 E0.03018
G1 X87.447 Y83.968 E0.03018
G1 X88.208 Y83.700 E0.03018
G1 X88.995 Y83.528 E0.03018
G1 X89.798 Y83.453 E0.03018
G1 X90.604 Y83.478 E0.03018
G1 X91.401 Y83.602 E0.03018
G1 X92.177 Y83.822 E0.03018
G1 X92.920 Y84.137 E0.03018
G1 X93.618 Y84.540 E0.03018
G1 X94.262 Y85.026 E0.03018
G1 X94.841 Y85.587 E0.03018
G1 X95.346 Y86.216 E0.03018
G1 X95.771 Y86.901 E0.03018
G1 X96.108 Y87.634 E0.03018
G1 X96.352 Y88.402 E0.03018
G1 X96.500 Y89.195 E0.03018
G1 X96.550 Y90.000 E0.03018
G1 E-0.70000 F2100
G1 X97.000 Y90.000 F9000
G1 E0.70000 F1500
;TYPE:External perimeter
G1 F1800
G1 X97.000 Y90.000 E0.00000
G1 X96.953 Y90.813 E0.03046
G1 X96.811 Y91.614 E0.03046
G1 X96.578 Y92.394 E0.03046
G1 X96.255 Y93.142 E0.03046
G1 X95.848 Y93.847 E0.03046
G1 X95.362 Y94.500 E0.03046
G1 X94.804 Y95.092 E0.03046
G1 X94.180 Y95.615 E0.03046
G1 X93.500 Y96.062 E0.03046
M73 P20 R12
G1 X92.773 Y96.428 E0.03046
G1 X92.008 Y96.706 E0.03046
G1 X91.216 Y96.894 E0.03046
G1 X90.407 Y96.988 E0.03046
G1 X89.593 Y96.988 E0.03046
G1 X88.784 Y96.894 E0.03046
G1 X87.992 Y96.706 E0.03046
G1 X87.227 Y96.428 E0.03046
G1 X86.500 Y96.062 E0.03046
G1 X85.820 Y95.615 E0.03046
G1 X85.196 Y95.092 E0.03046
G1 X84.638 Y94.500 E0.03046
G1 X84.152 Y93.847 E0.03046
G1 X83.745 Y93.142 E0.03046
G1 X83.422 Y92.394 E0.03046
G1 X83.189 Y91.614 E0.03046
G1 X83.047 Y90.813 E0.03046
G1 X83.000 Y90.000 E0.03046
G1 X83.047 Y89.187 E0.03046
G1 X83.189 Y88.386 E0.03046
G1 X83.422 Y87.606 E0.03046
G1 X83.745 Y86.858 E0.03046
G1 X84.152 Y86.153 E0.03046
G1 X84.638 Y85.500 E0.03046
G1 X85.196 Y84.908 E0.03046
G1 X85.820 Y84.385 E0.03046
G1 X86.500 Y83.938 E0.03046
G1 X87.227 Y83.572 E0.03046
G1 X87.992 Y83.294 E0.03046
G1 X88.784 Y83.106 E0.03046
G1 X89.593 Y83.012 E0.03046
G1 X90.407 Y83.012 E0.03046
G1 X91.216 Y83.106 E0.03046
G1 X92.008 Y83.294 E0.03046
G1 X92.773 Y83.572 E0.03046
G1 X93.500 Y83.938 E0.03046
G1 X94.180 Y84.385 E0.03046
G1 X94.804 Y84.908 E0.03046
G1 X95.362 Y85.500 E0.03046
G1 X95.848 Y86.153 E0.03046
G1 X96.255 Y86.858 E0.03046
G1 X96.578 Y87.606 E0.03046
G1 X96.811 Y88.386 E0.03046
G1 X96.953 Y89.187 E0.03046
G1 X97.000 Y90.000 E0.03046
G1 E-0.70000 F2100
G1 X83.785 Y88.826 F9000
G1 E0.70000 F1500
;TYPE:Internal infill
G1 F5400
G1 X88.826 Y83.785 E0.26674
G1 X91.789 Y83.933 E0.11101
G1 X83.933 Y91.789 E0.41569
G1 X84.982 Y93.851 E0.08657
G1 X93.851 Y84.982 E0.46929
G1 X95.338 Y86.607 E0.08240
G1 X86.607 Y95.338 E0.46201
G1 X88.838 Y96.217 E0.08975
G1 X96.217 Y88.838 E0.39047
G1 X95.908 Y92.259 E0.12853
G1 X92.259 Y95.908 E0.19305
;LAYER_CHANGE
;Z:8.80
;HEIGHT:0.2
G1 E-0.70000 F2100
G1 Z9.000 F720
G1 X96.550 Y90.000 F9000
G1 Z8.800 F720
G1 E0.70000 F1500
;TYPE:Perimeter
;WIDTH:0.45
G1 F2400
G1 X96.550 Y90.000 E0.00000
G1 X96.500 Y90.805 E0.03018
G1 X96.352 Y91.598 E0.03018
G1 X96.108 Y92.366 E0.03018
G1 X95.771 Y93.099 E0.03018
G1 X95.346 Y93.784 E0.03018
G1 X94.841 Y94.413 E0.03018
G1 X94.262 Y94.974 E0.03018
G1 X93.618 Y95.460 E0.03018
G1 X92.920 Y95.863 E0.03018
G1 X92.177 Y96.178 E0.03018
G1 X91.401 Y96.398 E0.03018
G1 X90.604 Y96.522 E0.03018
G1 X89.798 Y96.547 E0.03018
G1 X88.995 Y96.472 E0.03018
G1 X88.208 Y96.300 E0.03018
G1 X87.447 Y96.032 E0.03018
G1 X86.725 Y95.672 E0.03018
G1 X86.053 Y95.227 E0.03018
G1 X85.440 Y94.702 E0.03018
G1 X84.897 Y94.106 E0.03018
G1 X84.431 Y93.448 E0.03018
G1 X84.050 Y92.738 E0.03018
G1 X83.758 Y91.986 E0.03018
G1 X83.562 Y91.204 E0.03018
G1 X83.462 Y90.403 E0.03018
G1 X83.462 Y89.597 E0.03018
G1 X83.562 Y88.796 E0.03018
G1 X83.758 Y88.014 E0.03018
G1 X84.050 Y87.262 E0.03018
G1 X84.431 Y86.552 E0.03018
G1 X84.897 Y85.894 E0.03018
G1 X85.440 Y85.298 E0.03018
G1 X86.053 Y84.773 E0.03018
G1 X86.725 Y84.328 E0.03018
G1 X87.447 Y83.968 E0.03018
G1 X88.208 Y83.700 E0.03018
G1 X88.995 Y83.528 E0.03018
G1 X89.798 Y83.453 E0.03018
G1 X90.604 Y83.478 E0.03018
G1 X91.401 Y83.602 E0.03018
G1 X92.177 Y83.822 E0.03018
G1 X92.920 Y84.137 E0.03018
G1 X93.618 Y84.540 E0.03018
G1 X94.262 Y85.026 E0.03018
G1 X94.841 Y85.587 E0.03018
G1 X95.346 Y86.216 E0.03018
G1 X95.771 Y86.901 E0.03018
G1 X96.108 Y87.634 E0.03018
G1 X96.352 Y88.402 E0.03018
G1 X96.500 Y89.195 E0.03018
G1 X96.550 Y90.000 E0.03018
G1 E-0.70000 F2100
G1 X97.000 Y90.000 F9000
G1 E0.70000 F1500
;TYPE:External perimeter
G1 F1800
G1 X97.000 Y90.000 E0.00000
G1 X96.953 Y90.813 E0.03046
G1 X96.811 Y91.614 E0.03046
G1 X96.578 Y92.394 E0.03046
G1 X96.255 Y93.142 E0.03046
G1 X95.848 Y93.847 E0.03046
G1 X95.362 Y94.500 E0.03046
G1 X94.804 Y95.092 E0.03046
G1 X94.180 Y95.615 E0.03046
G1 X93.500 Y96.062 E0.03046
G1 X92.773 Y96.428 E0.03046
G1 X92.008 Y96.706 E0.03046
G1 X91.216 Y96.894 E0.03046
G1 X90.407 Y96.988 E0.03046
G1 X89.593 Y96.988 E0.03046
G1 X88.784 Y96.894 E0.03046
G1 X87.992 Y96.706 E0.03046
G1 X87.227 Y96.428 E0.03046
G1 X86.500 Y96.062 E0.03046
G1 X85.820 Y95.615 E0.03046
G1 X85.196 Y95.092 E0.03046
G1 X84.638 Y94.500 E0.03046
G1 X84.152 Y93.847 E0.03046
G1 X83.745 Y93.142 E0.03046
G1 X83.422 Y92.394 E0.03046
G1 X83.189 Y91.614 E0.03046
G1 X83.047 Y90.813 E0.03046
G1 X83.000 Y90.000 E0.03046
G1 X83.047 Y89.187 E0.03046
G1 X83.189 Y88.386 E0.03046
G1 X83.422 Y87.606 E0.03046
G1 X83.745 Y86.858 E0.03046
G1 X84.152 Y86.153 E0.03046
G1 X84.638 Y85.500 E0.03046
G1 X85.196 Y84.908 E0.03046
G1 X85.820 Y84.385 E0.03046
G1 X86.500 Y83.938 E0.03046
G1 X87.227 Y83.572 E0.03046
G1 X87.992 Y83.294 E0.03046
G1 X88.784 Y83.106 E0.03046
G1 X89.593 Y83.012 E0.03046
G1 X90.407 Y83.012 E0.03046
G1 X91.216 Y83.106 E0.03046
G1 X92.008 Y83.294 E0.03046
G1 X92.773 Y83.572 E0.03046
G1 X93.500 Y83.938 E0.03046
G1 X94.180 Y84.385 E0.03046
G1 X94.804 Y84.908 E0.03046
G1 X95.362 Y85.500 E0.03046
G1 X95.848 Y86.153 E0.03046
G1 X96.255 Y86.858 E0.03046
G1 X96.578 Y87.606 E0.03046
G1 X96.811 Y88.386 E0.03046
G1 X96.953 Y89.187 E0.03046
G1 X97.000 Y90.000 E0.03046
G1 E-0.70000 F2100
G1 X91.174 Y83.785 F9000
G1 E0.70000 F1500
;TYPE:Internal infill
G1 F5400
G1 X96.215 Y88.826 E0.26674
G1 X96.067 Y91.789 E0.11101
G1 X88.211 Y83.933 E0.41569
G1 X86.149 Y84.982 E0.08657
G1 X95.018 Y93.851 E0.46929
G1 X93.393 Y95.338 E0.08240
G1 X84.662 Y86.607 E0.46201
G1 X83.783 Y88.838 E0.08975
G1 X91.162 Y96.217 E0.39047
G1 X87.741 Y95.908 E0.12853
G1 X84.092 Y92.259 E0.19305
;LAYER_CHANGE
;Z:9.00
;HEIGHT:0.2
G1 E-0.70000 F2100
G1 Z9.200 F720
G1 X96.550 Y90.000 F9000
G1 Z9.000 F720
G1 E0.70000 F1500
;TYPE:Perimeter
;WIDTH:0.45
G1 F2400
G1 X96.550 Y90.000 E0.00000
G1 X96.500 Y90.805 E0.03018
G1 X96.352 Y91.598 E0.03018
G1 X96.108 Y92.366 E0.03018
G1 X95.771 Y93.099 E0.03018
G1 X95.346 Y93.784 E0.03018
G1 X94.841 Y94.413 E0.03018
G1 X94.262 Y94.974 E0.03018
G1 X93.618 Y95.460 E0.03018
G1 X92.920 Y95.863 E0.03018
G1 X92.177 Y96.178 E0.03018
G1 X91.401 Y96.398 E0.03018
G1 X90.604 Y96.522 E0.03018
G1 X89.798 Y96.547 E0.03018
G1 X88.995 Y96.472 E0.03018
G1 X88.208 Y96.300 E0.03018
G1 X87.447 Y96.032 E0.03018
G1 X86.725 Y95.672 E0.03018
G1 X86.053 Y95.227 E0.03018
G1 X85.440 Y94.702 E0.03018
G1 X84.897 Y94.106 E0.03018
G1 X84.431 Y93.448 E0.03018
G1 X84.050 Y92.738 E0.03018
G1 X83.758 Y91.986 E0.03018
G1 X83.562 Y91.204 E0.03018
G1 X83.462 Y90.403 E0.03018
G1 X83.462 Y89.597 E0.03018
G1 X83.562 Y88.796 E0.03018
G1 X83.758 Y88.014 E0.03018
G1 X84.050 Y87.262 E0.03018
G1 X84.431 Y86.552 E0.03018
G1 X84.897 Y85.894 E0.03018
G1 X85.440 Y85.298 E0.03018
G1 X86.053 Y84.773 E0.03018
G1 X86.725 Y84.328 E0.03018
G1 X87.447 Y83.968 E0.03018
G1 X88.208 Y83.700 E0.03018
G1 X88.995 Y83.528 E0.03018
G1 X89.798 Y83.453 E0.03018
G1 X90.604 Y83.478 E0.03018
G1 X91.401 Y83.602 E0.03018
G1 X92.177 Y83.822 E0.03018
G1 X92.920 Y84.137 E0.03018
G1 X93.618 Y84.540 E0.03018
G1 X94.262 Y85.026 E0.03018
G1 X94.841 Y85.587 E0.03018
G1 X95.346 Y86.216 E0.03018
G1 X95.771 Y86.901 E0.03018
G1 X96.108 Y87.634 E0.03018
G1 X96.352 Y88.402 E0.03018
G1 X96.500 Y89.195 E0.03018
G1 X96.550 Y90.000 E0.03018
G1 E-0.70000 F2100
G1 X97.000 Y90.000 F9000
G1 E0.70000 F1500
;TYPE:External perimeter
G1 F1800
G1 X97.000 Y90.000 E0.00000
G1 X96.953 Y90.813 E0.03046
G1 X96.811 Y91.614 E0.03046
G1 X96.578 Y92.394 E0.03046
G1 X96.255 Y93.142 E0.03046
G1 X95.848 Y93.847 E0.03046
G1 X95.362 Y94.500 E0.03046
G1 X94.804 Y95.092 E0.03046
G1 X94.180 Y95.615 E0.03046
G1 X93.500 Y96.062 E0.03046
G1 X92.773 Y96.428 E0.03046
G1 X92.008 Y96.706 E0.03046
G1 X91.216 Y96.894 E0.03046
G1 X90.407 Y96.988 E0.03046
G1 X89.593 Y96.988 E0.03046
G1 X88.784 Y96.894 E0.03046
G1 X87.992 Y96.706 E0.03046
G1 X87.227 Y96.428 E0.03046
G1 X86.500 Y96.062 E0.03046
G1 X85.820 Y95.615 E0.03046
G1 X85.196 Y95.092 E0.03046
G1 X84.638 Y94.500 E0.03046
G1 X84.152 Y93.847 E0.03046
G1 X83.745 Y93.142 E0.03046
G1 X83.422 Y92.394 E0.03046
G1 X83.189 Y91.614 E0.03046
G1 X83.047 Y90.813 E0.03046
G1 X83.000 Y90.000 E0.03046
G1 X83.047 Y89.187 E0.03046
G1 X83.189 Y88.386 E0.03046
G1 X83.422 Y87.606 E0.03046
G1 X83.745 Y86.858 E0.03046
G1 X84.152 Y86.153 E0.03046
G1 X84.638 Y85.500 E0.03046
G1 X85.196 Y84.908 E0.03046
G1 X85.820 Y84.385 E0.03046
G1 X86.500 Y83.938 E0.03046
G1 X87.227 Y83.572 E0.03046
G1 X87.992 Y83.294 E0.03046
G1 X88.784 Y83.106 E0.03046
G1 X89.593 Y83.012 E0.03046
G1 X90.407 Y83.012 E0.03046
G1 X91.216 Y83.106 E0.03046
G1 X92.008 Y83.294 E0.03046
G1 X92.773 Y83.572 E0.03046
G1 X93.500 Y83.938 E0.03046
G1 X94.180 Y84.385 E0.03046
G1 X94.804 Y84.908 E0.03046
G1 X95.362 Y85.500 E0.03046
G1 X95.848 Y86.153 E0.03046
M73 P21 R12
G1 X96.255 Y86.858 E0.03046
G1 X96.578 Y87.606 E0.03046
G1 X96.811 Y88.386 E0.03046
G1 X96.953 Y89.187 E0.03046
G1 X97.000 Y90.000 E0.03046
G1 E-0.70000 F2100
G1 X83.785 Y88.826 F9000
G1 E0.70000 F1500
;TYPE:Internal infill
G1 F5400
G1 X88.826 Y83.785 E0.26674
G1 X91.789 Y83.933 E0.11101
G1 X83.933 Y91.789 E0.41569
G1 X84.982 Y93.851 E0.08657
G1 X93.851 Y84.982 E0.46929
G1 X95.338 Y86.607 E0.08240
G1 X86.607 Y95.338 E0.46201
G1 X88.838 Y96.217 E0.08975
G1 X96.217 Y88.838 E0.39047
G1 X95.908 Y92.259 E0.12853
G1 X92.259 Y95.908 E0.19305
;LAYER_CHANGE
;Z:9.20
;HEIGHT:0.2
G1 E-0.70000 F2100
G1 Z9.400 F720
G1 X96.550 Y90.000 F9000
G1 Z9.200 F720
G1 E0.70000 F1500
;TYPE:Perimeter
;WIDTH:0.45
G1 F2400
G1 X96.550 Y90.000 E0.00000
G1 X96.500 Y90.805 E0.03018
G1 X96.352 Y91.598 E0.03018
G1 X96.108 Y92.366 E0.03018
G1 X95.771 Y93.099 E0.03018
G1 X95.346 Y93.784 E0.03018
G1 X94.841 Y94.413 E0.03018
G1 X94.262 Y94.974 E0.03018
G1 X93.618 Y95.460 E0.03018
G1 X92.920 Y95.863 E0.03018
G1 X92.177 Y96.178 E0.03018
G1 X91.401 Y96.398 E0.03018
G1 X90.604 Y96.522 E0.03018
G1 X89.798 Y96.547 E0.03018
G1 X88.995 Y96.472 E0.03018
G1 X88.208 Y96.300 E0.03018
G1 X87.447 Y96.032 E0.03018
G1 X86.725 Y95.672 E0.03018
G1 X86.053 Y95.227 E0.03018
G1 X85.440 Y94.702 E0.03018
G1 X84.897 Y94.106 E0.03018
G1 X84.431 Y93.448 E0.03018
G1 X84.050 Y92.738 E0.03018
G1 X83.758 Y91.986 E0.03018
G1 X83.562 Y91.204 E0.03018
G1 X83.462 Y90.403 E0.03018
G1 X83.462 Y89.597 E0.03018
G1 X83.562 Y88.796 E0.03018
G1 X83.758 Y88.014 E0.03018
G1 X84.050 Y87.262 E0.03018
G1 X84.431 Y86.552 E0.03018
G1 X84.897 Y85.894 E0.03018
G1 X85.440 Y85.298 E0.03018
G1 X86.053 Y84.773 E0.03018
G1 X86.725 Y84.328 E0.03018
G1 X87.447 Y83.968 E0.03018
G1 X88.208 Y83.700 E0.03018
G1 X88.995 Y83.528 E0.03018
G1 X89.798 Y83.453 E0.03018
G1 X90.604 Y83.478 E0.03018
G1 X91.401 Y83.602 E0.03018
G1 X92.177 Y83.822 E0.03018
G1 X92.920 Y84.137 E0.03018
G1 X93.618 Y84.540 E0.03018
G1 X94.262 Y85.026 E0.03018
G1 X94.841 Y85.587 E0.03018
G1 X95.346 Y86.216 E0.03018
G1 X95.771 Y86.901 E0.03018
G1 X96.108 Y87.634 E0.03018
G1 X96.352 Y88.402 E0.03018
G1 X96.500 Y89.195 E0.03018
G1 X96.550 Y90.000 E0.03018
G1 E-0.70000 F2100
G1 X97.000 Y90.000 F9000
G1 E0.70000 F1500
;TYPE:External perimeter
G1 F1800
G1 X97.000 Y90.000 E0.00000
G1 X96.953 Y90.813 E0.03046
G1 X96.811 Y91.614 E0.03046
G1 X96.578 Y92.394 E0.03046
G1 X96.255 Y93.142 E0.03046
G1 X95.848 Y93.847 E0.03046
G1 X95.362 Y94.500 E0.03046
G1 X94.804 Y95.092 E0.03046
G1 X94.180 Y95.615 E0.03046
G1 X93.500 Y96.062 E0.03046
G1 X92.773 Y96.428 E0.03046
G1 X92.008 Y96.706 E0.03046
G1 X91.216 Y96.894 E0.03046
G1 X90.407 Y96.988 E0.03046
G1 X89.593 Y96.988 E0.03046
G1 X88.784 Y96.894 E0.03046
G1 X87.992 Y96.706 E0.03046
G1 X87.227 Y96.428 E0.03046
G1 X86.500 Y96.062 E0.03046
G1 X85.820 Y95.615 E0.03046
G1 X85.196 Y95.092 E0.03046
G1 X84.638 Y94.500 E0.03046
G1 X84.152 Y93.847 E0.03046
G1 X83.745 Y93.142 E0.03046
G1 X83.422 Y92.394 E0.03046
G1 X83.189 Y91.614 E0.03046
G1 X83.047 Y90.813 E0.03046
G1 X83.000 Y90.000 E0.03046
G1 X83.047 Y89.187 E0.03046
G1 X83.189 Y88.386 E0.03046
G1 X83.422 Y87.606 E0.03046
G1 X83.745 Y86.858 E0.03046
G1 X84.152 Y86.153 E0.03046
G1 X84.638 Y85.500 E0.03046
G1 X85.196 Y84.908 E0.03046
G1 X85.820 Y84.385 E0.03046
G1 X86.500 Y83.938 E0.03046
G1 X87.227 Y83.572 E0.03046
G1 X87.992 Y83.294 E0.03046
G1 X88.784 Y83.106 E0.03046
G1 X89.593 Y83.012 E0.03046
G1 X90.407 Y83.012 E0.03046
G1 X91.216 Y83.106 E0.03046
G1 X92.008 Y83.294 E0.03046
G1 X92.773 Y83.572 E0.03046
G1 X93.500 Y83.938 E0.03046
G1 X94.180 Y84.385 E0.03046
G1 X94.804 Y84.908 E0.03046
G1 X95.362 Y85.500 E0.03046
G1 X95.848 Y86.153 E0.03046
G1 X96.255 Y86.858 E0.03046
G1 X96.578 Y87.606 E0.03046
G1 X96.811 Y88.386 E0.03046
G1 X96.953 Y89.187 E0.03046
G1 X97.000 Y90.000 E0.03046
G1 E-0.70000 F2100
G1 X91.174 Y83.785 F9000
G1 E0.70000 F1500
;TYPE:Internal infill
G1 F5400
G1 X96.215 Y88.826 E0.26674
G1 X96.067 Y91.789 E0.11101
G1 X88.211 Y83.933 E0.41569
G1 X86.149 Y84.982 E0.08657
G1 X95.018 Y93.851 E0.46929
G1 X93.393 Y95.338 E0.08240
G1 X84.662 Y86.607 E0.46201
G1 X83.783 Y88.838 E0.08975
G1 X91.162 Y96.217 E0.39047
G1 X87.741 Y95.908 E0.12853
G1 X84.092 Y92.259 E0.19305
;LAYER_CHANGE
;Z:9.40
;HEIGHT:0.2
G1 E-0.70000 F2100
G1 Z9.600 F720
G1 X96.550 Y90.000 F9000
G1 Z9.400 F720
G1 E0.70000 F1500
;TYPE:Perimeter
;WIDTH:0.45
G1 F2400
G1 X96.550 Y90.000 E0.00000
G1 X96.500 Y90.805 E0.03018
G1 X96.352 Y91.598 E0.03018
G1 X96.108 Y92.366 E0.03018
G1 X95.771 Y93.099 E0.03018
G1 X95.346 Y93.784 E0.03018
G1 X94.841 Y94.413 E0.03018
G1 X94.262 Y94.974 E0.03018
G1 X93.618 Y95.460 E0.03018
G1 X92.920 Y95.863 E0.03018
G1 X92.177 Y96.178 E0.03018
G1 X91.401 Y96.398 E0.03018
G1 X90.604 Y96.522 E0.03018
G1 X89.798 Y96.547 E0.03018
G1 X88.995 Y96.472 E0.03018
G1 X88.208 Y96.300 E0.03018
G1 X87.447 Y96.032 E0.03018
G1 X86.725 Y95.672 E0.03018
G1 X86.053 Y95.227 E0.03018
G1 X85.440 Y94.702 E0.03018
G1 X84.897 Y94.106 E0.03018
G1 X84.431 Y93.448 E0.03018
G1 X84.050 Y92.738 E0.03018
G1 X83.758 Y91.986 E0.03018
G1 X83.562 Y91.204 E0.03018
G1 X83.462 Y90.403 E0.03018
G1 X83.462 Y89.597 E0.03018
G1 X83.562 Y88.796 E0.03018
G1 X83.758 Y88.014 E0.03018
G1 X84.050 Y87.262 E0.03018
G1 X84.431 Y86.552 E0.03018
G1 X84.897 Y85.894 E0.03018
G1 X85.440 Y85.298 E0.03018
G1 X86.053 Y84.773 E0.03018
G1 X86.725 Y84.328 E0.03018
G1 X87.447 Y83.968 E0.03018
G1 X88.208 Y83.700 E0.03018
G1 X88.995 Y83.528 E0.03018
G1 X89.798 Y83.453 E0.03018
G1 X90.604 Y83.478 E0.03018
G1 X91.401 Y83.602 E0.03018
G1 X92.177 Y83.822 E0.03018
G1 X92.920 Y84.137 E0.03018
G1 X93.618 Y84.540 E0.03018
G1 X94.262 Y85.026 E0.03018
G1 X94.841 Y85.587 E0.03018
G1 X95.346 Y86.216 E0.03018
G1 X95.771 Y86.901 E0.03018
G1 X96.108 Y87.634 E0.03018
G1 X96.352 Y88.402 E0.03018
G1 X96.500 Y89.195 E0.03018
G1 X96.550 Y90.000 E0.03018
G1 E-0.70000 F2100
G1 X97.000 Y90.000 F9000
G1 E0.70000 F1500
;TYPE:External perimeter
G1 F1800
G1 X97.000 Y90.000 E0.00000
G1 X96.953 Y90.813 E0.03046
G1 X96.811 Y91.614 E0.03046
G1 X96.578 Y92.394 E0.03046
G1 X96.255 Y93.142 E0.03046
G1 X95.848 Y93.847 E0.03046
G1 X95.362 Y94.500 E0.03046
G1 X94.804 Y95.092 E0.03046
G1 X94.180 Y95.615 E0.03046
G1 X93.500 Y96.062 E0.03046
G1 X92.773 Y96.428 E0.03046
G1 X92.008 Y96.706 E0.03046
G1 X91.216 Y96.894 E0.03046
G1 X90.407 Y96.988 E0.03046
G1 X89.593 Y96.988 E0.03046
G1 X88.784 Y96.894 E0.03046
G1 X87.992 Y96.706 E0.03046
G1 X87.227 Y96.428 E0.03046
G1 X86.500 Y96.062 E0.03046
G1 X85.820 Y95.615 E0.03046
G1 X85.196 Y95.092 E0.03046
G1 X84.638 Y94.500 E0.03046
G1 X84.152 Y93.847 E0.03046
G1 X83.745 Y93.142 E0.03046
G1 X83.422 Y92.394 E0.03046
G1 X83.189 Y91.614 E0.03046
G1 X83.047 Y90.813 E0.03046
G1 X83.000 Y90.000 E0.03046
G1 X83.047 Y89.187 E0.03046
G1 X83.189 Y88.386 E0.03046
G1 X83.422 Y87.606 E0.03046
G1 X83.745 Y86.858 E0.03046
G1 X84.152 Y86.153 E0.03046
G1 X84.638 Y85.500 E0.03046
G1 X85.196 Y84.908 E0.03046
G1 X85.820 Y84.385 E0.03046
G1 X86.500 Y83.938 E0.03046
G1 X87.227 Y83.572 E0.03046
G1 X87.992 Y83.294 E0.03046
G1 X88.784 Y83.106 E0.03046
G1 X89.593 Y83.012 E0.03046
G1 X90.407 Y83.012 E0.03046
G1 X91.216 Y83.106 E0.03046
G1 X92.008 Y83.294 E0.03046
G1 X92.773 Y83.572 E0.03046
G1 X93.500 Y83.938 E0.03046
G1 X94.180 Y84.385 E0.03046
G1 X94.804 Y84.908 E0.03046
G1 X95.362 Y85.500 E0.03046
G1 X95.848 Y86.153 E0.03046
G1 X96.255 Y86.858 E0.03046
G1 X96.578 Y87.606 E0.03046
G1 X96.811 Y88.386 E0.03046
G1 X96.953 Y89.187 E0.03046
G1 X97.000 Y90.000 E0.03046
G1 E-0.70000 F2100
G1 X83.785 Y88.826 F9000
G1 E0.70000 F1500
;TYPE:Internal infill
G1 F5400
G1 X88.826 Y83.785 E0.26674
G1 X91.789 Y83.933 E0.11101
G1 X83.933 Y91.789 E0.41569
G1 X84.982 Y93.851 E0.08657
G1 X93.851 Y84.982 E0.46929
G1 X95.338 Y86.607 E0.08240
G1 X86.607 Y95.338 E0.46201
G1 X88.838 Y96.217 E0.08975
G1 X96.217 Y88.838 E0.39047
G1 X95.908 Y92.259 E0.12853
G1 X92.259 Y95.908 E0.19305
;LAYER_CHANGE
;Z:9.60
;HEIGHT:0.2
G1 E-0.70000 F2100
M73 P22 R12
G1 Z9.800 F720
G1 X96.550 Y90.000 F9000
G1 Z9.600 F720
G1 E0.70000 F1500
;TYPE:Perimeter
;WIDTH:0.45
G1 F2400
G1 X96.550 Y90.000 E0.00000
G1 X96.500 Y90.805 E0.03018
G1 X96.352 Y91.598 E0.03018
G1 X96.108 Y92.366 E0.03018
G1 X95.771 Y93.099 E0.03018
G1 X95.346 Y93.784 E0.03018
G1 X94.841 Y94.413 E0.03018
G1 X94.262 Y94.974 E0.03018
G1 X93.618 Y95.460 E0.03018
G1 X92.920 Y95.863 E0.03018
G1 X92.177 Y96.178 E0.03018
G1 X91.401 Y96.398 E0.03018
G1 X90.604 Y96.522 E0.03018
G1 X89.798 Y96.547 E0.03018
G1 X88.995 Y96.472 E0.03018
G1 X88.208 Y96.300 E0.03018
G1 X87.447 Y96.032 E0.03018
G1 X86.725 Y95.672 E0.03018
G1 X86.053 Y95.227 E0.03018
G1 X85.440 Y94.702 E0.03018
G1 X84.897 Y94.106 E0.03018
G1 X84.431 Y93.448 E0.03018
G1 X84.050 Y92.738 E0.03018
G1 X83.758 Y91.986 E0.03018
G1 X83.562 Y91.204 E0.03018
G1 X83.462 Y90.403 E0.03018
G1 X83.462 Y89.597 E0.03018
G1 X83.562 Y88.796 E0.03018
G1 X83.758 Y88.014 E0.03018
G1 X84.050 Y87.262 E0.03018
G1 X84.431 Y86.552 E0.03018
G1 X84.897 Y85.894 E0.03018
G1 X85.440 Y85.298 E0.03018
G1 X86.053 Y84.773 E0.03018
G1 X86.725 Y84.328 E0.03018
G1 X87.447 Y83.968 E0.03018
G1 X88.208 Y83.700 E0.03018
G1 X88.995 Y83.528 E0.03018
G1 X89.798 Y83.453 E0.03018
G1 X90.604 Y83.478 E0.03018
G1 X91.401 Y83.602 E0.03018
G1 X92.177 Y83.822 E0.03018
G1 X92.920 Y84.137 E0.03018
G1 X93.618 Y84.540 E0.03018
G1 X94.262 Y85.026 E0.03018
G1 X94.841 Y85.587 E0.03018
G1 X95.346 Y86.216 E0.03018
G1 X95.771 Y86.901 E0.03018
G1 X96.108 Y87.634 E0.03018
G1 X96.352 Y88.402 E0.03018
G1 X96.500 Y89.195 E0.03018
G1 X96.550 Y90.000 E0.03018
G1 E-0.70000 F2100
G1 X97.000 Y90.000 F9000
G1 E0.70000 F1500
;TYPE:External perimeter
G1 F1800
G1 X97.000 Y90.000 E0.00000
G1 X96.953 Y90.813 E0.03046
G1 X96.811 Y91.614 E0.03046
G1 X96.578 Y92.394 E0.03046
G1 X96.255 Y93.142 E0.03046
G1 X95.848 Y93.847 E0.03046
G1 X95.362 Y94.500 E0.03046
G1 X94.804 Y95.092 E0.03046
G1 X94.180 Y95.615 E0.03046
G1 X93.500 Y96.062 E0.03046
G1 X92.773 Y96.428 E0.03046
G1 X92.008 Y96.706 E0.03046
G1 X91.216 Y96.894 E0.03046
G1 X90.407 Y96.988 E0.03046
G1 X89.593 Y96.988 E0.03046
G1 X88.784 Y96.894 E0.03046
G1 X87.992 Y96.706 E0.03046
G1 X87.227 Y96.428 E0.03046
G1 X86.500 Y96.062 E0.03046
G1 X85.820 Y95.615 E0.03046
G1 X85.196 Y95.092 E0.03046
G1 X84.638 Y94.500 E0.03046
G1 X84.152 Y93.847 E0.03046
G1 X83.745 Y93.142 E0.03046
G1 X83.422 Y92.394 E0.03046
G1 X83.189 Y91.614 E0.03046
G1 X83.047 Y90.813 E0.03046
G1 X83.000 Y90.000 E0.03046
G1 X83.047 Y89.187 E0.03046
G1 X83.189 Y88.386 E0.03046
G1 X83.422 Y87.606 E0.03046
G1 X83.745 Y86.858 E0.03046
G1 X84.152 Y86.153 E0.03046
G1 X84.638 Y85.500 E0.03046
G1 X85.196 Y84.908 E0.03046
G1 X85.820 Y84.385 E0.03046
G1 X86.500 Y83.938 E0.03046
G1 X87.227 Y83.572 E0.03046
G1 X87.992 Y83.294 E0.03046
G1 X88.784 Y83.106 E0.03046
G1 X89.593 Y83.012 E0.03046
G1 X90.407 Y83.012 E0.03046
G1 X91.216 Y83.106 E0.03046
G1 X92.008 Y83.294 E0.03046
G1 X92.773 Y83.572 E0.03046
G1 X93.500 Y83.938 E0.03046
G1 X94.180 Y84.385 E0.03046
G1 X94.804 Y84.908 E0.03046
G1 X95.362 Y85.500 E0.03046
G1 X95.848 Y86.153 E0.03046
G1 X96.255 Y86.858 E0.03046
G1 X96.578 Y87.606 E0.03046
G1 X96.811 Y88.386 E0.03046
G1 X96.953 Y89.187 E0.03046
G1 X97.000 Y90.000 E0.03046
G1 E-0.70000 F2100
G1 X91.174 Y83.785 F9000
G1 E0.70000 F1500
;TYPE:Internal infill
G1 F5400
G1 X96.215 Y88.826 E0.26674
G1 X96.067 Y91.789 E0.11101
G1 X88.211 Y83.933 E0.41569
G1 X86.149 Y84.982 E0.08657
G1 X95.018 Y93.851 E0.46929
G1 X93.393 Y95.338 E0.08240
G1 X84.662 Y86.607 E0.46201
G1 X83.783 Y88.838 E0.08975
G1 X91.162 Y96.217 E0.39047
G1 X87.741 Y95.908 E0.12853
G1 X84.092 Y92.259 E0.19305
;LAYER_CHANGE
;Z:9.80
;HEIGHT:0.2
G1 E-0.70000 F2100
G1 Z10.000 F720
G1 X96.550 Y90.000 F9000
G1 Z9.800 F720
G1 E0.70000 F1500
;TYPE:Perimeter
;WIDTH:0.45
G1 F2400
G1 X96.550 Y90.000 E0.00000
G1 X96.500 Y90.805 E0.03018
G1 X96.352 Y91.598 E0.03018
G1 X96.108 Y92.366 E0.03018
G1 X95.771 Y93.099 E0.03018
G1 X95.346 Y93.784 E0.03018
G1 X94.841 Y94.413 E0.03018
G1 X94.262 Y94.974 E0.03018
G1 X93.618 Y95.460 E0.03018
G1 X92.920 Y95.863 E0.03018
G1 X92.177 Y96.178 E0.03018
G1 X91.401 Y96.398 E0.03018
G1 X90.604 Y96.522 E0.03018
G1 X89.798 Y96.547 E0.03018
G1 X88.995 Y96.472 E0.03018
G1 X88.208 Y96.300 E0.03018
G1 X87.447 Y96.032 E0.03018
G1 X86.725 Y95.672 E0.03018
G1 X86.053 Y95.227 E0.03018
G1 X85.440 Y94.702 E0.03018
G1 X84.897 Y94.106 E0.03018
G1 X84.431 Y93.448 E0.03018
G1 X84.050 Y92.738 E0.03018
G1 X83.758 Y91.986 E0.03018
G1 X83.562 Y91.204 E0.03018
G1 X83.462 Y90.403 E0.03018
G1 X83.462 Y89.597 E0.03018
G1 X83.562 Y88.796 E0.03018
G1 X83.758 Y88.014 E0.03018
G1 X84.050 Y87.262 E0.03018
G1 X84.431 Y86.552 E0.03018
G1 X84.897 Y85.894 E0.03018
G1 X85.440 Y85.298 E0.03018
G1 X86.053 Y84.773 E0.03018
G1 X86.725 Y84.328 E0.03018
G1 X87.447 Y83.968 E0.03018
G1 X88.208 Y83.700 E0.03018
G1 X88.995 Y83.528 E0.03018
G1 X89.798 Y83.453 E0.03018
G1 X90.604 Y83.478 E0.03018
G1 X91.401 Y83.602 E0.03018
G1 X92.177 Y83.822 E0.03018
G1 X92.920 Y84.137 E0.03018
G1 X93.618 Y84.540 E0.03018
G1 X94.262 Y85.026 E0.03018
G1 X94.841 Y85.587 E0.03018
G1 X95.346 Y86.216 E0.03018
G1 X95.771 Y86.901 E0.03018
G1 X96.108 Y87.634 E0.03018
G1 X96.352 Y88.402 E0.03018
G1 X96.500 Y89.195 E0.03018
G1 X96.550 Y90.000 E0.03018
G1 E-0.70000 F2100
G1 X97.000 Y90.000 F9000
G1 E0.70000 F1500
;TYPE:External perimeter
G1 F1800
G1 X97.000 Y90.000 E0.00000
G1 X96.953 Y90.813 E0.03046
G1 X96.811 Y91.614 E0.03046
G1 X96.578 Y92.394 E0.03046
G1 X96.255 Y93.142 E0.03046
G1 X95.848 Y93.847 E0.03046
G1 X95.362 Y94.500 E0.03046
G1 X94.804 Y95.092 E0.03046
G1 X94.180 Y95.615 E0.03046
G1 X93.500 Y96.062 E0.03046
G1 X92.773 Y96.428 E0.03046
G1 X92.008 Y96.706 E0.03046
G1 X91.216 Y96.894 E0.03046
G1 X90.407 Y96.988 E0.03046
G1 X89.593 Y96.988 E0.03046
G1 X88.784 Y96.894 E0.03046
G1 X87.992 Y96.706 E0.03046
G1 X87.227 Y96.428 E0.03046
G1 X86.500 Y96.062 E0.03046
G1 X85.820 Y95.615 E0.03046
G1 X85.196 Y95.092 E0.03046
G1 X84.638 Y94.500 E0.03046
G1 X84.152 Y93.847 E0.03046
G1 X83.745 Y93.142 E0.03046
G1 X83.422 Y92.394 E0.03046
G1 X83.189 Y91.614 E0.03046
G1 X83.047 Y90.813 E0.03046
G1 X83.000 Y90.000 E0.03046
G1 X83.047 Y89.187 E0.03046
G1 X83.189 Y88.386 E0.03046
G1 X83.422 Y87.606 E0.03046
G1 X83.745 Y86.858 E0.03046
G1 X84.152 Y86.153 E0.03046
G1 X84.638 Y85.500 E0.03046
G1 X85.196 Y84.908 E0.03046
G1 X85.820 Y84.385 E0.03046
G1 X86.500 Y83.938 E0.03046
G1 X87.227 Y83.572 E0.03046
G1 X87.992 Y83.294 E0.03046
G1 X88.784 Y83.106 E0.03046
G1 X89.593 Y83.012 E0.03046
G1 X90.407 Y83.012 E0.03046
G1 X91.216 Y83.106 E0.03046
G1 X92.008 Y83.294 E0.03046
G1 X92.773 Y83.572 E0.03046
G1 X93.500 Y83.938 E0.03046
G1 X94.180 Y84.385 E0.03046
G1 X94.804 Y84.908 E0.03046
G1 X95.362 Y85.500 E0.03046
G1 X95.848 Y86.153 E0.03046
G1 X96.255 Y86.858 E0.03046
G1 X96.578 Y87.606 E0.03046
G1 X96.811 Y88.386 E0.03046
G1 X96.953 Y89.187 E0.03046
G1 X97.000 Y90.000 E0.03046
G1 E-0.70000 F2100
G1 X83.785 Y88.826 F9000
G1 E0.70000 F1500
;TYPE:Internal infill
G1 F5400
G1 X88.826 Y83.785 E0.26674
G1 X91.789 Y83.933 E0.11101
G1 X83.933 Y91.789 E0.41569
G1 X84.982 Y93.851 E0.08657
G1 X93.851 Y84.982 E0.46929
G1 X95.338 Y86.607 E0.08240
G1 X86.607 Y95.338 E0.46201
G1 X88.838 Y96.217 E0.08975
G1 X96.217 Y88.838 E0.39047
G1 X95.908 Y92.259 E0.12853
G1 X92.259 Y95.908 E0.19305
;LAYER_CHANGE
;Z:10.00
;HEIGHT:0.2
G1 E-0.70000 F2100
G1 Z10.200 F720
G1 X96.550 Y90.000 F9000
G1 Z10.000 F720
G1 E0.70000 F1500
;TYPE:Perimeter
;WIDTH:0.45
G1 F2400
G1 X96.550 Y90.000 E0.00000
G1 X96.500 Y90.805 E0.03018
G1 X96.352 Y91.598 E0.03018
G1 X96.108 Y92.366 E0.03018
G1 X95.771 Y93.099 E0.03018
G1 X95.346 Y93.784 E0.03018
G1 X94.841 Y94.413 E0.03018
G1 X94.262 Y94.974 E0.03018
G1 X93.618 Y95.460 E0.03018
G1 X92.920 Y95.863 E0.03018
G1 X92.177 Y96.178 E0.03018
G1 X91.401 Y96.398 E0.03018
G1 X90.604 Y96.522 E0.03018
G1 X89.798 Y96.547 E0.03018
G1 X88.995 Y96.472 E0.03018
G1 X88.208 Y96.300 E0.03018
G1 X87.447 Y96.032 E0.03018
G1 X86.725 Y95.672 E0.03018
G1 X86.053 Y95.227 E0.03018
G1 X85.440 Y94.702 E0.03018
G1 X84.897 Y94.106 E0.03018
G1 X84.431 Y93.448 E0.03018
G1 X84.050 Y92.738 E0.03018
G1 X83.758 Y91.986 E0.03018
G1 X83.562 Y91.204 E0.03018
G1 X83.462 Y90.403 E0.03018
G1 X83.462 Y89.597 E0.03018
G1 X83.562 Y88.796 E0.03018
G1 X83.758 Y88.014 E0.03018
G1 X84.050 Y87.262 E0.03018
G1 X84.431 Y86.552 E0.03018
G1 X84.897 Y85.894 E0.03018
G1 X85.440 Y85.298 E0.03018
G1 X86.053 Y84.773 E0.03018
G1 X86.725 Y84.328 E0.03018
G1 X87.447 Y83.968 E0.03018
G1 X88.208 Y83.700 E0.03018
G1 X88.995 Y83.528 E0.03018
G1 X89.798 Y83.453 E0.03018
G1 X90.604 Y83.478 E0.03018
G1 X91.401 Y83.602 E0.03018
G1 X92.177 Y83.822 E0.03018
G1 X92.920 Y84.137 E0.03018
G1 X93.618 Y84.540 E0.03018
G1 X94.262 Y85.026 E0.03018
G1 X94.841 Y85.587 E0.03018
M73 P23 R12
G1 X95.346 Y86.216 E0.03018
G1 X95.771 Y86.901 E0.03018
G1 X96.108 Y87.634 E0.03018
G1 X96.352 Y88.402 E0.03018
G1 X96.500 Y89.195 E0.03018
G1 X96.550 Y90.000 E0.03018
G1 E-0.70000 F2100
G1 X97.000 Y90.000 F9000
G1 E0.70000 F1500
;TYPE:External perimeter
G1 F1800
G1 X97.000 Y90.000 E0.00000
G1 X96.953 Y90.813 E0.03046
G1 X96.811 Y91.614 E0.03046
G1 X96.578 Y92.394 E0.03046
G1 X96.255 Y93.142 E0.03046
G1 X95.848 Y93.847 E0.03046
G1 X95.362 Y94.500 E0.03046
G1 X94.804 Y95.092 E0.03046
G1 X94.180 Y95.615 E0.03046
G1 X93.500 Y96.062 E0.03046
G1 X92.773 Y96.428 E0.03046
G1 X92.008 Y96.706 E0.03046
G1 X91.216 Y96.894 E0.03046
G1 X90.407 Y96.988 E0.03046
G1 X89.593 Y96.988 E0.03046
G1 X88.784 Y96.894 E0.03046
G1 X87.992 Y96.706 E0.03046
G1 X87.227 Y96.428 E0.03046
G1 X86.500 Y96.062 E0.03046
G1 X85.820 Y95.615 E0.03046
G1 X85.196 Y95.092 E0.03046
G1 X84.638 Y94.500 E0.03046
G1 X84.152 Y93.847 E0.03046
G1 X83.745 Y93.142 E0.03046
G1 X83.422 Y92.394 E0.03046
G1 X83.189 Y91.614 E0.03046
G1 X83.047 Y90.813 E0.03046
G1 X83.000 Y90.000 E0.03046
G1 X83.047 Y89.187 E0.03046
G1 X83.189 Y88.386 E0.03046
G1 X83.422 Y87.606 E0.03046
G1 X83.745 Y86.858 E0.03046
G1 X84.152 Y86.153 E0.03046
G1 X84.638 Y85.500 E0.03046
G1 X85.196 Y84.908 E0.03046
G1 X85.820 Y84.385 E0.03046
G1 X86.500 Y83.938 E0.03046
G1 X87.227 Y83.572 E0.03046
G1 X87.992 Y83.294 E0.03046
G1 X88.784 Y83.106 E0.03046
G1 X89.593 Y83.012 E0.03046
G1 X90.407 Y83.012 E0.03046
G1 X91.216 Y83.106 E0.03046
G1 X92.008 Y83.294 E0.03046
G1 X92.773 Y83.572 E0.03046
G1 X93.500 Y83.938 E0.03046
G1 X94.180 Y84.385 E0.03046
G1 X94.804 Y84.908 E0.03046
G1 X95.362 Y85.500 E0.03046
G1 X95.848 Y86.153 E0.03046
G1 X96.255 Y86.858 E0.03046
G1 X96.578 Y87.606 E0.03046
G1 X96.811 Y88.386 E0.03046
G1 X96.953 Y89.187 E0.03046
G1 X97.000 Y90.000 E0.03046
G1 E-0.70000 F2100
G1 X91.174 Y83.785 F9000
G1 E0.70000 F1500
;TYPE:Internal infill
G1 F5400
G1 X96.215 Y88.826 E0.26674
G1 X96.067 Y91.789 E0.11101
G1 X88.211 Y83.933 E0.41569
G1 X86.149 Y84.982 E0.08657
G1 X95.018 Y93.851 E0.46929
G1 X93.393 Y95.338 E0.08240
G1 X84.662 Y86.607 E0.46201
G1 X83.783 Y88.838 E0.08975
G1 X91.162 Y96.217 E0.39047
G1 X87.741 Y95.908 E0.12853
G1 X84.092 Y92.259 E0.19305
;LAYER_CHANGE
;Z:10.20
;HEIGHT:0.2
G1 E-0.70000 F2100
G1 Z10.400 F720
G1 X96.550 Y90.000 F9000
G1 Z10.200 F720
G1 E0.70000 F1500
;TYPE:Perimeter
;WIDTH:0.45
G1 F2400
G1 X96.550 Y90.000 E0.00000
G1 X96.500 Y90.805 E0.03018
G1 X96.352 Y91.598 E0.03018
G1 X96.108 Y92.366 E0.03018
G1 X95.771 Y93.099 E0.03018
G1 X95.346 Y93.784 E0.03018
G1 X94.841 Y94.413 E0.03018
G1 X94.262 Y94.974 E0.03018
G1 X93.618 Y95.460 E0.03018
G1 X92.920 Y95.863 E0.03018
G1 X92.177 Y96.178 E0.03018
G1 X91.401 Y96.398 E0.03018
G1 X90.604 Y96.522 E0.03018
G1 X89.798 Y96.547 E0.03018
G1 X88.995 Y96.472 E0.03018
G1 X88.208 Y96.300 E0.03018
G1 X87.447 Y96.032 E0.03018
G1 X86.725 Y95.672 E0.03018
G1 X86.053 Y95.227 E0.03018
G1 X85.440 Y94.702 E0.03018
G1 X84.897 Y94.106 E0.03018
G1 X84.431 Y93.448 E0.03018
G1 X84.050 Y92.738 E0.03018
G1 X83.758 Y91.986 E0.03018
G1 X83.562 Y91.204 E0.03018
G1 X83.462 Y90.403 E0.03018
G1 X83.462 Y89.597 E0.03018
G1 X83.562 Y88.796 E0.03018
G1 X83.758 Y88.014 E0.03018
G1 X84.050 Y87.262 E0.03018
G1 X84.431 Y86.552 E0.03018
G1 X84.897 Y85.894 E0.03018
G1 X85.440 Y85.298 E0.03018
G1 X86.053 Y84.773 E0.03018
G1 X86.725 Y84.328 E0.03018
G1 X87.447 Y83.968 E0.03018
G1 X88.208 Y83.700 E0.03018
G1 X88.995 Y83.528 E0.03018
G1 X89.798 Y83.453 E0.03018
G1 X90.604 Y83.478 E0.03018
G1 X91.401 Y83.602 E0.03018
G1 X92.177 Y83.822 E0.03018
G1 X92.920 Y84.137 E0.03018
G1 X93.618 Y84.540 E0.03018
G1 X94.262 Y85.026 E0.03018
G1 X94.841 Y85.587 E0.03018
G1 X95.346 Y86.216 E0.03018
G1 X95.771 Y86.901 E0.03018
G1 X96.108 Y87.634 E0.03018
G1 X96.352 Y88.402 E0.03018
G1 X96.500 Y89.195 E0.03018
G1 X96.550 Y90.000 E0.03018
G1 E-0.70000 F2100
G1 X97.000 Y90.000 F9000
G1 E0.70000 F1500
;TYPE:External perimeter
G1 F1800
G1 X97.000 Y90.000 E0.00000
G1 X96.953 Y90.813 E0.03046
G1 X96.811 Y91.614 E0.03046
G1 X96.578 Y92.394 E0.03046
G1 X96.255 Y93.142 E0.03046
G1 X95.848 Y93.847 E0.03046
G1 X95.362 Y94.500 E0.03046
G1 X94.804 Y95.092 E0.03046
G1 X94.180 Y95.615 E0.03046
G1 X93.500 Y96.062 E0.03046
G1 X92.773 Y96.428 E0.03046
G1 X92.008 Y96.706 E0.03046
G1 X91.216 Y96.894 E0.03046
G1 X90.407 Y96.988 E0.03046
G1 X89.593 Y96.988 E0.03046
G1 X88.784 Y96.894 E0.03046
G1 X87.992 Y96.706 E0.03046
G1 X87.227 Y96.428 E0.03046
G1 X86.500 Y96.062 E0.03046
G1 X85.820 Y95.615 E0.03046
G1 X85.196 Y95.092 E0.03046
G1 X84.638 Y94.500 E0.03046
G1 X84.152 Y93.847 E0.03046
G1 X83.745 Y93.142 E0.03046
G1 X83.422 Y92.394 E0.03046
G1 X83.189 Y91.614 E0.03046
G1 X83.047 Y90.813 E0.03046
G1 X83.000 Y90.000 E0.03046
G1 X83.047 Y89.187 E0.03046
G1 X83.189 Y88.386 E0.03046
G1 X83.422 Y87.606 E0.03046
G1 X83.745 Y86.858 E0.03046
G1 X84.152 Y86.153 E0.03046
G1 X84.638 Y85.500 E0.03046
G1 X85.196 Y84.908 E0.03046
G1 X85.820 Y84.385 E0.03046
G1 X86.500 Y83.938 E0.03046
G1 X87.227 Y83.572 E0.03046
G1 X87.992 Y83.294 E0.03046
G1 X88.784 Y83.106 E0.03046
G1 X89.593 Y83.012 E0.03046
G1 X90.407 Y83.012 E0.03046
G1 X91.216 Y83.106 E0.03046
G1 X92.008 Y83.294 E0.03046
G1 X92.773 Y83.572 E0.03046
G1 X93.500 Y83.938 E0.03046
G1 X94.180 Y84.385 E0.03046
G1 X94.804 Y84.908 E0.03046
G1 X95.362 Y85.500 E0.03046
G1 X95.848 Y86.153 E0.03046
G1 X96.255 Y86.858 E0.03046
G1 X96.578 Y87.606 E0.03046
G1 X96.811 Y88.386 E0.03046
G1 X96.953 Y89.187 E0.03046
G1 X97.000 Y90.000 E0.03046
G1 E-0.70000 F2100
G1 X83.785 Y88.826 F9000
G1 E0.70000 F1500
;TYPE:Internal infill
G1 F5400
G1 X88.826 Y83.785 E0.26674
G1 X91.789 Y83.933 E0.11101
G1 X83.933 Y91.789 E0.41569
G1 X84.982 Y93.851 E0.08657
G1 X93.851 Y84.982 E0.46929
G1 X95.338 Y86.607 E0.08240
G1 X86.607 Y95.338 E0.46201
G1 X88.838 Y96.217 E0.08975
G1 X96.217 Y88.838 E0.39047
G1 X95.908 Y92.259 E0.12853
G1 X92.259 Y95.908 E0.19305
;LAYER_CHANGE
;Z:10.40
;HEIGHT:0.2
G1 E-0.70000 F2100
G1 Z10.600 F720
G1 X96.550 Y90.000 F9000
G1 Z10.400 F720
G1 E0.70000 F1500
;TYPE:Perimeter
;WIDTH:0.45
G1 F2400
G1 X96.550 Y90.000 E0.00000
G1 X96.500 Y90.805 E0.03018
G1 X96.352 Y91.598 E0.03018
G1 X96.108 Y92.366 E0.03018
G1 X95.771 Y93.099 E0.03018
G1 X95.346 Y93.784 E0.03018
G1 X94.841 Y94.413 E0.03018
G1 X94.262 Y94.974 E0.03018
G1 X93.618 Y95.460 E0.03018
G1 X92.920 Y95.863 E0.03018
G1 X92.177 Y96.178 E0.03018
G1 X91.401 Y96.398 E0.03018
G1 X90.604 Y96.522 E0.03018
G1 X89.798 Y96.547 E0.03018
G1 X88.995 Y96.472 E0.03018
G1 X88.208 Y96.300 E0.03018
G1 X87.447 Y96.032 E0.03018
G1 X86.725 Y95.672 E0.03018
G1 X86.053 Y95.227 E0.03018
G1 X85.440 Y94.702 E0.03018
G1 X84.897 Y94.106 E0.03018
G1 X84.431 Y93.448 E0.03018
G1 X84.050 Y92.738 E0.03018
G1 X83.758 Y91.986 E0.03018
G1 X83.562 Y91.204 E0.03018
G1 X83.462 Y90.403 E0.03018
G1 X83.462 Y89.597 E0.03018
G1 X83.562 Y88.796 E0.03018
G1 X83.758 Y88.014 E0.03018
G1 X84.050 Y87.262 E0.03018
G1 X84.431 Y86.552 E0.03018
G1 X84.897 Y85.894 E0.03018
G1 X85.440 Y85.298 E0.03018
G1 X86.053 Y84.773 E0.03018
G1 X86.725 Y84.328 E0.03018
G1 X87.447 Y83.968 E0.03018
G1 X88.208 Y83.700 E0.03018
G1 X88.995 Y83.528 E0.03018
G1 X89.798 Y83.453 E0.03018
G1 X90.604 Y83.478 E0.03018
G1 X91.401 Y83.602 E0.03018
G1 X92.177 Y83.822 E0.03018
G1 X92.920 Y84.137 E0.03018
G1 X93.618 Y84.540 E0.03018
G1 X94.262 Y85.026 E0.03018
G1 X94.841 Y85.587 E0.03018
G1 X95.346 Y86.216 E0.03018
G1 X95.771 Y86.901 E0.03018
G1 X96.108 Y87.634 E0.03018
G1 X96.352 Y88.402 E0.03018
G1 X96.500 Y89.195 E0.03018
G1 X96.550 Y90.000 E0.03018
G1 E-0.70000 F2100
G1 X97.000 Y90.000 F9000
G1 E0.70000 F1500
;TYPE:External perimeter
G1 F1800
G1 X97.000 Y90.000 E0.00000
G1 X96.953 Y90.813 E0.03046
G1 X96.811 Y91.614 E0.03046
G1 X96.578 Y92.394 E0.03046
G1 X96.255 Y93.142 E0.03046
G1 X95.848 Y93.847 E0.03046
G1 X95.362 Y94.500 E0.03046
G1 X94.804 Y95.092 E0.03046
G1 X94.180 Y95.615 E0.03046
G1 X93.500 Y96.062 E0.03046
G1 X92.773 Y96.428 E0.03046
G1 X92.008 Y96.706 E0.03046
G1 X91.216 Y96.894 E0.03046
G1 X90.407 Y96.988 E0.03046
G1 X89.593 Y96.988 E0.03046
G1 X88.784 Y96.894 E0.03046
G1 X87.992 Y96.706 E0.03046
G1 X87.227 Y96.428 E0.03046
G1 X86.500 Y96.062 E0.03046
G1 X85.820 Y95.615 E0.03046
G1 X85.196 Y95.092 E0.03046
G1 X84.638 Y94.500 E0.03046
G1 X84.152 Y93.847 E0.03046
G1 X83.745 Y93.142 E0.03046
G1 X83.422 Y92.394 E0.03046
G1 X83.189 Y91.614 E0.03046
G1 X83.047 Y90.813 E0.03046
G1 X83.000 Y90.000 E0.03046
G1 X83.047 Y89.187 E0.03046
G1 X83.189 Y88.386 E0.03046
G1 X83.422 Y87.606 E0.03046
G1 X83.745 Y86.858 E0.03046
G1 X84.152 Y86.153 E0.03046
G1 X84.638 Y85.500 E0.03046
M73 P24 R12
G1 X85.196 Y84.908 E0.03046
G1 X85.820 Y84.385 E0.03046
G1 X86.500 Y83.938 E0.03046
G1 X87.227 Y83.572 E0.03046
G1 X87.992 Y83.294 E0.03046
G1 X88.784 Y83.106 E0.03046
G1 X89.593 Y83.012 E0.03046
G1 X90.407 Y83.012 E0.03046
G1 X91.216 Y83.106 E0.03046
G1 X92.008 Y83.294 E0.03046
G1 X92.773 Y83.572 E0.03046
G1 X93.500 Y83.938 E0.03046
G1 X94.180 Y84.385 E0.03046
G1 X94.804 Y84.908 E0.03046
G1 X95.362 Y85.500 E0.03046
G1 X95.848 Y86.153 E0.03046
G1 X96.255 Y86.858 E0.03046
G1 X96.578 Y87.606 E0.03046
G1 X96.811 Y88.386 E0.03046
G1 X96.953 Y89.187 E0.03046
G1 X97.000 Y90.000 E0.03046
G1 E-0.70000 F2100
G1 X91.174 Y83.785 F9000
G1 E0.70000 F1500
;TYPE:Internal infill
G1 F5400
G1 X96.215 Y88.826 E0.26674
G1 X96.067 Y91.789 E0.11101
G1 X88.211 Y83.933 E0.41569
G1 X86.149 Y84.982 E0.08657
G1 X95.018 Y93.851 E0.46929
G1 X93.393 Y95.338 E0.08240
G1 X84.662 Y86.607 E0.46201
G1 X83.783 Y88.838 E0.08975
G1 X91.162 Y96.217 E0.39047
G1 X87.741 Y95.908 E0.12853
G1 X84.092 Y92.259 E0.19305
;LAYER_CHANGE
;Z:10.60
;HEIGHT:0.2
G1 E-0.70000 F2100
G1 Z10.800 F720
G1 X96.550 Y90.000 F9000
G1 Z10.600 F720
G1 E0.70000 F1500
;TYPE:Perimeter
;WIDTH:0.45
G1 F2400
G1 X96.550 Y90.000 E0.00000
G1 X96.500 Y90.805 E0.03018
G1 X96.352 Y91.598 E0.03018
G1 X96.108 Y92.366 E0.03018
G1 X95.771 Y93.099 E0.03018
G1 X95.346 Y93.784 E0.03018
G1 X94.841 Y94.413 E0.03018
G1 X94.262 Y94.974 E0.03018
G1 X93.618 Y95.460 E0.03018
G1 X92.920 Y95.863 E0.03018
G1 X92.177 Y96.178 E0.03018
G1 X91.401 Y96.398 E0.03018
G1 X90.604 Y96.522 E0.03018
G1 X89.798 Y96.547 E0.03018
G1 X88.995 Y96.472 E0.03018
G1 X88.208 Y96.300 E0.03018
G1 X87.447 Y96.032 E0.03018
G1 X86.725 Y95.672 E0.03018
G1 X86.053 Y95.227 E0.03018
G1 X85.440 Y94.702 E0.03018
G1 X84.897 Y94.106 E0.03018
G1 X84.431 Y93.448 E0.03018
G1 X84.050 Y92.738 E0.03018
G1 X83.758 Y91.986 E0.03018
G1 X83.562 Y91.204 E0.03018
G1 X83.462 Y90.403 E0.03018
G1 X83.462 Y89.597 E0.03018
G1 X83.562 Y88.796 E0.03018
G1 X83.758 Y88.014 E0.03018
G1 X84.050 Y87.262 E0.03018
G1 X84.431 Y86.552 E0.03018
G1 X84.897 Y85.894 E0.03018
G1 X85.440 Y85.298 E0.03018
G1 X86.053 Y84.773 E0.03018
G1 X86.725 Y84.328 E0.03018
G1 X87.447 Y83.968 E0.03018
G1 X88.208 Y83.700 E0.03018
G1 X88.995 Y83.528 E0.03018
G1 X89.798 Y83.453 E0.03018
G1 X90.604 Y83.478 E0.03018
G1 X91.401 Y83.602 E0.03018
G1 X92.177 Y83.822 E0.03018
G1 X92.920 Y84.137 E0.03018
G1 X93.618 Y84.540 E0.03018
G1 X94.262 Y85.026 E0.03018
G1 X94.841 Y85.587 E0.03018
G1 X95.346 Y86.216 E0.03018
G1 X95.771 Y86.901 E0.03018
G1 X96.108 Y87.634 E0.03018
G1 X96.352 Y88.402 E0.03018
G1 X96.500 Y89.195 E0.03018
G1 X96.550 Y90.000 E0.03018
G1 E-0.70000 F2100
G1 X97.000 Y90.000 F9000
G1 E0.70000 F1500
;TYPE:External perimeter
G1 F1800
G1 X97.000 Y90.000 E0.00000
G1 X96.953 Y90.813 E0.03046
G1 X96.811 Y91.614 E0.03046
G1 X96.578 Y92.394 E0.03046
G1 X96.255 Y93.142 E0.03046
G1 X95.848 Y93.847 E0.03046
G1 X95.362 Y94.500 E0.03046
G1 X94.804 Y95.092 E0.03046
G1 X94.180 Y95.615 E0.03046
G1 X93.500 Y96.062 E0.03046
G1 X92.773 Y96.428 E0.03046
G1 X92.008 Y96.706 E0.03046
G1 X91.216 Y96.894 E0.03046
G1 X90.407 Y96.988 E0.03046
G1 X89.593 Y96.988 E0.03046
G1 X88.784 Y96.894 E0.03046
G1 X87.992 Y96.706 E0.03046
G1 X87.227 Y96.428 E0.03046
G1 X86.500 Y96.062 E0.03046
G1 X85.820 Y95.615 E0.03046
G1 X85.196 Y95.092 E0.03046
G1 X84.638 Y94.500 E0.03046
G1 X84.152 Y93.847 E0.03046
G1 X83.745 Y93.142 E0.03046
G1 X83.422 Y92.394 E0.03046
G1 X83.189 Y91.614 E0.03046
G1 X83.047 Y90.813 E0.03046
G1 X83.000 Y90.000 E0.03046
G1 X83.047 Y89.187 E0.03046
G1 X83.189 Y88.386 E0.03046
G1 X83.422 Y87.606 E0.03046
G1 X83.745 Y86.858 E0.03046
G1 X84.152 Y86.153 E0.03046
G1 X84.638 Y85.500 E0.03046
G1 X85.196 Y84.908 E0.03046
G1 X85.820 Y84.385 E0.03046
G1 X86.500 Y83.938 E0.03046
G1 X87.227 Y83.572 E0.03046
G1 X87.992 Y83.294 E0.03046
G1 X88.784 Y83.106 E0.03046
G1 X89.593 Y83.012 E0.03046
G1 X90.407 Y83.012 E0.03046
G1 X91.216 Y83.106 E0.03046
G1 X92.008 Y83.294 E0.03046
G1 X92.773 Y83.572 E0.03046
G1 X93.500 Y83.938 E0.03046
G1 X94.180 Y84.385 E0.03046
G1 X94.804 Y84.908 E0.03046
G1 X95.362 Y85.500 E0.03046
G1 X95.848 Y86.153 E0.03046
G1 X96.255 Y86.858 E0.03046
G1 X96.578 Y87.606 E0.03046
G1 X96.811 Y88.386 E0.03046
G1 X96.953 Y89.187 E0.03046
G1 X97.000 Y90.000 E0.03046
G1 E-0.70000 F2100
G1 X83.785 Y88.826 F9000
G1 E0.70000 F1500
;TYPE:Internal infill
G1 F5400
G1 X88.826 Y83.785 E0.26674
G1 X91.789 Y83.933 E0.11101
G1 X83.933 Y91.789 E0.41569
G1 X84.982 Y93.851 E0.08657
G1 X93.851 Y84.982 E0.46929
G1 X95.338 Y86.607 E0.08240
G1 X86.607 Y95.338 E0.46201
G1 X88.838 Y96.217 E0.08975
G1 X96.217 Y88.838 E0.39047
G1 X95.908 Y92.259 E0.12853
G1 X92.259 Y95.908 E0.19305
;LAYER_CHANGE
;Z:10.80
;HEIGHT:0.2
G1 E-0.70000 F2100
G1 Z11.000 F720
G1 X96.550 Y90.000 F9000
G1 Z10.800 F720
G1 E0.70000 F1500
;TYPE:Perimeter
;WIDTH:0.45
G1 F2400
G1 X96.550 Y90.000 E0.00000
G1 X96.500 Y90.805 E0.03018
G1 X96.352 Y91.598 E0.03018
G1 X96.108 Y92.366 E0.03018
G1 X95.771 Y93.099 E0.03018
G1 X95.346 Y93.784 E0.03018
G1 X94.841 Y94.413 E0.03018
G1 X94.262 Y94.974 E0.03018
G1 X93.618 Y95.460 E0.03018
G1 X92.920 Y95.863 E0.03018
G1 X92.177 Y96.178 E0.03018
G1 X91.401 Y96.398 E0.03018
G1 X90.604 Y96.522 E0.03018
G1 X89.798 Y96.547 E0.03018
G1 X88.995 Y96.472 E0.03018
G1 X88.208 Y96.300 E0.03018
G1 X87.447 Y96.032 E0.03018
G1 X86.725 Y95.672 E0.03018
G1 X86.053 Y95.227 E0.03018
G1 X85.440 Y94.702 E0.03018
G1 X84.897 Y94.106 E0.03018
G1 X84.431 Y93.448 E0.03018
G1 X84.050 Y92.738 E0.03018
G1 X83.758 Y91.986 E0.03018
G1 X83.562 Y91.204 E0.03018
G1 X83.462 Y90.403 E0.03018
G1 X83.462 Y89.597 E0.03018
G1 X83.562 Y88.796 E0.03018
G1 X83.758 Y88.014 E0.03018
G1 X84.050 Y87.262 E0.03018
G1 X84.431 Y86.552 E0.03018
G1 X84.897 Y85.894 E0.03018
G1 X85.440 Y85.298 E0.03018
G1 X86.053 Y84.773 E0.03018
G1 X86.725 Y84.328 E0.03018
G1 X87.447 Y83.968 E0.03018
G1 X88.208 Y83.700 E0.03018
G1 X88.995 Y83.528 E0.03018
G1 X89.798 Y83.453 E0.03018
G1 X90.604 Y83.478 E0.03018
G1 X91.401 Y83.602 E0.03018
G1 X92.177 Y83.822 E0.03018
G1 X92.920 Y84.137 E0.03018
G1 X93.618 Y84.540 E0.03018
G1 X94.262 Y85.026 E0.03018
G1 X94.841 Y85.587 E0.03018
G1 X95.346 Y86.216 E0.03018
G1 X95.771 Y86.901 E0.03018
G1 X96.108 Y87.634 E0.03018
G1 X96.352 Y88.402 E0.03018
G1 X96.500 Y89.195 E0.03018
G1 X96.550 Y90.000 E0.03018
G1 E-0.70000 F2100
G1 X97.000 Y90.000 F9000
G1 E0.70000 F1500
;TYPE:External perimeter
G1 F1800
G1 X97.000 Y90.000 E0.00000
G1 X96.953 Y90.813 E0.03046
G1 X96.811 Y91.614 E0.03046
G1 X96.578 Y92.394 E0.03046
G1 X96.255 Y93.142 E0.03046
G1 X95.848 Y93.847 E0.03046
G1 X95.362 Y94.500 E0.03046
G1 X94.804 Y95.092 E0.03046
G1 X94.180 Y95.615 E0.03046
G1 X93.500 Y96.062 E0.03046
G1 X92.773 Y96.428 E0.03046
G1 X92.008 Y96.706 E0.03046
G1 X91.216 Y96.894 E0.03046
G1 X90.407 Y96.988 E0.03046
G1 X89.593 Y96.988 E0.03046
G1 X88.784 Y96.894 E0.03046
G1 X87.992 Y96.706 E0.03046
G1 X87.227 Y96.428 E0.03046
G1 X86.500 Y96.062 E0.03046
G1 X85.820 Y95.615 E0.03046
G1 X85.196 Y95.092 E0.03046
G1 X84.638 Y94.500 E0.03046
G1 X84.152 Y93.847 E0.03046
G1 X83.745 Y93.142 E0.03046
G1 X83.422 Y92.394 E0.03046
G1 X83.189 Y91.614 E0.03046
G1 X83.047 Y90.813 E0.03046
G1 X83.000 Y90.000 E0.03046
G1 X83.047 Y89.187 E0.03046
G1 X83.189 Y88.386 E0.03046
G1 X83.422 Y87.606 E0.03046
G1 X83.745 Y86.858 E0.03046
G1 X84.152 Y86.153 E0.03046
G1 X84.638 Y85.500 E0.03046
G1 X85.196 Y84.908 E0.03046
G1 X85.820 Y84.385 E0.03046
G1 X86.500 Y83.938 E0.03046
G1 X87.227 Y83.572 E0.03046
G1 X87.992 Y83.294 E0.03046
G1 X88.784 Y83.106 E0.03046
G1 X89.593 Y83.012 E0.03046
G1 X90.407 Y83.012 E0.03046
G1 X91.216 Y83.106 E0.03046
G1 X92.008 Y83.294 E0.03046
G1 X92.773 Y83.572 E0.03046
G1 X93.500 Y83.938 E0.03046
G1 X94.180 Y84.385 E0.03046
G1 X94.804 Y84.908 E0.03046
G1 X95.362 Y85.500 E0.03046
G1 X95.848 Y86.153 E0.03046
G1 X96.255 Y86.858 E0.03046
G1 X96.578 Y87.606 E0.03046
G1 X96.811 Y88.386 E0.03046
G1 X96.953 Y89.187 E0.03046
G1 X97.000 Y90.000 E0.03046
G1 E-0.70000 F2100
G1 X91.174 Y83.785 F9000
G1 E0.70000 F1500
;TYPE:Internal infill
G1 F5400
G1 X96.215 Y88.826 E0.26674
G1 X96.067 Y91.789 E0.11101
G1 X88.211 Y83.933 E0.41569
G1 X86.149 Y84.982 E0.08657
G1 X95.018 Y93.851 E0.46929
M73 P25 R12
G1 X93.393 Y95.338 E0.08240
G1 X84.662 Y86.607 E0.46201
G1 X83.783 Y88.838 E0.08975
G1 X91.162 Y96.217 E0.39047
G1 X87.741 Y95.908 E0.12853
G1 X84.092 Y92.259 E0.19305
;LAYER_CHANGE
;Z:11.00
;HEIGHT:0.2
G1 E-0.70000 F2100
G1 Z11.200 F720
G1 X96.550 Y90.000 F9000
G1 Z11.000 F720
G1 E0.70000 F1500
;TYPE:Perimeter
;WIDTH:0.45
G1 F2400
G1 X96.550 Y90.000 E0.00000
G1 X96.500 Y90.805 E0.03018
G1 X96.352 Y91.598 E0.03018
G1 X96.108 Y92.366 E0.03018
G1 X95.771 Y93.099 E0.03018
G1 X95.346 Y93.784 E0.03018
G1 X94.841 Y94.413 E0.03018
G1 X94.262 Y94.974 E0.03018
G1 X93.618 Y95.460 E0.03018
G1 X92.920 Y95.863 E0.03018
G1 X92.177 Y96.178 E0.03018
G1 X91.401 Y96.398 E0.03018
G1 X90.604 Y96.522 E0.03018
G1 X89.798 Y96.547 E0.03018
G1 X88.995 Y96.472 E0.03018
G1 X88.208 Y96.300 E0.03018
G1 X87.447 Y96.032 E0.03018
G1 X86.725 Y95.672 E0.03018
G1 X86.053 Y95.227 E0.03018
G1 X85.440 Y94.702 E0.03018
G1 X84.897 Y94.106 E0.03018
G1 X84.431 Y93.448 E0.03018
G1 X84.050 Y92.738 E0.03018
G1 X83.758 Y91.986 E0.03018
G1 X83.562 Y91.204 E0.03018
G1 X83.462 Y90.403 E0.03018
G1 X83.462 Y89.597 E0.03018
G1 X83.562 Y88.796 E0.03018
G1 X83.758 Y88.014 E0.03018
G1 X84.050 Y87.262 E0.03018
G1 X84.431 Y86.552 E0.03018
G1 X84.897 Y85.894 E0.03018
G1 X85.440 Y85.298 E0.03018
G1 X86.053 Y84.773 E0.03018
G1 X86.725 Y84.328 E0.03018
G1 X87.447 Y83.968 E0.03018
G1 X88.208 Y83.700 E0.03018
G1 X88.995 Y83.528 E0.03018
G1 X89.798 Y83.453 E0.03018
G1 X90.604 Y83.478 E0.03018
G1 X91.401 Y83.602 E0.03018
G1 X92.177 Y83.822 E0.03018
G1 X92.920 Y84.137 E0.03018
G1 X93.618 Y84.540 E0.03018
G1 X94.262 Y85.026 E0.03018
G1 X94.841 Y85.587 E0.03018
G1 X95.346 Y86.216 E0.03018
G1 X95.771 Y86.901 E0.03018
G1 X96.108 Y87.634 E0.03018
G1 X96.352 Y88.402 E0.03018
G1 X96.500 Y89.195 E0.03018
G1 X96.550 Y90.000 E0.03018
G1 E-0.70000 F2100
G1 X97.000 Y90.000 F9000
G1 E0.70000 F1500
;TYPE:External perimeter
G1 F1800
G1 X97.000 Y90.000 E0.00000
G1 X96.953 Y90.813 E0.03046
G1 X96.811 Y91.614 E0.03046
G1 X96.578 Y92.394 E0.03046
G1 X96.255 Y93.142 E0.03046
G1 X95.848 Y93.847 E0.03046
G1 X95.362 Y94.500 E0.03046
G1 X94.804 Y95.092 E0.03046
G1 X94.180 Y95.615 E0.03046
G1 X93.500 Y96.062 E0.03046
G1 X92.773 Y96.428 E0.03046
G1 X92.008 Y96.706 E0.03046
G1 X91.216 Y96.894 E0.03046
G1 X90.407 Y96.988 E0.03046
G1 X89.593 Y96.988 E0.03046
G1 X88.784 Y96.894 E0.03046
G1 X87.992 Y96.706 E0.03046
G1 X87.227 Y96.428 E0.03046
G1 X86.500 Y96.062 E0.03046
G1 X85.820 Y95.615 E0.03046
G1 X85.196 Y95.092 E0.03046
G1 X84.638 Y94.500 E0.03046
G1 X84.152 Y93.847 E0.03046
G1 X83.745 Y93.142 E0.03046
G1 X83.422 Y92.394 E0.03046
G1 X83.189 Y91.614 E0.03046
G1 X83.047 Y90.813 E0.03046
G1 X83.000 Y90.000 E0.03046
G1 X83.047 Y89.187 E0.03046
G1 X83.189 Y88.386 E0.03046
G1 X83.422 Y87.606 E0.03046
G1 X83.745 Y86.858 E0.03046
G1 X84.152 Y86.153 E0.03046
G1 X84.638 Y85.500 E0.03046
G1 X85.196 Y84.908 E0.03046
G1 X85.820 Y84.385 E0.03046
G1 X86.500 Y83.938 E0.03046
G1 X87.227 Y83.572 E0.03046
G1 X87.992 Y83.294 E0.03046
G1 X88.784 Y83.106 E0.03046
G1 X89.593 Y83.012 E0.03046
G1 X90.407 Y83.012 E0.03046
G1 X91.216 Y83.106 E0.03046
G1 X92.008 Y83.294 E0.03046
G1 X92.773 Y83.572 E0.03046
G1 X93.500 Y83.938 E0.03046
G1 X94.180 Y84.385 E0.03046
G1 X94.804 Y84.908 E0.03046
G1 X95.362 Y85.500 E0.03046
G1 X95.848 Y86.153 E0.03046
G1 X96.255 Y86.858 E0.03046
G1 X96.578 Y87.606 E0.03046
G1 X96.811 Y88.386 E0.03046
G1 X96.953 Y89.187 E0.03046
G1 X97.000 Y90.000 E0.03046
G1 E-0.70000 F2100
G1 X83.785 Y88.826 F9000
G1 E0.70000 F1500
;TYPE:Internal infill
G1 F5400
G1 X88.826 Y83.785 E0.26674
G1 X91.789 Y83.933 E0.11101
G1 X83.933 Y91.789 E0.41569
G1 X84.982 Y93.851 E0.08657
G1 X93.851 Y84.982 E0.46929
G1 X95.338 Y86.607 E0.08240
G1 X86.607 Y95.338 E0.46201
G1 X88.838 Y96.217 E0.08975
G1 X96.217 Y88.838 E0.39047
G1 X95.908 Y92.259 E0.12853
G1 X92.259 Y95.908 E0.19305
;LAYER_CHANGE
;Z:11.20
;HEIGHT:0.2
G1 E-0.70000 F2100
G1 Z11.400 F720
G1 X96.550 Y90.000 F9000
G1 Z11.200 F720
G1 E0.70000 F1500
;TYPE:Perimeter
;WIDTH:0.45
G1 F2400
G1 X96.550 Y90.000 E0.00000
G1 X96.500 Y90.805 E0.03018
G1 X96.352 Y91.598 E0.03018
G1 X96.108 Y92.366 E0.03018
G1 X95.771 Y93.099 E0.03018
G1 X95.346 Y93.784 E0.03018
G1 X94.841 Y94.413 E0.03018
G1 X94.262 Y94.974 E0.03018
G1 X93.618 Y95.460 E0.03018
G1 X92.920 Y95.863 E0.03018
G1 X92.177 Y96.178 E0.03018
G1 X91.401 Y96.398 E0.03018
G1 X90.604 Y96.522 E0.03018
G1 X89.798 Y96.547 E0.03018
G1 X88.995 Y96.472 E0.03018
G1 X88.208 Y96.300 E0.03018
G1 X87.447 Y96.032 E0.03018
G1 X86.725 Y95.672 E0.03018
G1 X86.053 Y95.227 E0.03018
G1 X85.440 Y94.702 E0.03018
G1 X84.897 Y94.106 E0.03018
G1 X84.431 Y93.448 E0.03018
G1 X84.050 Y92.738 E0.03018
G1 X83.758 Y91.986 E0.03018
G1 X83.562 Y91.204 E0.03018
G1 X83.462 Y90.403 E0.03018
G1 X83.462 Y89.597 E0.03018
G1 X83.562 Y88.796 E0.03018
G1 X83.758 Y88.014 E0.03018
G1 X84.050 Y87.262 E0.03018
G1 X84.431 Y86.552 E0.03018
G1 X84.897 Y85.894 E0.03018
G1 X85.440 Y85.298 E0.03018
G1 X86.053 Y84.773 E0.03018
G1 X86.725 Y84.328 E0.03018
G1 X87.447 Y83.968 E0.03018
G1 X88.208 Y83.700 E0.03018
G1 X88.995 Y83.528 E0.03018
G1 X89.798 Y83.453 E0.03018
G1 X90.604 Y83.478 E0.03018
G1 X91.401 Y83.602 E0.03018
G1 X92.177 Y83.822 E0.03018
G1 X92.920 Y84.137 E0.03018
G1 X93.618 Y84.540 E0.03018
G1 X94.262 Y85.026 E0.03018
G1 X94.841 Y85.587 E0.03018
G1 X95.346 Y86.216 E0.03018
G1 X95.771 Y86.901 E0.03018
G1 X96.108 Y87.634 E0.03018
G1 X96.352 Y88.402 E0.03018
G1 X96.500 Y89.195 E0.03018
G1 X96.550 Y90.000 E0.03018
G1 E-0.70000 F2100
G1 X97.000 Y90.000 F9000
G1 E0.70000 F1500
;TYPE:External perimeter
G1 F1800
G1 X97.000 Y90.000 E0.00000
G1 X96.953 Y90.813 E0.03046
G1 X96.811 Y91.614 E0.03046
G1 X96.578 Y92.394 E0.03046
G1 X96.255 Y93.142 E0.03046
G1 X95.848 Y93.847 E0.03046
G1 X95.362 Y94.500 E0.03046
G1 X94.804 Y95.092 E0.03046
G1 X94.180 Y95.615 E0.03046
G1 X93.500 Y96.062 E0.03046
G1 X92.773 Y96.428 E0.03046
G1 X92.008 Y96.706 E0.03046
G1 X91.216 Y96.894 E0.03046
G1 X90.407 Y96.988 E0.03046
G1 X89.593 Y96.988 E0.03046
G1 X88.784 Y96.894 E0.03046
G1 X87.992 Y96.706 E0.03046
G1 X87.227 Y96.428 E0.03046
G1 X86.500 Y96.062 E0.03046
G1 X85.820 Y95.615 E0.03046
G1 X85.196 Y95.092 E0.03046
G1 X84.638 Y94.500 E0.03046
G1 X84.152 Y93.847 E0.03046
G1 X83.745 Y93.142 E0.03046
G1 X83.422 Y92.394 E0.03046
G1 X83.189 Y91.614 E0.03046
G1 X83.047 Y90.813 E0.03046
G1 X83.000 Y90.000 E0.03046
G1 X83.047 Y89.187 E0.03046
G1 X83.189 Y88.386 E0.03046
G1 X83.422 Y87.606 E0.03046
G1 X83.745 Y86.858 E0.03046
G1 X84.152 Y86.153 E0.03046
G1 X84.638 Y85.500 E0.03046
G1 X85.196 Y84.908 E0.03046
G1 X85.820 Y84.385 E0.03046
G1 X86.500 Y83.938 E0.03046
G1 X87.227 Y83.572 E0.03046
G1 X87.992 Y83.294 E0.03046
G1 X88.784 Y83.106 E0.03046
G1 X89.593 Y83.012 E0.03046
G1 X90.407 Y83.012 E0.03046
G1 X91.216 Y83.106 E0.03046
G1 X92.008 Y83.294 E0.03046
G1 X92.773 Y83.572 E0.03046
G1 X93.500 Y83.938 E0.03046
G1 X94.180 Y84.385 E0.03046
G1 X94.804 Y84.908 E0.03046
G1 X95.362 Y85.500 E0.03046
G1 X95.848 Y86.153 E0.03046
G1 X96.255 Y86.858 E0.03046
G1 X96.578 Y87.606 E0.03046
G1 X96.811 Y88.386 E0.03046
G1 X96.953 Y89.187 E0.03046
G1 X97.000 Y90.000 E0.03046
G1 E-0.70000 F2100
G1 X91.174 Y83.785 F9000
G1 E0.70000 F1500
;TYPE:Internal infill
G1 F5400
G1 X96.215 Y88.826 E0.26674
G1 X96.067 Y91.789 E0.11101
G1 X88.211 Y83.933 E0.41569
G1 X86.149 Y84.982 E0.08657
G1 X95.018 Y93.851 E0.46929
G1 X93.393 Y95.338 E0.08240
G1 X84.662 Y86.607 E0.46201
G1 X83.783 Y88.838 E0.08975
G1 X91.162 Y96.217 E0.39047
G1 X87.741 Y95.908 E0.12853
G1 X84.092 Y92.259 E0.19305
;LAYER_CHANGE
;Z:11.40
;HEIGHT:0.2
G1 E-0.70000 F2100
G1 Z11.600 F720
G1 X96.550 Y90.000 F9000
G1 Z11.400 F720
G1 E0.70000 F1500
;TYPE:Perimeter
;WIDTH:0.45
G1 F2400
G1 X96.550 Y90.000 E0.00000
G1 X96.500 Y90.805 E0.03018
G1 X96.352 Y91.598 E0.03018
G1 X96.108 Y92.366 E0.03018
G1 X95.771 Y93.099 E0.03018
G1 X95.346 Y93.784 E0.03018
G1 X94.841 Y94.413 E0.03018
G1 X94.262 Y94.974 E0.03018
G1 X93.618 Y95.460 E0.03018
G1 X92.920 Y95.863 E0.03018
G1 X92.177 Y96.178 E0.03018
G1 X91.401 Y96.398 E0.03018
G1 X90.604 Y96.522 E0.03018
G1 X89.798 Y96.547 E0.03018
G1 X88.995 Y96.472 E0.03018
G1 X88.208 Y96.300 E0.03018
G1 X87.447 Y96.032 E0.03018
G1 X86.725 Y95.672 E0.03018
G1 X86.053 Y95.227 E0.03018
G1 X85.440 Y94.702 E0.03018
G1 X84.897 Y94.106 E0.03018
G1 X84.431 Y93.448 E0.03018
G1 X84.050 Y92.738 E0.03018
G1 X83.758 Y91.986 E0.03018
G1 X83.562 Y91.204 E0.03018
M73 P26 R12
G1 X83.462 Y90.403 E0.03018
G1 X83.462 Y89.597 E0.03018
G1 X83.562 Y88.796 E0.03018
G1 X83.758 Y88.014 E0.03018
G1 X84.050 Y87.262 E0.03018
G1 X84.431 Y86.552 E0.03018
G1 X84.897 Y85.894 E0.03018
G1 X85.440 Y85.298 E0.03018
G1 X86.053 Y84.773 E0.03018
G1 X86.725 Y84.328 E0.03018
G1 X87.447 Y83.968 E0.03018
G1 X88.208 Y83.700 E0.03018
G1 X88.995 Y83.528 E0.03018
G1 X89.798 Y83.453 E0.03018
G1 X90.604 Y83.478 E0.03018
G1 X91.401 Y83.602 E0.03018
G1 X92.177 Y83.822 E0.03018
G1 X92.920 Y84.137 E0.03018
G1 X93.618 Y84.540 E0.03018
G1 X94.262 Y85.026 E0.03018
G1 X94.841 Y85.587 E0.03018
G1 X95.346 Y86.216 E0.03018
G1 X95.771 Y86.901 E0.03018
G1 X96.108 Y87.634 E0.03018
G1 X96.352 Y88.402 E0.03018
G1 X96.500 Y89.195 E0.03018
G1 X96.550 Y90.000 E0.03018
G1 E-0.70000 F2100
G1 X97.000 Y90.000 F9000
G1 E0.70000 F1500
;TYPE:External perimeter
G1 F1800
G1 X97.000 Y90.000 E0.00000
G1 X96.953 Y90.813 E0.03046
G1 X96.811 Y91.614 E0.03046
G1 X96.578 Y92.394 E0.03046
G1 X96.255 Y93.142 E0.03046
G1 X95.848 Y93.847 E0.03046
G1 X95.362 Y94.500 E0.03046
G1 X94.804 Y95.092 E0.03046
G1 X94.180 Y95.615 E0.03046
G1 X93.500 Y96.062 E0.03046
G1 X92.773 Y96.428 E0.03046
G1 X92.008 Y96.706 E0.03046
G1 X91.216 Y96.894 E0.03046
G1 X90.407 Y96.988 E0.03046
G1 X89.593 Y96.988 E0.03046
G1 X88.784 Y96.894 E0.03046
G1 X87.992 Y96.706 E0.03046
G1 X87.227 Y96.428 E0.03046
G1 X86.500 Y96.062 E0.03046
G1 X85.820 Y95.615 E0.03046
G1 X85.196 Y95.092 E0.03046
G1 X84.638 Y94.500 E0.03046
G1 X84.152 Y93.847 E0.03046
G1 X83.745 Y93.142 E0.03046
G1 X83.422 Y92.394 E0.03046
G1 X83.189 Y91.614 E0.03046
G1 X83.047 Y90.813 E0.03046
G1 X83.000 Y90.000 E0.03046
G1 X83.047 Y89.187 E0.03046
G1 X83.189 Y88.386 E0.03046
G1 X83.422 Y87.606 E0.03046
G1 X83.745 Y86.858 E0.03046
G1 X84.152 Y86.153 E0.03046
G1 X84.638 Y85.500 E0.03046
G1 X85.196 Y84.908 E0.03046
G1 X85.820 Y84.385 E0.03046
G1 X86.500 Y83.938 E0.03046
G1 X87.227 Y83.572 E0.03046
G1 X87.992 Y83.294 E0.03046
G1 X88.784 Y83.106 E0.03046
G1 X89.593 Y83.012 E0.03046
G1 X90.407 Y83.012 E0.03046
G1 X91.216 Y83.106 E0.03046
G1 X92.008 Y83.294 E0.03046
G1 X92.773 Y83.572 E0.03046
G1 X93.500 Y83.938 E0.03046
G1 X94.180 Y84.385 E0.03046
G1 X94.804 Y84.908 E0.03046
G1 X95.362 Y85.500 E0.03046
G1 X95.848 Y86.153 E0.03046
G1 X96.255 Y86.858 E0.03046
G1 X96.578 Y87.606 E0.03046
G1 X96.811 Y88.386 E0.03046
G1 X96.953 Y89.187 E0.03046
G1 X97.000 Y90.000 E0.03046
G1 E-0.70000 F2100
G1 X83.785 Y88.826 F9000
G1 E0.70000 F1500
;TYPE:Internal infill
G1 F5400
G1 X88.826 Y83.785 E0.26674
G1 X91.789 Y83.933 E0.11101
G1 X83.933 Y91.789 E0.41569
G1 X84.982 Y93.851 E0.08657
G1 X93.851 Y84.982 E0.46929
G1 X95.338 Y86.607 E0.08240
G1 X86.607 Y95.338 E0.46201
G1 X88.838 Y96.217 E0.08975
G1 X96.217 Y88.838 E0.39047
G1 X95.908 Y92.259 E0.12853
G1 X92.259 Y95.908 E0.19305
;LAYER_CHANGE
;Z:11.60
;HEIGHT:0.2
G1 E-0.70000 F2100
G1 Z11.800 F720
G1 X96.550 Y90.000 F9000
G1 Z11.600 F720
G1 E0.70000 F1500
;TYPE:Perimeter
;WIDTH:0.45
G1 F2400
G1 X96.550 Y90.000 E0.00000
G1 X96.500 Y90.805 E0.03018
G1 X96.352 Y91.598 E0.03018
G1 X96.108 Y92.366 E0.03018
G1 X95.771 Y93.099 E0.03018
G1 X95.346 Y93.784 E0.03018
G1 X94.841 Y94.413 E0.03018
G1 X94.262 Y94.974 E0.03018
G1 X93.618 Y95.460 E0.03018
G1 X92.920 Y95.863 E0.03018
G1 X92.177 Y96.178 E0.03018
G1 X91.401 Y96.398 E0.03018
G1 X90.604 Y96.522 E0.03018
G1 X89.798 Y96.547 E0.03018
G1 X88.995 Y96.472 E0.03018
G1 X88.208 Y96.300 E0.03018
G1 X87.447 Y96.032 E0.03018
G1 X86.725 Y95.672 E0.03018
G1 X86.053 Y95.227 E0.03018
G1 X85.440 Y94.702 E0.03018
G1 X84.897 Y94.106 E0.03018
G1 X84.431 Y93.448 E0.03018
G1 X84.050 Y92.738 E0.03018
G1 X83.758 Y91.986 E0.03018
G1 X83.562 Y91.204 E0.03018
G1 X83.462 Y90.403 E0.03018
G1 X83.462 Y89.597 E0.03018
G1 X83.562 Y88.796 E0.03018
G1 X83.758 Y88.014 E0.03018
G1 X84.050 Y87.262 E0.03018
G1 X84.431 Y86.552 E0.03018
G1 X84.897 Y85.894 E0.03018
G1 X85.440 Y85.298 E0.03018
G1 X86.053 Y84.773 E0.03018
G1 X86.725 Y84.328 E0.03018
G1 X87.447 Y83.968 E0.03018
G1 X88.208 Y83.700 E0.03018
G1 X88.995 Y83.528 E0.03018
G1 X89.798 Y83.453 E0.03018
G1 X90.604 Y83.478 E0.03018
G1 X91.401 Y83.602 E0.03018
G1 X92.177 Y83.822 E0.03018
G1 X92.920 Y84.137 E0.03018
G1 X93.618 Y84.540 E0.03018
G1 X94.262 Y85.026 E0.03018
G1 X94.841 Y85.587 E0.03018
G1 X95.346 Y86.216 E0.03018
G1 X95.771 Y86.901 E0.03018
G1 X96.108 Y87.634 E0.03018
G1 X96.352 Y88.402 E0.03018
G1 X96.500 Y89.195 E0.03018
G1 X96.550 Y90.000 E0.03018
G1 E-0.70000 F2100
G1 X97.000 Y90.000 F9000
G1 E0.70000 F1500
;TYPE:External perimeter
G1 F1800
G1 X97.000 Y90.000 E0.00000
G1 X96.953 Y90.813 E0.03046
G1 X96.811 Y91.614 E0.03046
G1 X96.578 Y92.394 E0.03046
G1 X96.255 Y93.142 E0.03046
G1 X95.848 Y93.847 E0.03046
G1 X95.362 Y94.500 E0.03046
G1 X94.804 Y95.092 E0.03046
G1 X94.180 Y95.615 E0.03046
G1 X93.500 Y96.062 E0.03046
G1 X92.773 Y96.428 E0.03046
G1 X92.008 Y96.706 E0.03046
G1 X91.216 Y96.894 E0.03046
G1 X90.407 Y96.988 E0.03046
G1 X89.593 Y96.988 E0.03046
G1 X88.784 Y96.894 E0.03046
G1 X87.992 Y96.706 E0.03046
G1 X87.227 Y96.428 E0.03046
G1 X86.500 Y96.062 E0.03046
G1 X85.820 Y95.615 E0.03046
G1 X85.196 Y95.092 E0.03046
G1 X84.638 Y94.500 E0.03046
G1 X84.152 Y93.847 E0.03046
G1 X83.745 Y93.142 E0.03046
G1 X83.422 Y92.394 E0.03046
G1 X83.189 Y91.614 E0.03046
G1 X83.047 Y90.813 E0.03046
G1 X83.000 Y90.000 E0.03046
G1 X83.047 Y89.187 E0.03046
G1 X83.189 Y88.386 E0.03046
G1 X83.422 Y87.606 E0.03046
G1 X83.745 Y86.858 E0.03046
G1 X84.152 Y86.153 E0.03046
G1 X84.638 Y85.500 E0.03046
G1 X85.196 Y84.908 E0.03046
G1 X85.820 Y84.385 E0.03046
G1 X86.500 Y83.938 E0.03046
G1 X87.227 Y83.572 E0.03046
G1 X87.992 Y83.294 E0.03046
G1 X88.784 Y83.106 E0.03046
G1 X89.593 Y83.012 E0.03046
G1 X90.407 Y83.012 E0.03046
G1 X91.216 Y83.106 E0.03046
G1 X92.008 Y83.294 E0.03046
G1 X92.773 Y83.572 E0.03046
G1 X93.500 Y83.938 E0.03046
G1 X94.180 Y84.385 E0.03046
G1 X94.804 Y84.908 E0.03046
G1 X95.362 Y85.500 E0.03046
G1 X95.848 Y86.153 E0.03046
G1 X96.255 Y86.858 E0.03046
G1 X96.578 Y87.606 E0.03046
G1 X96.811 Y88.386 E0.03046
G1 X96.953 Y89.187 E0.03046
G1 X97.000 Y90.000 E0.03046
G1 E-0.70000 F2100
G1 X91.174 Y83.785 F9000
G1 E0.70000 F1500
;TYPE:Internal infill
G1 F5400
G1 X96.215 Y88.826 E0.26674
G1 X96.067 Y91.789 E0.11101
G1 X88.211 Y83.933 E0.41569
G1 X86.149 Y84.982 E0.08657
G1 X95.018 Y93.851 E0.46929
G1 X93.393 Y95.338 E0.08240
G1 X84.662 Y86.607 E0.46201
G1 X83.783 Y88.838 E0.08975
G1 X91.162 Y96.217 E0.39047
G1 X87.741 Y95.908 E0.12853
G1 X84.092 Y92.259 E0.19305
;LAYER_CHANGE
;Z:11.80
;HEIGHT:0.2
G1 E-0.70000 F2100
G1 Z12.000 F720
G1 X96.550 Y90.000 F9000
G1 Z11.800 F720
G1 E0.70000 F1500
;TYPE:Perimeter
;WIDTH:0.45
G1 F2400
G1 X96.550 Y90.000 E0.00000
G1 X96.500 Y90.805 E0.03018
G1 X96.352 Y91.598 E0.03018
G1 X96.108 Y92.366 E0.03018
G1 X95.771 Y93.099 E0.03018
G1 X95.346 Y93.784 E0.03018
G1 X94.841 Y94.413 E0.03018
G1 X94.262 Y94.974 E0.03018
G1 X93.618 Y95.460 E0.03018
G1 X92.920 Y95.863 E0.03018
G1 X92.177 Y96.178 E0.03018
G1 X91.401 Y96.398 E0.03018
G1 X90.604 Y96.522 E0.03018
G1 X89.798 Y96.547 E0.03018
G1 X88.995 Y96.472 E0.03018
G1 X88.208 Y96.300 E0.03018
G1 X87.447 Y96.032 E0.03018
G1 X86.725 Y95.672 E0.03018
G1 X86.053 Y95.227 E0.03018
G1 X85.440 Y94.702 E0.03018
G1 X84.897 Y94.106 E0.03018
G1 X84.431 Y93.448 E0.03018
G1 X84.050 Y92.738 E0.03018
G1 X83.758 Y91.986 E0.03018
G1 X83.562 Y91.204 E0.03018
G1 X83.462 Y90.403 E0.03018
G1 X83.462 Y89.597 E0.03018
G1 X83.562 Y88.796 E0.03018
G1 X83.758 Y88.014 E0.03018
G1 X84.050 Y87.262 E0.03018
G1 X84.431 Y86.552 E0.03018
G1 X84.897 Y85.894 E0.03018
G1 X85.440 Y85.298 E0.03018
G1 X86.053 Y84.773 E0.03018
G1 X86.725 Y84.328 E0.03018
G1 X87.447 Y83.968 E0.03018
G1 X88.208 Y83.700 E0.03018
G1 X88.995 Y83.528 E0.03018
G1 X89.798 Y83.453 E0.03018
G1 X90.604 Y83.478 E0.03018
G1 X91.401 Y83.602 E0.03018
G1 X92.177 Y83.822 E0.03018
G1 X92.920 Y84.137 E0.03018
G1 X93.618 Y84.540 E0.03018
G1 X94.262 Y85.026 E0.03018
G1 X94.841 Y85.587 E0.03018
G1 X95.346 Y86.216 E0.03018
G1 X95.771 Y86.901 E0.03018
G1 X96.108 Y87.634 E0.03018
G1 X96.352 Y88.402 E0.03018
G1 X96.500 Y89.195 E0.03018
G1 X96.550 Y90.000 E0.03018
G1 E-0.70000 F2100
G1 X97.000 Y90.000 F9000
G1 E0.70000 F1500
;TYPE:External perimeter
G1 F1800
G1 X97.000 Y90.000 E0.00000
G1 X96.953 Y90.813 E0.03046
G1 X96.811 Y91.614 E0.03046
G1 X96.578 Y92.394 E0.03046
G1 X96.255 Y93.142 E0.03046
G1 X95.848 Y93.847 E0.03046
G1 X95.362 Y94.500 E0.03046
G1 X94.804 Y95.092 E0.03046
G1 X94.180 Y95.615 E0.03046
G1 X93.500 Y96.062 E0.03046
G1 X92.773 Y96.428 E0.03046
G1 X92.008 Y96.706 E0.03046
G1 X91.216 Y96.894 E0.03046
G1 X90.407 Y96.988 E0.03046
G1 X89.593 Y96.988 E0.03046
G1 X88.784 Y96.894 E0.03046
G1 X87.992 Y96.706 E0.03046
G1 X87.227 Y96.428 E0.03046
M73 P27 R11
G1 X86.500 Y96.062 E0.03046
G1 X85.820 Y95.615 E0.03046
G1 X85.196 Y95.092 E0.03046
G1 X84.638 Y94.500 E0.03046
G1 X84.152 Y93.847 E0.03046
G1 X83.745 Y93.142 E0.03046
G1 X83.422 Y92.394 E0.03046
G1 X83.189 Y91.614 E0.03046
G1 X83.047 Y90.813 E0.03046
G1 X83.000 Y90.000 E0.03046
G1 X83.047 Y89.187 E0.03046
G1 X83.189 Y88.386 E0.03046
G1 X83.422 Y87.606 E0.03046
G1 X83.745 Y86.858 E0.03046
G1 X84.152 Y86.153 E0.03046
G1 X84.638 Y85.500 E0.03046
G1 X85.196 Y84.908 E0.03046
G1 X85.820 Y84.385 E0.03046
G1 X86.500 Y83.938 E0.03046
G1 X87.227 Y83.572 E0.03046
G1 X87.992 Y83.294 E0.03046
G1 X88.784 Y83.106 E0.03046
G1 X89.593 Y83.012 E0.03046
G1 X90.407 Y83.012 E0.03046
G1 X91.216 Y83.106 E0.03046
G1 X92.008 Y83.294 E0.03046
G1 X92.773 Y83.572 E0.03046
G1 X93.500 Y83.938 E0.03046
G1 X94.180 Y84.385 E0.03046
G1 X94.804 Y84.908 E0.03046
G1 X95.362 Y85.500 E0.03046
G1 X95.848 Y86.153 E0.03046
G1 X96.255 Y86.858 E0.03046
G1 X96.578 Y87.606 E0.03046
G1 X96.811 Y88.386 E0.03046
G1 X96.953 Y89.187 E0.03046
G1 X97.000 Y90.000 E0.03046
G1 E-0.70000 F2100
G1 X83.785 Y88.826 F9000
G1 E0.70000 F1500
;TYPE:Internal infill
G1 F5400
G1 X88.826 Y83.785 E0.26674
G1 X91.789 Y83.933 E0.11101
G1 X83.933 Y91.789 E0.41569
G1 X84.982 Y93.851 E0.08657
G1 X93.851 Y84.982 E0.46929
G1 X95.338 Y86.607 E0.08240
G1 X86.607 Y95.338 E0.46201
G1 X88.838 Y96.217 E0.08975
G1 X96.217 Y88.838 E0.39047
G1 X95.908 Y92.259 E0.12853
G1 X92.259 Y95.908 E0.19305
;LAYER_CHANGE
;Z:12.00
;HEIGHT:0.2
G1 E-0.70000 F2100
G1 Z12.200 F720
G1 X96.550 Y90.000 F9000
G1 Z12.000 F720
G1 E0.70000 F1500
;TYPE:Perimeter
;WIDTH:0.45
G1 F2400
G1 X96.550 Y90.000 E0.00000
G1 X96.500 Y90.805 E0.03018
G1 X96.352 Y91.598 E0.03018
G1 X96.108 Y92.366 E0.03018
G1 X95.771 Y93.099 E0.03018
G1 X95.346 Y93.784 E0.03018
G1 X94.841 Y94.413 E0.03018
G1 X94.262 Y94.974 E0.03018
G1 X93.618 Y95.460 E0.03018
G1 X92.920 Y95.863 E0.03018
G1 X92.177 Y96.178 E0.03018
G1 X91.401 Y96.398 E0.03018
G1 X90.604 Y96.522 E0.03018
G1 X89.798 Y96.547 E0.03018
G1 X88.995 Y96.472 E0.03018
G1 X88.208 Y96.300 E0.03018
G1 X87.447 Y96.032 E0.03018
G1 X86.725 Y95.672 E0.03018
G1 X86.053 Y95.227 E0.03018
G1 X85.440 Y94.702 E0.03018
G1 X84.897 Y94.106 E0.03018
G1 X84.431 Y93.448 E0.03018
G1 X84.050 Y92.738 E0.03018
G1 X83.758 Y91.986 E0.03018
G1 X83.562 Y91.204 E0.03018
G1 X83.462 Y90.403 E0.03018
G1 X83.462 Y89.597 E0.03018
G1 X83.562 Y88.796 E0.03018
G1 X83.758 Y88.014 E0.03018
G1 X84.050 Y87.262 E0.03018
G1 X84.431 Y86.552 E0.03018
G1 X84.897 Y85.894 E0.03018
G1 X85.440 Y85.298 E0.03018
G1 X86.053 Y84.773 E0.03018
G1 X86.725 Y84.328 E0.03018
G1 X87.447 Y83.968 E0.03018
G1 X88.208 Y83.700 E0.03018
G1 X88.995 Y83.528 E0.03018
G1 X89.798 Y83.453 E0.03018
G1 X90.604 Y83.478 E0.03018
G1 X91.401 Y83.602 E0.03018
G1 X92.177 Y83.822 E0.03018
G1 X92.920 Y84.137 E0.03018
G1 X93.618 Y84.540 E0.03018
G1 X94.262 Y85.026 E0.03018
G1 X94.841 Y85.587 E0.03018
G1 X95.346 Y86.216 E0.03018
G1 X95.771 Y86.901 E0.03018
G1 X96.108 Y87.634 E0.03018
G1 X96.352 Y88.402 E0.03018
G1 X96.500 Y89.195 E0.03018
G1 X96.550 Y90.000 E0.03018
G1 E-0.70000 F2100
G1 X97.000 Y90.000 F9000
G1 E0.70000 F1500
;TYPE:External perimeter
G1 F1800
G1 X97.000 Y90.000 E0.00000
G1 X96.953 Y90.813 E0.03046
G1 X96.811 Y91.614 E0.03046
G1 X96.578 Y92.394 E0.03046
G1 X96.255 Y93.142 E0.03046
G1 X95.848 Y93.847 E0.03046
G1 X95.362 Y94.500 E0.03046
G1 X94.804 Y95.092 E0.03046
G1 X94.180 Y95.615 E0.03046
G1 X93.500 Y96.062 E0.03046
G1 X92.773 Y96.428 E0.03046
G1 X92.008 Y96.706 E0.03046
G1 X91.216 Y96.894 E0.03046
G1 X90.407 Y96.988 E0.03046
G1 X89.593 Y96.988 E0.03046
G1 X88.784 Y96.894 E0.03046
G1 X87.992 Y96.706 E0.03046
G1 X87.227 Y96.428 E0.03046
G1 X86.500 Y96.062 E0.03046
G1 X85.820 Y95.615 E0.03046
G1 X85.196 Y95.092 E0.03046
G1 X84.638 Y94.500 E0.03046
G1 X84.152 Y93.847 E0.03046
G1 X83.745 Y93.142 E0.03046
G1 X83.422 Y92.394 E0.03046
G1 X83.189 Y91.614 E0.03046
G1 X83.047 Y90.813 E0.03046
G1 X83.000 Y90.000 E0.03046
G1 X83.047 Y89.187 E0.03046
G1 X83.189 Y88.386 E0.03046
G1 X83.422 Y87.606 E0.03046
G1 X83.745 Y86.858 E0.03046
G1 X84.152 Y86.153 E0.03046
G1 X84.638 Y85.500 E0.03046
G1 X85.196 Y84.908 E0.03046
G1 X85.820 Y84.385 E0.03046
G1 X86.500 Y83.938 E0.03046
G1 X87.227 Y83.572 E0.03046
G1 X87.992 Y83.294 E0.03046
G1 X88.784 Y83.106 E0.03046
G1 X89.593 Y83.012 E0.03046
G1 X90.407 Y83.012 E0.03046
G1 X91.216 Y83.106 E0.03046
G1 X92.008 Y83.294 E0.03046
G1 X92.773 Y83.572 E0.03046
G1 X93.500 Y83.938 E0.03046
G1 X94.180 Y84.385 E0.03046
G1 X94.804 Y84.908 E0.03046
G1 X95.362 Y85.500 E0.03046
G1 X95.848 Y86.153 E0.03046
G1 X96.255 Y86.858 E0.03046
G1 X96.578 Y87.606 E0.03046
G1 X96.811 Y88.386 E0.03046
G1 X96.953 Y89.187 E0.03046
G1 X97.000 Y90.000 E0.03046
G1 E-0.70000 F2100
G1 X91.174 Y83.785 F9000
G1 E0.70000 F1500
;TYPE:Internal infill
G1 F5400
G1 X96.215 Y88.826 E0.26674
G1 X96.067 Y91.789 E0.11101
G1 X88.211 Y83.933 E0.41569
G1 X86.149 Y84.982 E0.08657
G1 X95.018 Y93.851 E0.46929
G1 X93.393 Y95.338 E0.08240
G1 X84.662 Y86.607 E0.46201
G1 X83.783 Y88.838 E0.08975
G1 X91.162 Y96.217 E0.39047
G1 X87.741 Y95.908 E0.12853
G1 X84.092 Y92.259 E0.19305
;LAYER_CHANGE
;Z:12.20
;HEIGHT:0.2
G1 E-0.70000 F2100
G1 Z12.400 F720
G1 X113.550 Y90.000 F9000
G1 Z12.200 F720
G1 E0.70000 F1500
;TYPE:Perimeter
;WIDTH:0.45
G1 F2400
G1 X113.550 Y90.000 E0.00000
G1 X113.536 Y90.804 E0.03009
G1 X113.495 Y91.607 E0.03009
G1 X113.427 Y92.408 E0.03009
G1 X113.331 Y93.207 E0.03009
G1 X113.208 Y94.001 E0.03009
G1 X113.057 Y94.791 E0.03009
G1 X112.880 Y95.576 E0.03009
G1 X112.677 Y96.354 E0.03009
G1 X112.447 Y97.124 E0.03009
G1 X112.190 Y97.886 E0.03009
G1 X111.908 Y98.639 E0.03009
G1 X111.600 Y99.382 E0.03009
G1 X111.267 Y100.114 E0.03009
G1 X110.910 Y100.835 E0.03009
G1 X110.528 Y101.542 E0.03009
G1 X110.122 Y102.236 E0.03009
G1 X109.692 Y102.916 E0.03009
G1 X109.240 Y103.581 E0.03009
G1 X108.765 Y104.230 E0.03009
G1 X108.268 Y104.862 E0.03009
G1 X107.750 Y105.477 E0.03009
G1 X107.211 Y106.074 E0.03009
G1 X106.652 Y106.652 E0.03009
G1 X106.074 Y107.211 E0.03009
G1 X105.477 Y107.750 E0.03009
G1 X104.862 Y108.268 E0.03009
G1 X104.230 Y108.765 E0.03009
G1 X103.581 Y109.240 E0.03009
G1 X102.916 Y109.692 E0.03009
G1 X102.236 Y110.122 E0.03009
G1 X101.542 Y110.528 E0.03009
G1 X100.835 Y110.910 E0.03009
G1 X100.114 Y111.267 E0.03009
G1 X99.382 Y111.600 E0.03009
G1 X98.639 Y111.908 E0.03009
G1 X97.886 Y112.190 E0.03009
G1 X97.124 Y112.447 E0.03009
G1 X96.354 Y112.677 E0.03009
G1 X95.576 Y112.880 E0.03009
G1 X94.791 Y113.057 E0.03009
G1 X94.001 Y113.208 E0.03009
G1 X93.207 Y113.331 E0.03009
G1 X92.408 Y113.427 E0.03009
G1 X91.607 Y113.495 E0.03009
G1 X90.804 Y113.536 E0.03009
G1 X90.000 Y113.550 E0.03009
G1 X89.196 Y113.536 E0.03009
G1 X88.393 Y113.495 E0.03009
G1 X87.592 Y113.427 E0.03009
G1 X86.793 Y113.331 E0.03009
G1 X85.999 Y113.208 E0.03009
G1 X85.209 Y113.057 E0.03009
G1 X84.424 Y112.880 E0.03009
G1 X83.646 Y112.677 E0.03009
G1 X82.876 Y112.447 E0.03009
G1 X82.114 Y112.190 E0.03009
G1 X81.361 Y111.908 E0.03009
G1 X80.618 Y111.600 E0.03009
G1 X79.886 Y111.267 E0.03009
G1 X79.165 Y110.910 E0.03009
G1 X78.458 Y110.528 E0.03009
G1 X77.764 Y110.122 E0.03009
G1 X77.084 Y109.692 E0.03009
G1 X76.419 Y109.240 E0.03009
G1 X75.770 Y108.765 E0.03009
G1 X75.138 Y108.268 E0.03009
G1 X74.523 Y107.750 E0.03009
G1 X73.926 Y107.211 E0.03009
G1 X73.348 Y106.652 E0.03009
G1 X72.789 Y106.074 E0.03009
G1 X72.250 Y105.477 E0.03009
G1 X71.732 Y104.862 E0.03009
G1 X71.235 Y104.230 E0.03009
G1 X70.760 Y103.581 E0.03009
G1 X70.308 Y102.916 E0.03009
G1 X69.878 Y102.236 E0.03009
G1 X69.472 Y101.542 E0.03009
G1 X69.090 Y100.835 E0.03009
G1 X68.733 Y100.114 E0.03009
G1 X68.400 Y99.382 E0.03009
G1 X68.092 Y98.639 E0.03009
G1 X67.810 Y97.886 E0.03009
G1 X67.553 Y97.124 E0.03009
G1 X67.323 Y96.354 E0.03009
G1 X67.120 Y95.576 E0.03009
G1 X66.943 Y94.791 E0.03009
G1 X66.792 Y94.001 E0.03009
G1 X66.669 Y93.207 E0.03009
G1 X66.573 Y92.408 E0.03009
G1 X66.505 Y91.607 E0.03009
G1 X66.464 Y90.804 E0.03009
G1 X66.450 Y90.000 E0.03009
G1 X66.464 Y89.196 E0.03009
G1 X66.505 Y88.393 E0.03009
G1 X66.573 Y87.592 E0.03009
G1 X66.669 Y86.793 E0.03009
G1 X66.792 Y85.999 E0.03009
G1 X66.943 Y85.209 E0.03009
G1 X67.120 Y84.424 E0.03009
G1 X67.323 Y83.646 E0.03009
G1 X67.553 Y82.876 E0.03009
G1 X67.810 Y82.114 E0.03009
G1 X68.092 Y81.361 E0.03009
G1 X68.400 Y80.618 E0.03009
G1 X68.733 Y79.886 E0.03009
G1 X69.090 Y79.165 E0.03009
G1 X69.472 Y78.458 E0.03009
G1 X69.878 Y77.764 E0.03009
G1 X70.308 Y77.084 E0.03009
G1 X70.760 Y76.419 E0.03009
G1 X71.235 Y75.770 E0.03009
G1 X71.732 Y75.138 E0.03009
G1 X72.250 Y74.523 E0.03009
G1 X72.789 Y73.926 E0.03009
G1 X73.348 Y73.348 E0.03009
G1 X73.926 Y72.789 E0.03009
G1 X74.523 Y72.250 E0.03009
G1 X75.138 Y71.732 E0.03009
G1 X75.770 Y71.235 E0.03009
G1 X76.419 Y70.760 E0.03009
G1 X77.084 Y70.308 E0.03009
G1 X77.764 Y69.878 E0.03009
G1 X78.458 Y69.472 E0.03009
M73 P28 R11
G1 X79.165 Y69.090 E0.03009
G1 X79.886 Y68.733 E0.03009
G1 X80.618 Y68.400 E0.03009
G1 X81.361 Y68.092 E0.03009
G1 X82.114 Y67.810 E0.03009
G1 X82.876 Y67.553 E0.03009
G1 X83.646 Y67.323 E0.03009
G1 X84.424 Y67.120 E0.03009
G1 X85.209 Y66.943 E0.03009
G1 X85.999 Y66.792 E0.03009
G1 X86.793 Y66.669 E0.03009
G1 X87.592 Y66.573 E0.03009
G1 X88.393 Y66.505 E0.03009
G1 X89.196 Y66.464 E0.03009
G1 X90.000 Y66.450 E0.03009
G1 X90.804 Y66.464 E0.03009
G1 X91.607 Y66.505 E0.03009
G1 X92.408 Y66.573 E0.03009
G1 X93.207 Y66.669 E0.03009
G1 X94.001 Y66.792 E0.03009
G1 X94.791 Y66.943 E0.03009
G1 X95.576 Y67.120 E0.03009
G1 X96.354 Y67.323 E0.03009
G1 X97.124 Y67.553 E0.03009
G1 X97.886 Y67.810 E0.03009
G1 X98.639 Y68.092 E0.03009
G1 X99.382 Y68.400 E0.03009
G1 X100.114 Y68.733 E0.03009
G1 X100.835 Y69.090 E0.03009
G1 X101.542 Y69.472 E0.03009
G1 X102.236 Y69.878 E0.03009
G1 X102.916 Y70.308 E0.03009
G1 X103.581 Y70.760 E0.03009
G1 X104.230 Y71.235 E0.03009
G1 X104.862 Y71.732 E0.03009
G1 X105.477 Y72.250 E0.03009
G1 X106.074 Y72.789 E0.03009
G1 X106.652 Y73.348 E0.03009
G1 X107.211 Y73.926 E0.03009
G1 X107.750 Y74.523 E0.03009
G1 X108.268 Y75.138 E0.03009
G1 X108.765 Y75.770 E0.03009
G1 X109.240 Y76.419 E0.03009
G1 X109.692 Y77.084 E0.03009
G1 X110.122 Y77.764 E0.03009
G1 X110.528 Y78.458 E0.03009
G1 X110.910 Y79.165 E0.03009
G1 X111.267 Y79.886 E0.03009
G1 X111.600 Y80.618 E0.03009
G1 X111.908 Y81.361 E0.03009
G1 X112.190 Y82.114 E0.03009
G1 X112.447 Y82.876 E0.03009
G1 X112.677 Y83.646 E0.03009
G1 X112.880 Y84.424 E0.03009
G1 X113.057 Y85.209 E0.03009
G1 X113.208 Y85.999 E0.03009
G1 X113.331 Y86.793 E0.03009
G1 X113.427 Y87.592 E0.03009
G1 X113.495 Y88.393 E0.03009
G1 X113.536 Y89.196 E0.03009
G1 X113.550 Y90.000 E0.03009
G1 E-0.70000 F2100
G1 X114.000 Y90.000 F9000
G1 E0.70000 F1500
;TYPE:External perimeter
G1 F1800
G1 X114.000 Y90.000 E0.00000
G1 X113.987 Y90.802 E0.03001
G1 X113.946 Y91.603 E0.03001
G1 X113.879 Y92.402 E0.03001
G1 X113.786 Y93.199 E0.03001
G1 X113.666 Y93.992 E0.03001
G1 X113.519 Y94.780 E0.03001
G1 X113.346 Y95.564 E0.03001
G1 X113.147 Y96.341 E0.03001
G1 X112.922 Y97.111 E0.03001
G1 X112.672 Y97.873 E0.03001
G1 X112.396 Y98.626 E0.03001
G1 X112.096 Y99.369 E0.03001
G1 X111.770 Y100.102 E0.03001
G1 X111.420 Y100.824 E0.03001
G1 X111.047 Y101.534 E0.03001
G1 X110.650 Y102.231 E0.03001
G1 X110.229 Y102.914 E0.03001
G1 X109.787 Y103.583 E0.03001
G1 X109.322 Y104.236 E0.03001
G1 X108.835 Y104.874 E0.03001
G1 X108.328 Y105.495 E0.03001
G1 X107.800 Y106.099 E0.03001
G1 X107.252 Y106.685 E0.03001
G1 X106.685 Y107.252 E0.03001
G1 X106.099 Y107.800 E0.03001
G1 X105.495 Y108.328 E0.03001
G1 X104.874 Y108.835 E0.03001
G1 X104.236 Y109.322 E0.03001
G1 X103.583 Y109.787 E0.03001
G1 X102.914 Y110.229 E0.03001
G1 X102.231 Y110.650 E0.03001
G1 X101.534 Y111.047 E0.03001
G1 X100.824 Y111.420 E0.03001
G1 X100.102 Y111.770 E0.03001
G1 X99.369 Y112.096 E0.03001
G1 X98.626 Y112.396 E0.03001
G1 X97.873 Y112.672 E0.03001
G1 X97.111 Y112.922 E0.03001
G1 X96.341 Y113.147 E0.03001
G1 X95.564 Y113.346 E0.03001
G1 X94.780 Y113.519 E0.03001
G1 X93.992 Y113.666 E0.03001
G1 X93.199 Y113.786 E0.03001
G1 X92.402 Y113.879 E0.03001
G1 X91.603 Y113.946 E0.03001
G1 X90.802 Y113.987 E0.03001
G1 X90.000 Y114.000 E0.03001
G1 X89.198 Y113.987 E0.03001
G1 X88.397 Y113.946 E0.03001
G1 X87.598 Y113.879 E0.03001
G1 X86.801 Y113.786 E0.03001
G1 X86.008 Y113.666 E0.03001
G1 X85.220 Y113.519 E0.03001
G1 X84.436 Y113.346 E0.03001
G1 X83.659 Y113.147 E0.03001
G1 X82.889 Y112.922 E0.03001
G1 X82.127 Y112.672 E0.03001
G1 X81.374 Y112.396 E0.03001
G1 X80.631 Y112.096 E0.03001
G1 X79.898 Y111.770 E0.03001
G1 X79.176 Y111.420 E0.03001
G1 X78.466 Y111.047 E0.03001
G1 X77.769 Y110.650 E0.03001
G1 X77.086 Y110.229 E0.03001
G1 X76.417 Y109.787 E0.03001
G1 X75.764 Y109.322 E0.03001
G1 X75.126 Y108.835 E0.03001
G1 X74.505 Y108.328 E0.03001
G1 X73.901 Y107.800 E0.03001
G1 X73.315 Y107.252 E0.03001
G1 X72.748 Y106.685 E0.03001
G1 X72.200 Y106.099 E0.03001
G1 X71.672 Y105.495 E0.03001
G1 X71.165 Y104.874 E0.03001
G1 X70.678 Y104.236 E0.03001
G1 X70.213 Y103.583 E0.03001
G1 X69.771 Y102.914 E0.03001
G1 X69.350 Y102.231 E0.03001
G1 X68.953 Y101.534 E0.03001
G1 X68.580 Y100.824 E0.03001
G1 X68.230 Y100.102 E0.03001
G1 X67.904 Y99.369 E0.03001
G1 X67.604 Y98.626 E0.03001
G1 X67.328 Y97.873 E0.03001
G1 X67.078 Y97.111 E0.03001
G1 X66.853 Y96.341 E0.03001
G1 X66.654 Y95.564 E0.03001
G1 X66.481 Y94.780 E0.03001
G1 X66.334 Y93.992 E0.03001
G1 X66.214 Y93.199 E0.03001
G1 X66.121 Y92.402 E0.03001
G1 X66.054 Y91.603 E0.03001
G1 X66.013 Y90.802 E0.03001
G1 X66.000 Y90.000 E0.03001
G1 X66.013 Y89.198 E0.03001
G1 X66.054 Y88.397 E0.03001
G1 X66.121 Y87.598 E0.03001
G1 X66.214 Y86.801 E0.03001
G1 X66.334 Y86.008 E0.03001
G1 X66.481 Y85.220 E0.03001
G1 X66.654 Y84.436 E0.03001
G1 X66.853 Y83.659 E0.03001
G1 X67.078 Y82.889 E0.03001
G1 X67.328 Y82.127 E0.03001
G1 X67.604 Y81.374 E0.03001
G1 X67.904 Y80.631 E0.03001
G1 X68.230 Y79.898 E0.03001
G1 X68.580 Y79.176 E0.03001
G1 X68.953 Y78.466 E0.03001
G1 X69.350 Y77.769 E0.03001
G1 X69.771 Y77.086 E0.03001
G1 X70.213 Y76.417 E0.03001
G1 X70.678 Y75.764 E0.03001
G1 X71.165 Y75.126 E0.03001
G1 X71.672 Y74.505 E0.03001
G1 X72.200 Y73.901 E0.03001
G1 X72.748 Y73.315 E0.03001
G1 X73.315 Y72.748 E0.03001
G1 X73.901 Y72.200 E0.03001
G1 X74.505 Y71.672 E0.03001
G1 X75.126 Y71.165 E0.03001
G1 X75.764 Y70.678 E0.03001
G1 X76.417 Y70.213 E0.03001
G1 X77.086 Y69.771 E0.03001
G1 X77.769 Y69.350 E0.03001
G1 X78.466 Y68.953 E0.03001
G1 X79.176 Y68.580 E0.03001
G1 X79.898 Y68.230 E0.03001
G1 X80.631 Y67.904 E0.03001
G1 X81.374 Y67.604 E0.03001
G1 X82.127 Y67.328 E0.03001
G1 X82.889 Y67.078 E0.03001
G1 X83.659 Y66.853 E0.03001
G1 X84.436 Y66.654 E0.03001
G1 X85.220 Y66.481 E0.03001
G1 X86.008 Y66.334 E0.03001
G1 X86.801 Y66.214 E0.03001
G1 X87.598 Y66.121 E0.03001
G1 X88.397 Y66.054 E0.03001
G1 X89.198 Y66.013 E0.03001
G1 X90.000 Y66.000 E0.03001
G1 X90.802 Y66.013 E0.03001
G1 X91.603 Y66.054 E0.03001
G1 X92.402 Y66.121 E0.03001
G1 X93.199 Y66.214 E0.03001
G1 X93.992 Y66.334 E0.03001
G1 X94.780 Y66.481 E0.03001
G1 X95.564 Y66.654 E0.03001
G1 X96.341 Y66.853 E0.03001
G1 X97.111 Y67.078 E0.03001
G1 X97.873 Y67.328 E0.03001
G1 X98.626 Y67.604 E0.03001
G1 X99.369 Y67.904 E0.03001
G1 X100.102 Y68.230 E0.03001
G1 X100.824 Y68.580 E0.03001
G1 X101.534 Y68.953 E0.03001
G1 X102.231 Y69.350 E0.03001
G1 X102.914 Y69.771 E0.03001
G1 X103.583 Y70.213 E0.03001
G1 X104.236 Y70.678 E0.03001
G1 X104.874 Y71.165 E0.03001
G1 X105.495 Y71.672 E0.03001
G1 X106.099 Y72.200 E0.03001
G1 X106.685 Y72.748 E0.03001
G1 X107.252 Y73.315 E0.03001
G1 X107.800 Y73.901 E0.03001
G1 X108.328 Y74.505 E0.03001
G1 X108.835 Y75.126 E0.03001
G1 X109.322 Y75.764 E0.03001
G1 X109.787 Y76.417 E0.03001
G1 X110.229 Y77.086 E0.03001
G1 X110.650 Y77.769 E0.03001
G1 X111.047 Y78.466 E0.03001
G1 X111.420 Y79.176 E0.03001
G1 X111.770 Y79.898 E0.03001
G1 X112.096 Y80.631 E0.03001
G1 X112.396 Y81.374 E0.03001
G1 X112.672 Y82.127 E0.03001
G1 X112.922 Y82.889 E0.03001
G1 X113.147 Y83.659 E0.03001
G1 X113.346 Y84.436 E0.03001
G1 X113.519 Y85.220 E0.03001
G1 X113.666 Y86.008 E0.03001
G1 X113.786 Y86.801 E0.03001
G1 X113.879 Y87.598 E0.03001
G1 X113.946 Y88.397 E0.03001
G1 X113.987 Y89.198 E0.03001
G1 X114.000 Y90.000 E0.03001
G1 E-0.70000 F2100
G1 X71.380 Y75.951 F9000
G1 E0.70000 F1500
;TYPE:Solid infill
G1 F3600
G1 X75.951 Y71.380 E0.24187
G1 X77.923 Y70.045 E0.08912
G1 X70.045 Y77.923 E0.41689
G1 X69.242 Y79.363 E0.06168
G1 X79.363 Y69.242 E0.53556
G1 X80.578 Y68.663 E0.05039
G1 X68.663 Y80.578 E0.63054
G1 X68.217 Y81.660 E0.04379
G1 X81.660 Y68.217 E0.71139
G1 X82.651 Y67.863 E0.03934
G1 X67.863 Y82.651 E0.78250
G1 X67.578 Y83.572 E0.03608
M73 P29 R11
G1 X83.572 Y67.578 E0.84632
G1 X84.439 Y67.348 E0.03357
G1 X67.348 Y84.439 E0.90440
G1 X67.161 Y85.261 E0.03156
G1 X85.261 Y67.161 E0.95779
G1 X86.047 Y67.012 E0.02991
G1 X67.012 Y86.047 E1.00723
G1 X66.896 Y86.800 E0.02852
G1 X86.800 Y66.896 E1.05328
G1 X87.525 Y66.807 E0.02734
G1 X66.807 Y87.525 E1.09636
G1 X66.743 Y88.226 E0.02632
G1 X88.226 Y66.743 E1.13682
G1 X88.904 Y66.701 E0.02543
G1 X66.701 Y88.904 E1.17492
G1 X66.679 Y89.562 E0.02464
G1 X89.562 Y66.679 E1.21089
G1 X90.202 Y66.676 E0.02393
G1 X66.676 Y90.202 E1.24491
G1 X66.690 Y90.824 E0.02331
G1 X90.824 Y66.690 E1.27713
G1 X91.431 Y66.719 E0.02274
G1 X66.719 Y91.431 E1.30770
G1 X66.763 Y92.024 E0.02223
G1 X92.024 Y66.763 E1.33672
G1 X92.603 Y66.821 E0.02176
G1 X66.821 Y92.603 E1.36429
G1 X66.891 Y93.168 E0.02134
G1 X93.168 Y66.891 E1.39050
G1 X93.722 Y66.974 E0.02095
G1 X66.974 Y93.722 E1.41542
G1 X67.068 Y94.264 E0.02059
M73 P30 R11
G1 X94.264 Y67.068 E1.43913
G1 X94.795 Y67.173 E0.02026
G1 X67.173 Y94.795 E1.46167
G1 X67.289 Y95.316 E0.01996
G1 X95.316 Y67.289 E1.48311
G1 X95.827 Y67.415 E0.01968
G1 X67.415 Y95.827 E1.50349
G1 X67.550 Y96.328 E0.01942
G1 X96.328 Y67.550 E1.52285
G1 X96.820 Y67.694 E0.01918
G1 X67.694 Y96.820 E1.54123
G1 X67.848 Y97.303 E0.01896
G1 X97.303 Y67.848 E1.55867
G1 X97.777 Y68.010 E0.01876
G1 X68.010 Y97.777 E1.57520
G1 X68.180 Y98.243 E0.01857
G1 X98.243 Y68.180 E1.59084
G1 X98.701 Y68.359 E0.01839
G1 X68.359 Y98.701 E1.60562
G1 X68.545 Y99.151 E0.01823
G1 X99.151 Y68.545 E1.61957
G1 X99.594 Y68.739 E0.01807
G1 X68.739 Y99.594 E1.63270
G1 X68.941 Y100.028 E0.01793
G1 X100.028 Y68.941 E1.64504
G1 X100.456 Y69.150 E0.01780
M73 P31 R11
G1 X69.150 Y100.456 E1.65661
G1 X69.366 Y100.876 E0.01768
G1 X100.876 Y69.366 E1.66741
G1 X101.289 Y69.589 E0.01757
G1 X69.589 Y101.289 E1.67747
G1 X69.819 Y101.696 E0.01747
G1 X101.696 Y69.819 E1.68679
G1 X102.095 Y70.056 E0.01738
G1 X70.056 Y102.095 E1.69540
G1 X70.300 Y102.488 E0.01729
G1 X102.488 Y70.300 E1.70330
G1 X102.874 Y70.550 E0.01722
G1 X70.550 Y102.874 E1.71050
G1 X70.806 Y103.254 E0.01715
G1 X103.254 Y70.806 E1.71700
G1 X103.627 Y71.070 E0.01709
G1 X71.070 Y103.627 E1.72283
G1 X71.339 Y103.994 E0.01703
G1 X103.994 Y71.339 E1.72798
G1 X104.354 Y71.615 E0.01699
G1 X71.615 Y104.354 E1.73245
G1 X71.897 Y104.709 E0.01695
M73 P32 R11
G1 X104.709 Y71.897 E1.73627
G1 X105.057 Y72.186 E0.01691
G1 X72.186 Y105.057 E1.73942
G1 X72.480 Y105.398 E0.01688
G1 X105.398 Y72.480 E1.74192
G1 X105.734 Y72.781 E0.01686
G1 X72.781 Y105.734 E1.74376
G1 X73.088 Y106.064 E0.01685
G1 X106.064 Y73.088 E1.74496
G1 X106.387 Y73.401 E0.01684
G1 X73.401 Y106.387 E1.74550
G1 X73.720 Y106.704 E0.01684
G1 X106.704 Y73.720 E1.74539
G1 X107.015 Y74.046 E0.01684
G1 X74.046 Y107.015 E1.74463
G1 X74.377 Y107.320 E0.01685
G1 X107.320 Y74.377 E1.74322
G1 X107.619 Y74.715 E0.01687
G1 X74.715 Y107.619 E1.74116
G1 X75.059 Y107.911 E0.01689
G1 X107.911 Y75.059 E1.73844
G1 X108.198 Y75.409 E0.01692
G1 X75.409 Y108.198 E1.73507
G1 X75.765 Y108.478 E0.01696
M73 P33 R10
G1 X108.478 Y75.765 E1.73104
G1 X108.751 Y76.128 E0.01700
G1 X76.128 Y108.751 E1.72633
G1 X76.497 Y109.019 E0.01705
G1 X109.019 Y76.497 E1.72096
G1 X109.280 Y76.872 E0.01711
G1 X76.872 Y109.280 E1.71491
G1 X77.254 Y109.534 E0.01717
G1 X109.534 Y77.254 E1.70817
G1 X109.782 Y77.642 E0.01724
G1 X77.642 Y109.782 E1.70074
G1 X78.037 Y110.024 E0.01732
G1 X110.024 Y78.037 E1.69261
G1 X110.258 Y78.439 E0.01741
G1 X78.439 Y110.258 E1.68377
G1 X78.848 Y110.486 E0.01750
G1 X110.486 Y78.848 E1.67420
G1 X110.707 Y79.263 E0.01761
G1 X79.263 Y110.707 E1.66389
G1 X79.686 Y110.921 E0.01772
G1 X110.921 Y79.686 E1.65284
G1 X111.127 Y80.116 E0.01785
M73 P34 R10
G1 X80.116 Y111.127 E1.64102
G1 X80.553 Y111.326 E0.01798
G1 X111.326 Y80.553 E1.62841
G1 X111.518 Y80.998 E0.01812
G1 X80.998 Y111.518 E1.61501
G1 X81.451 Y111.702 E0.01828
G1 X111.702 Y81.451 E1.60079
G1 X111.878 Y81.911 E0.01845
G1 X81.911 Y111.878 E1.58572
G1 X82.380 Y112.045 E0.01863
G1 X112.045 Y82.380 E1.56979
G1 X112.204 Y82.857 E0.01882
G1 X82.857 Y112.204 E1.55296
G1 X83.343 Y112.355 E0.01903
G1 X112.355 Y83.343 E1.53521
G1 X112.496 Y83.838 E0.01926
G1 X83.838 Y112.496 E1.51651
G1 X84.342 Y112.628 E0.01951
G1 X112.628 Y84.342 E1.49681
G1 X112.751 Y84.856 E0.01977
G1 X84.856 Y112.751 E1.47608
G1 X85.380 Y112.863 E0.02006
G1 X112.863 Y85.380 E1.45428
G1 X112.965 Y85.915 E0.02037
G1 X85.915 Y112.965 E1.43136
G1 X86.461 Y113.055 E0.02071
M73 P35 R10
G1 X113.055 Y86.461 E1.40725
G1 X113.134 Y87.019 E0.02107
G1 X87.019 Y113.134 E1.38191
G1 X87.589 Y113.200 E0.02147
G1 X113.200 Y87.589 E1.35525
G1 X113.253 Y88.172 E0.02191
G1 X88.172 Y113.253 E1.32721
G1 X88.769 Y113.293 E0.02239
G1 X113.293 Y88.769 E1.29769
G1 X113.317 Y89.381 E0.02292
G1 X89.381 Y113.317 E1.26658
G1 X90.010 Y113.325 E0.02351
G1 X113.325 Y90.010 E1.23377
G1 X113.316 Y90.655 E0.02416
G1 X90.655 Y113.316 E1.19912
G1 X91.320 Y113.288 E0.02489
G1 X113.288 Y91.320 E1.16247
G1 X113.239 Y92.005 E0.02571
G1 X92.005 Y113.239 E1.12361
G1 X92.713 Y113.167 E0.02664
G1 X113.167 Y92.713 E1.08231
G1 X113.069 Y93.448 E0.02772
G1 X93.448 Y113.069 E1.03828
G1 X94.211 Y112.942 E0.02896
G1 X112.942 Y94.211 E0.99115
G1 X112.781 Y95.008 E0.03043
G1 X95.008 Y112.781 E0.94047
G1 X95.845 Y112.581 E0.03219
G1 X112.581 Y95.845 E0.88561
G1 X112.333 Y96.729 E0.03434
G1 X96.729 Y112.333 E0.82575
G1 X97.671 Y112.028 E0.03707
G1 X112.028 Y97.671 E0.75970
G1 X111.646 Y98.689 E0.04066
G1 X98.689 Y111.646 E0.68569
G1 X99.809 Y111.162 E0.04568
M73 P36 R10
G1 X111.162 Y99.809 E0.60076
G1 X110.523 Y101.085 E0.05341
G1 X101.085 Y110.523 E0.49940
G1 X102.642 Y109.602 E0.06770
G1 X109.602 Y102.642 E0.36826
G1 X107.762 Y105.119 E0.11543
G1 X105.119 Y107.762 E0.13987
;LAYER_CHANGE
;Z:12.40
;HEIGHT:0.2
G1 E-0.70000 F2100
G1 Z12.600 F720
G1 X113.550 Y90.000 F9000
G1 Z12.400 F720
G1 E0.70000 F1500
;TYPE:Perimeter
;WIDTH:0.45
G1 F2400
G1 X113.550 Y90.000 E0.00000
G1 X113.536 Y90.804 E0.03009
G1 X113.495 Y91.607 E0.03009
G1 X113.427 Y92.408 E0.03009
G1 X113.331 Y93.207 E0.03009
G1 X113.208 Y94.001 E0.03009
G1 X113.057 Y94.791 E0.03009
G1 X112.880 Y95.576 E0.03009
G1 X112.677 Y96.354 E0.03009
G1 X112.447 Y97.124 E0.03009
G1 X112.190 Y97.886 E0.03009
G1 X111.908 Y98.639 E0.03009
G1 X111.600 Y99.382 E0.03009
G1 X111.267 Y100.114 E0.03009
G1 X110.910 Y100.835 E0.03009
G1 X110.528 Y101.542 E0.03009
G1 X110.122 Y102.236 E0.03009
G1 X109.692 Y102.916 E0.03009
G1 X109.240 Y103.581 E0.03009
G1 X108.765 Y104.230 E0.03009
G1 X108.268 Y104.862 E0.03009
G1 X107.750 Y105.477 E0.03009
G1 X107.211 Y106.074 E0.03009
G1 X106.652 Y106.652 E0.03009
G1 X106.074 Y107.211 E0.03009
G1 X105.477 Y107.750 E0.03009
G1 X104.862 Y108.268 E0.03009
G1 X104.230 Y108.765 E0.03009
G1 X103.581 Y109.240 E0.03009
G1 X102.916 Y109.692 E0.03009
G1 X102.236 Y110.122 E0.03009
G1 X101.542 Y110.528 E0.03009
G1 X100.835 Y110.910 E0.03009
G1 X100.114 Y111.267 E0.03009
G1 X99.382 Y111.600 E0.03009
G1 X98.639 Y111.908 E0.03009
G1 X97.886 Y112.190 E0.03009
G1 X97.124 Y112.447 E0.03009
G1 X96.354 Y112.677 E0.03009
G1 X95.576 Y112.880 E0.03009
G1 X94.791 Y113.057 E0.03009
G1 X94.001 Y113.208 E0.03009
G1 X93.207 Y113.331 E0.03009
G1 X92.408 Y113.427 E0.03009
G1 X91.607 Y113.495 E0.03009
G1 X90.804 Y113.536 E0.03009
G1 X90.000 Y113.550 E0.03009
G1 X89.196 Y113.536 E0.03009
G1 X88.393 Y113.495 E0.03009
G1 X87.592 Y113.427 E0.03009
G1 X86.793 Y113.331 E0.03009
G1 X85.999 Y113.208 E0.03009
G1 X85.209 Y113.057 E0.03009
G1 X84.424 Y112.880 E0.03009
G1 X83.646 Y112.677 E0.03009
G1 X82.876 Y112.447 E0.03009
G1 X82.114 Y112.190 E0.03009
G1 X81.361 Y111.908 E0.03009
G1 X80.618 Y111.600 E0.03009
G1 X79.886 Y111.267 E0.03009
G1 X79.165 Y110.910 E0.03009
G1 X78.458 Y110.528 E0.03009
G1 X77.764 Y110.122 E0.03009
G1 X77.084 Y109.692 E0.03009
G1 X76.419 Y109.240 E0.03009
G1 X75.770 Y108.765 E0.03009
G1 X75.138 Y108.268 E0.03009
G1 X74.523 Y107.750 E0.03009
G1 X73.926 Y107.211 E0.03009
G1 X73.348 Y106.652 E0.03009
G1 X72.789 Y106.074 E0.03009
G1 X72.250 Y105.477 E0.03009
G1 X71.732 Y104.862 E0.03009
G1 X71.235 Y104.230 E0.03009
G1 X70.760 Y103.581 E0.03009
G1 X70.308 Y102.916 E0.03009
G1 X69.878 Y102.236 E0.03009
G1 X69.472 Y101.542 E0.03009
G1 X69.090 Y100.835 E0.03009
G1 X68.733 Y100.114 E0.03009
G1 X68.400 Y99.382 E0.03009
G1 X68.092 Y98.639 E0.03009
G1 X67.810 Y97.886 E0.03009
G1 X67.553 Y97.124 E0.03009
G1 X67.323 Y96.354 E0.03009
G1 X67.120 Y95.576 E0.03009
G1 X66.943 Y94.791 E0.03009
G1 X66.792 Y94.001 E0.03009
G1 X66.669 Y93.207 E0.03009
G1 X66.573 Y92.408 E0.03009
G1 X66.505 Y91.607 E0.03009
G1 X66.464 Y90.804 E0.03009
G1 X66.450 Y90.000 E0.03009
G1 X66.464 Y89.196 E0.03009
G1 X66.505 Y88.393 E0.03009
G1 X66.573 Y87.592 E0.03009
G1 X66.669 Y86.793 E0.03009
G1 X66.792 Y85.999 E0.03009
G1 X66.943 Y85.209 E0.03009
G1 X67.120 Y84.424 E0.03009
G1 X67.323 Y83.646 E0.03009
G1 X67.553 Y82.876 E0.03009
G1 X67.810 Y82.114 E0.03009
G1 X68.092 Y81.361 E0.03009
G1 X68.400 Y80.618 E0.03009
G1 X68.733 Y79.886 E0.03009
G1 X69.090 Y79.165 E0.03009
G1 X69.472 Y78.458 E0.03009
G1 X69.878 Y77.764 E0.03009
G1 X70.308 Y77.084 E0.03009
G1 X70.760 Y76.419 E0.03009
G1 X71.235 Y75.770 E0.03009
G1 X71.732 Y75.138 E0.03009
G1 X72.250 Y74.523 E0.03009
G1 X72.789 Y73.926 E0.03009
G1 X73.348 Y73.348 E0.03009
G1 X73.926 Y72.789 E0.03009
G1 X74.523 Y72.250 E0.03009
G1 X75.138 Y71.732 E0.03009
G1 X75.770 Y71.235 E0.03009
G1 X76.419 Y70.760 E0.03009
G1 X77.084 Y70.308 E0.03009
G1 X77.764 Y69.878 E0.03009
G1 X78.458 Y69.472 E0.03009
G1 X79.165 Y69.090 E0.03009
G1 X79.886 Y68.733 E0.03009
G1 X80.618 Y68.400 E0.03009
G1 X81.361 Y68.092 E0.03009
G1 X82.114 Y67.810 E0.03009
G1 X82.876 Y67.553 E0.03009
G1 X83.646 Y67.323 E0.03009
G1 X84.424 Y67.120 E0.03009
G1 X85.209 Y66.943 E0.03009
G1 X85.999 Y66.792 E0.03009
G1 X86.793 Y66.669 E0.03009
G1 X87.592 Y66.573 E0.03009
G1 X88.393 Y66.505 E0.03009
G1 X89.196 Y66.464 E0.03009
G1 X90.000 Y66.450 E0.03009
G1 X90.804 Y66.464 E0.03009
G1 X91.607 Y66.505 E0.03009
G1 X92.408 Y66.573 E0.03009
G1 X93.207 Y66.669 E0.03009
G1 X94.001 Y66.792 E0.03009
G1 X94.791 Y66.943 E0.03009
G1 X95.576 Y67.120 E0.03009
G1 X96.354 Y67.323 E0.03009
G1 X97.124 Y67.553 E0.03009
G1 X97.886 Y67.810 E0.03009
G1 X98.639 Y68.092 E0.03009
G1 X99.382 Y68.400 E0.03009
G1 X100.114 Y68.733 E0.03009
G1 X100.835 Y69.090 E0.03009
G1 X101.542 Y69.472 E0.03009
G1 X102.236 Y69.878 E0.03009
G1 X102.916 Y70.308 E0.03009
G1 X103.581 Y70.760 E0.03009
G1 X104.230 Y71.235 E0.03009
G1 X104.862 Y71.732 E0.03009
G1 X105.477 Y72.250 E0.03009
G1 X106.074 Y72.789 E0.03009
G1 X106.652 Y73.348 E0.03009
G1 X107.211 Y73.926 E0.03009
G1 X107.750 Y74.523 E0.03009
G1 X108.268 Y75.138 E0.03009
G1 X108.765 Y75.770 E0.03009
G1 X109.240 Y76.419 E0.03009
G1 X109.692 Y77.084 E0.03009
G1 X110.122 Y77.764 E0.03009
G1 X110.528 Y78.458 E0.03009
G1 X110.910 Y79.165 E0.03009
G1 X111.267 Y79.886 E0.03009
G1 X111.600 Y80.618 E0.03009
G1 X111.908 Y81.361 E0.03009
G1 X112.190 Y82.114 E0.03009
G1 X112.447 Y82.876 E0.03009
G1 X112.677 Y83.646 E0.03009
G1 X112.880 Y84.424 E0.03009
G1 X113.057 Y85.209 E0.03009
G1 X113.208 Y85.999 E0.03009
G1 X113.331 Y86.793 E0.03009
G1 X113.427 Y87.592 E0.03009
G1 X113.495 Y88.393 E0.03009
G1 X113.536 Y89.196 E0.03009
G1 X113.550 Y90.000 E0.03009
G1 E-0.70000 F2100
G1 X114.000 Y90.000 F9000
G1 E0.70000 F1500
;TYPE:External perimeter
G1 F1800
G1 X114.000 Y90.000 E0.00000
G1 X113.987 Y90.802 E0.03001
G1 X113.946 Y91.603 E0.03001
G1 X113.879 Y92.402 E0.03001
G1 X113.786 Y93.199 E0.03001
G1 X113.666 Y93.992 E0.03001
G1 X113.519 Y94.780 E0.03001
G1 X113.346 Y95.564 E0.03001
G1 X113.147 Y96.341 E0.03001
G1 X112.922 Y97.111 E0.03001
G1 X112.672 Y97.873 E0.03001
G1 X112.396 Y98.626 E0.03001
G1 X112.096 Y99.369 E0.03001
G1 X111.770 Y100.102 E0.03001
G1 X111.420 Y100.824 E0.03001
G1 X111.047 Y101.534 E0.03001
G1 X110.650 Y102.231 E0.03001
G1 X110.229 Y102.914 E0.03001
G1 X109.787 Y103.583 E0.03001
G1 X109.322 Y104.236 E0.03001
G1 X108.835 Y104.874 E0.03001
G1 X108.328 Y105.495 E0.03001
G1 X107.800 Y106.099 E0.03001
G1 X107.252 Y106.685 E0.03001
G1 X106.685 Y107.252 E0.03001
G1 X106.099 Y107.800 E0.03001
G1 X105.495 Y108.328 E0.03001
G1 X104.874 Y108.835 E0.03001
G1 X104.236 Y109.322 E0.03001
G1 X103.583 Y109.787 E0.03001
G1 X102.914 Y110.229 E0.03001
G1 X102.231 Y110.650 E0.03001
G1 X101.534 Y111.047 E0.03001
G1 X100.824 Y111.420 E0.03001
G1 X100.102 Y111.770 E0.03001
G1 X99.369 Y112.096 E0.03001
G1 X98.626 Y112.396 E0.03001
G1 X97.873 Y112.672 E0.03001
G1 X97.111 Y112.922 E0.03001
G1 X96.341 Y113.147 E0.03001
G1 X95.564 Y113.346 E0.03001
G1 X94.780 Y113.519 E0.03001
G1 X93.992 Y113.666 E0.03001
G1 X93.199 Y113.786 E0.03001
G1 X92.402 Y113.879 E0.03001
G1 X91.603 Y113.946 E0.03001
G1 X90.802 Y113.987 E0.03001
G1 X90.000 Y114.000 E0.03001
G1 X89.198 Y113.987 E0.03001
G1 X88.397 Y113.946 E0.03001
G1 X87.598 Y113.879 E0.03001
G1 X86.801 Y113.786 E0.03001
G1 X86.008 Y113.666 E0.03001
G1 X85.220 Y113.519 E0.03001
G1 X84.436 Y113.346 E0.03001
G1 X83.659 Y113.147 E0.03001
G1 X82.889 Y112.922 E0.03001
G1 X82.127 Y112.672 E0.03001
G1 X81.374 Y112.396 E0.03001
G1 X80.631 Y112.096 E0.03001
G1 X79.898 Y111.770 E0.03001
G1 X79.176 Y111.420 E0.03001
G1 X78.466 Y111.047 E0.03001
G1 X77.769 Y110.650 E0.03001
G1 X77.086 Y110.229 E0.03001
G1 X76.417 Y109.787 E0.03001
G1 X75.764 Y109.322 E0.03001
G1 X75.126 Y108.835 E0.03001
G1 X74.505 Y108.328 E0.03001
G1 X73.901 Y107.800 E0.03001
G1 X73.315 Y107.252 E0.03001
G1 X72.748 Y106.685 E0.03001
G1 X72.200 Y106.099 E0.03001
G1 X71.672 Y105.495 E0.03001
G1 X71.165 Y104.874 E0.03001
G1 X70.678 Y104.236 E0.03001
G1 X70.213 Y103.583 E0.03001
G1 X69.771 Y102.914 E0.03001
G1 X69.350 Y102.231 E0.03001
G1 X68.953 Y101.534 E0.03001
G1 X68.580 Y100.824 E0.03001
G1 X68.230 Y100.102 E0.03001
G1 X67.904 Y99.369 E0.03001
G1 X67.604 Y98.626 E0.03001
G1 X67.328 Y97.873 E0.03001
G1 X67.078 Y97.111 E0.03001
G1 X66.853 Y96.341 E0.03001
G1 X66.654 Y95.564 E0.03001
G1 X66.481 Y94.780 E0.03001
G1 X66.334 Y93.992 E0.03001
G1 X66.214 Y93.199 E0.03001
G1 X66.121 Y92.402 E0.03001
G1 X66.054 Y91.603 E0.03001
G1 X66.013 Y90.802 E0.03001
G1 X66.000 Y90.000 E0.03001
G1 X66.013 Y89.198 E0.03001
G1 X66.054 Y88.397 E0.03001
G1 X66.121 Y87.598 E0.03001
G1 X66.214 Y86.801 E0.03001
G1 X66.334 Y86.008 E0.03001
G1 X66.481 Y85.220 E0.03001
G1 X66.654 Y84.436 E0.03001
G1 X66.853 Y83.659 E0.03001
G1 X67.078 Y82.889 E0.03001
G1 X67.328 Y82.127 E0.03001
G1 X67.604 Y81.374 E0.03001
G1 X67.904 Y80.631 E0.03001
G1 X68.230 Y79.898 E0.03001
G1 X68.580 Y79.176 E0.03001
G1 X68.953 Y78.466 E0.03001
G1 X69.350 Y77.769 E0.03001
G1 X69.771 Y77.086 E0.03001
G1 X70.213 Y76.417 E0.03001
G1 X70.678 Y75.764 E0.03001
G1 X71.165 Y75.126 E0.03001
G1 X71.672 Y74.505 E0.03001
G1 X72.200 Y73.901 E0.03001
G1 X72.748 Y73.315 E0.03001
G1 X73.315 Y72.748 E0.03001
G1 X73.901 Y72.200 E0.03001
G1 X74.505 Y71.672 E0.03001
G1 X75.126 Y71.165 E0.03001
G1 X75.764 Y70.678 E0.03001
G1 X76.417 Y70.213 E0.03001
G1 X77.086 Y69.771 E0.03001
G1 X77.769 Y69.350 E0.03001
G1 X78.466 Y68.953 E0.03001
G1 X79.176 Y68.580 E0.03001
G1 X79.898 Y68.230 E0.03001
G1 X80.631 Y67.904 E0.03001
G1 X81.374 Y67.604 E0.03001
G1 X82.127 Y67.328 E0.03001
G1 X82.889 Y67.078 E0.03001
G1 X83.659 Y66.853 E0.03001
G1 X84.436 Y66.654 E0.03001
G1 X85.220 Y66.481 E0.03001
G1 X86.008 Y66.334 E0.03001
G1 X86.801 Y66.214 E0.03001
G1 X87.598 Y66.121 E0.03001
M73 P37 R10
G1 X88.397 Y66.054 E0.03001
G1 X89.198 Y66.013 E0.03001
G1 X90.000 Y66.000 E0.03001
G1 X90.802 Y66.013 E0.03001
G1 X91.603 Y66.054 E0.03001
G1 X92.402 Y66.121 E0.03001
G1 X93.199 Y66.214 E0.03001
G1 X93.992 Y66.334 E0.03001
G1 X94.780 Y66.481 E0.03001
G1 X95.564 Y66.654 E0.03001
G1 X96.341 Y66.853 E0.03001
G1 X97.111 Y67.078 E0.03001
G1 X97.873 Y67.328 E0.03001
G1 X98.626 Y67.604 E0.03001
G1 X99.369 Y67.904 E0.03001
G1 X100.102 Y68.230 E0.03001
G1 X100.824 Y68.580 E0.03001
G1 X101.534 Y68.953 E0.03001
G1 X102.231 Y69.350 E0.03001
G1 X102.914 Y69.771 E0.03001
G1 X103.583 Y70.213 E0.03001
G1 X104.236 Y70.678 E0.03001
G1 X104.874 Y71.165 E0.03001
G1 X105.495 Y71.672 E0.03001
G1 X106.099 Y72.200 E0.03001
G1 X106.685 Y72.748 E0.03001
G1 X107.252 Y73.315 E0.03001
G1 X107.800 Y73.901 E0.03001
G1 X108.328 Y74.505 E0.03001
G1 X108.835 Y75.126 E0.03001
G1 X109.322 Y75.764 E0.03001
G1 X109.787 Y76.417 E0.03001
G1 X110.229 Y77.086 E0.03001
G1 X110.650 Y77.769 E0.03001
G1 X111.047 Y78.466 E0.03001
G1 X111.420 Y79.176 E0.03001
G1 X111.770 Y79.898 E0.03001
G1 X112.096 Y80.631 E0.03001
G1 X112.396 Y81.374 E0.03001
G1 X112.672 Y82.127 E0.03001
G1 X112.922 Y82.889 E0.03001
G1 X113.147 Y83.659 E0.03001
G1 X113.346 Y84.436 E0.03001
G1 X113.519 Y85.220 E0.03001
G1 X113.666 Y86.008 E0.03001
G1 X113.786 Y86.801 E0.03001
G1 X113.879 Y87.598 E0.03001
G1 X113.946 Y88.397 E0.03001
G1 X113.987 Y89.198 E0.03001
G1 X114.000 Y90.000 E0.03001
G1 E-0.70000 F2100
G1 X104.049 Y71.380 F9000
G1 E0.70000 F1500
;TYPE:Solid infill
G1 F3600
G1 X108.620 Y75.951 E0.24187
G1 X109.955 Y77.923 E0.08912
G1 X102.077 Y70.045 E0.41689
G1 X100.637 Y69.242 E0.06168
G1 X110.758 Y79.363 E0.53556
G1 X111.337 Y80.578 E0.05039
G1 X99.422 Y68.663 E0.63054
G1 X98.340 Y68.217 E0.04379
G1 X111.783 Y81.660 E0.71139
G1 X112.137 Y82.651 E0.03934
G1 X97.349 Y67.863 E0.78250
G1 X96.428 Y67.578 E0.03608
G1 X112.422 Y83.572 E0.84632
G1 X112.652 Y84.439 E0.03357
G1 X95.561 Y67.348 E0.90440
G1 X94.739 Y67.161 E0.03156
G1 X112.839 Y85.261 E0.95779
G1 X112.988 Y86.047 E0.02991
G1 X93.953 Y67.012 E1.00723
G1 X93.200 Y66.896 E0.02852
G1 X113.104 Y86.800 E1.05328
G1 X113.193 Y87.525 E0.02734
G1 X92.475 Y66.807 E1.09636
G1 X91.774 Y66.743 E0.02632
G1 X113.257 Y88.226 E1.13682
G1 X113.299 Y88.904 E0.02543
G1 X91.096 Y66.701 E1.17492
G1 X90.438 Y66.679 E0.02464
G1 X113.321 Y89.562 E1.21089
G1 X113.324 Y90.202 E0.02393
G1 X89.798 Y66.676 E1.24491
G1 X89.176 Y66.690 E0.02331
G1 X113.310 Y90.824 E1.27713
G1 X113.281 Y91.431 E0.02274
M73 P38 R10
G1 X88.569 Y66.719 E1.30770
G1 X87.976 Y66.763 E0.02223
G1 X113.237 Y92.024 E1.33672
G1 X113.179 Y92.603 E0.02176
G1 X87.397 Y66.821 E1.36429
G1 X86.832 Y66.891 E0.02134
G1 X113.109 Y93.168 E1.39050
G1 X113.026 Y93.722 E0.02095
G1 X86.278 Y66.974 E1.41542
G1 X85.736 Y67.068 E0.02059
G1 X112.932 Y94.264 E1.43913
G1 X112.827 Y94.795 E0.02026
G1 X85.205 Y67.173 E1.46167
G1 X84.684 Y67.289 E0.01996
G1 X112.711 Y95.316 E1.48311
G1 X112.585 Y95.827 E0.01968
G1 X84.173 Y67.415 E1.50349
G1 X83.672 Y67.550 E0.01942
G1 X112.450 Y96.328 E1.52285
G1 X112.306 Y96.820 E0.01918
G1 X83.180 Y67.694 E1.54123
G1 X82.697 Y67.848 E0.01896
G1 X112.152 Y97.303 E1.55867
G1 X111.990 Y97.777 E0.01876
G1 X82.223 Y68.010 E1.57520
G1 X81.757 Y68.180 E0.01857
M73 P39 R10
G1 X111.820 Y98.243 E1.59084
G1 X111.641 Y98.701 E0.01839
G1 X81.299 Y68.359 E1.60562
G1 X80.849 Y68.545 E0.01823
G1 X111.455 Y99.151 E1.61957
G1 X111.261 Y99.594 E0.01807
G1 X80.406 Y68.739 E1.63270
G1 X79.972 Y68.941 E0.01793
G1 X111.059 Y100.028 E1.64504
G1 X110.850 Y100.456 E0.01780
G1 X79.544 Y69.150 E1.65661
G1 X79.124 Y69.366 E0.01768
G1 X110.634 Y100.876 E1.66741
G1 X110.411 Y101.289 E0.01757
G1 X78.711 Y69.589 E1.67747
G1 X78.304 Y69.819 E0.01747
G1 X110.181 Y101.696 E1.68679
G1 X109.944 Y102.095 E0.01738
G1 X77.905 Y70.056 E1.69540
G1 X77.512 Y70.300 E0.01729
G1 X109.700 Y102.488 E1.70330
G1 X109.450 Y102.874 E0.01722
G1 X77.126 Y70.550 E1.71050
G1 X76.746 Y70.806 E0.01715
M73 P40 R9
G1 X109.194 Y103.254 E1.71700
G1 X108.930 Y103.627 E0.01709
G1 X76.373 Y71.070 E1.72283
G1 X76.006 Y71.339 E0.01703
G1 X108.661 Y103.994 E1.72798
G1 X108.385 Y104.354 E0.01699
G1 X75.646 Y71.615 E1.73245
G1 X75.291 Y71.897 E0.01695
G1 X108.103 Y104.709 E1.73627
G1 X107.814 Y105.057 E0.01691
G1 X74.943 Y72.186 E1.73942
G1 X74.602 Y72.480 E0.01688
G1 X107.520 Y105.398 E1.74192
G1 X107.219 Y105.734 E0.01686
G1 X74.266 Y72.781 E1.74376
G1 X73.936 Y73.088 E0.01685
G1 X106.912 Y106.064 E1.74496
G1 X106.599 Y106.387 E0.01684
G1 X73.613 Y73.401 E1.74550
G1 X73.296 Y73.720 E0.01684
G1 X106.280 Y106.704 E1.74539
G1 X105.954 Y107.015 E0.01684
M73 P41 R9
G1 X72.985 Y74.046 E1.74463
G1 X72.680 Y74.377 E0.01685
G1 X105.623 Y107.320 E1.74322
G1 X105.285 Y107.619 E0.01687
G1 X72.381 Y74.715 E1.74116
G1 X72.089 Y75.059 E0.01689
G1 X104.941 Y107.911 E1.73844
G1 X104.591 Y108.198 E0.01692
G1 X71.802 Y75.409 E1.73507
G1 X71.522 Y75.765 E0.01696
G1 X104.235 Y108.478 E1.73104
G1 X103.872 Y108.751 E0.01700
G1 X71.249 Y76.128 E1.72633
G1 X70.981 Y76.497 E0.01705
G1 X103.503 Y109.019 E1.72096
G1 X103.128 Y109.280 E0.01711
G1 X70.720 Y76.872 E1.71491
G1 X70.466 Y77.254 E0.01717
G1 X102.746 Y109.534 E1.70817
G1 X102.358 Y109.782 E0.01724
G1 X70.218 Y77.642 E1.70074
G1 X69.976 Y78.037 E0.01732
G1 X101.963 Y110.024 E1.69261
G1 X101.561 Y110.258 E0.01741
M73 P42 R9
G1 X69.742 Y78.439 E1.68377
G1 X69.514 Y78.848 E0.01750
G1 X101.152 Y110.486 E1.67420
G1 X100.737 Y110.707 E0.01761
G1 X69.293 Y79.263 E1.66389
G1 X69.079 Y79.686 E0.01772
G1 X100.314 Y110.921 E1.65284
G1 X99.884 Y111.127 E0.01785
G1 X68.873 Y80.116 E1.64102
G1 X68.674 Y80.553 E0.01798
G1 X99.447 Y111.326 E1.62841
G1 X99.002 Y111.518 E0.01812
G1 X68.482 Y80.998 E1.61501
G1 X68.298 Y81.451 E0.01828
G1 X98.549 Y111.702 E1.60079
G1 X98.089 Y111.878 E0.01845
G1 X68.122 Y81.911 E1.58572
G1 X67.955 Y82.380 E0.01863
G1 X97.620 Y112.045 E1.56979
G1 X97.143 Y112.204 E0.01882
G1 X67.796 Y82.857 E1.55296
G1 X67.645 Y83.343 E0.01903
G1 X96.657 Y112.355 E1.53521
G1 X96.162 Y112.496 E0.01926
M73 P43 R9
G1 X67.504 Y83.838 E1.51651
G1 X67.372 Y84.342 E0.01951
G1 X95.658 Y112.628 E1.49681
G1 X95.144 Y112.751 E0.01977
G1 X67.249 Y84.856 E1.47608
G1 X67.137 Y85.380 E0.02006
G1 X94.620 Y112.863 E1.45428
G1 X94.085 Y112.965 E0.02037
G1 X67.035 Y85.915 E1.43136
G1 X66.945 Y86.461 E0.02071
G1 X93.539 Y113.055 E1.40725
G1 X92.981 Y113.134 E0.02107
G1 X66.866 Y87.019 E1.38191
G1 X66.800 Y87.589 E0.02147
G1 X92.411 Y113.200 E1.35525
G1 X91.828 Y113.253 E0.02191
G1 X66.747 Y88.172 E1.32721
G1 X66.707 Y88.769 E0.02239
G1 X91.231 Y113.293 E1.29769
G1 X90.619 Y113.317 E0.02292
G1 X66.683 Y89.381 E1.26658
G1 X66.675 Y90.010 E0.02351
G1 X89.990 Y113.325 E1.23377
G1 X89.345 Y113.316 E0.02416
G1 X66.684 Y90.655 E1.19912
G1 X66.712 Y91.320 E0.02489
G1 X88.680 Y113.288 E1.16247
G1 X87.995 Y113.239 E0.02571
G1 X66.761 Y92.005 E1.12361
G1 X66.833 Y92.713 E0.02664
M73 P44 R9
G1 X87.287 Y113.167 E1.08231
G1 X86.552 Y113.069 E0.02772
G1 X66.931 Y93.448 E1.03828
G1 X67.058 Y94.211 E0.02896
G1 X85.789 Y112.942 E0.99115
G1 X84.992 Y112.781 E0.03043
G1 X67.219 Y95.008 E0.94047
G1 X67.419 Y95.845 E0.03219
G1 X84.155 Y112.581 E0.88561
G1 X83.271 Y112.333 E0.03434
G1 X67.667 Y96.729 E0.82575
G1 X67.972 Y97.671 E0.03707
G1 X82.329 Y112.028 E0.75970
G1 X81.311 Y111.646 E0.04066
G1 X68.354 Y98.689 E0.68569
G1 X68.838 Y99.809 E0.04568
G1 X80.191 Y111.162 E0.60076
G1 X78.915 Y110.523 E0.05341
G1 X69.477 Y101.085 E0.49940
G1 X70.398 Y102.642 E0.06770
G1 X77.358 Y109.602 E0.36826
G1 X74.881 Y107.762 E0.11543
G1 X72.238 Y105.119 E0.13987
;LAYER_CHANGE
;Z:12.60
;HEIGHT:0.2
G1 E-0.70000 F2100
G1 Z12.800 F720
G1 X113.550 Y90.000 F9000
G1 Z12.600 F720
G1 E0.70000 F1500
;TYPE:Perimeter
;WIDTH:0.45
G1 F2400
G1 X113.550 Y90.000 E0.00000
G1 X113.536 Y90.804 E0.03009
G1 X113.495 Y91.607 E0.03009
G1 X113.427 Y92.408 E0.03009
G1 X113.331 Y93.207 E0.03009
G1 X113.208 Y94.001 E0.03009
G1 X113.057 Y94.791 E0.03009
G1 X112.880 Y95.576 E0.03009
G1 X112.677 Y96.354 E0.03009
G1 X112.447 Y97.124 E0.03009
G1 X112.190 Y97.886 E0.03009
G1 X111.908 Y98.639 E0.03009
G1 X111.600 Y99.382 E0.03009
G1 X111.267 Y100.114 E0.03009
G1 X110.910 Y100.835 E0.03009
G1 X110.528 Y101.542 E0.03009
G1 X110.122 Y102.236 E0.03009
G1 X109.692 Y102.916 E0.03009
G1 X109.240 Y103.581 E0.03009
G1 X108.765 Y104.230 E0.03009
G1 X108.268 Y104.862 E0.03009
G1 X107.750 Y105.477 E0.03009
G1 X107.211 Y106.074 E0.03009
G1 X106.652 Y106.652 E0.03009
G1 X106.074 Y107.211 E0.03009
G1 X105.477 Y107.750 E0.03009
G1 X104.862 Y108.268 E0.03009
G1 X104.230 Y108.765 E0.03009
G1 X103.581 Y109.240 E0.03009
G1 X102.916 Y109.692 E0.03009
G1 X102.236 Y110.122 E0.03009
G1 X101.542 Y110.528 E0.03009
G1 X100.835 Y110.910 E0.03009
G1 X100.114 Y111.267 E0.03009
G1 X99.382 Y111.600 E0.03009
G1 X98.639 Y111.908 E0.03009
G1 X97.886 Y112.190 E0.03009
G1 X97.124 Y112.447 E0.03009
G1 X96.354 Y112.677 E0.03009
G1 X95.576 Y112.880 E0.03009
G1 X94.791 Y113.057 E0.03009
G1 X94.001 Y113.208 E0.03009
G1 X93.207 Y113.331 E0.03009
G1 X92.408 Y113.427 E0.03009
G1 X91.607 Y113.495 E0.03009
G1 X90.804 Y113.536 E0.03009
G1 X90.000 Y113.550 E0.03009
G1 X89.196 Y113.536 E0.03009
G1 X88.393 Y113.495 E0.03009
G1 X87.592 Y113.427 E0.03009
G1 X86.793 Y113.331 E0.03009
G1 X85.999 Y113.208 E0.03009
G1 X85.209 Y113.057 E0.03009
G1 X84.424 Y112.880 E0.03009
G1 X83.646 Y112.677 E0.03009
G1 X82.876 Y112.447 E0.03009
G1 X82.114 Y112.190 E0.03009
G1 X81.361 Y111.908 E0.03009
G1 X80.618 Y111.600 E0.03009
G1 X79.886 Y111.267 E0.03009
G1 X79.165 Y110.910 E0.03009
G1 X78.458 Y110.528 E0.03009
G1 X77.764 Y110.122 E0.03009
G1 X77.084 Y109.692 E0.03009
G1 X76.419 Y109.240 E0.03009
G1 X75.770 Y108.765 E0.03009
G1 X75.138 Y108.268 E0.03009
G1 X74.523 Y107.750 E0.03009
G1 X73.926 Y107.211 E0.03009
G1 X73.348 Y106.652 E0.03009
G1 X72.789 Y106.074 E0.03009
G1 X72.250 Y105.477 E0.03009
G1 X71.732 Y104.862 E0.03009
G1 X71.235 Y104.230 E0.03009
G1 X70.760 Y103.581 E0.03009
G1 X70.308 Y102.916 E0.03009
G1 X69.878 Y102.236 E0.03009
G1 X69.472 Y101.542 E0.03009
G1 X69.090 Y100.835 E0.03009
G1 X68.733 Y100.114 E0.03009
G1 X68.400 Y99.382 E0.03009
G1 X68.092 Y98.639 E0.03009
G1 X67.810 Y97.886 E0.03009
G1 X67.553 Y97.124 E0.03009
G1 X67.323 Y96.354 E0.03009
G1 X67.120 Y95.576 E0.03009
G1 X66.943 Y94.791 E0.03009
G1 X66.792 Y94.001 E0.03009
G1 X66.669 Y93.207 E0.03009
G1 X66.573 Y92.408 E0.03009
G1 X66.505 Y91.607 E0.03009
G1 X66.464 Y90.804 E0.03009
G1 X66.450 Y90.000 E0.03009
G1 X66.464 Y89.196 E0.03009
G1 X66.505 Y88.393 E0.03009
G1 X66.573 Y87.592 E0.03009
G1 X66.669 Y86.793 E0.03009
G1 X66.792 Y85.999 E0.03009
G1 X66.943 Y85.209 E0.03009
G1 X67.120 Y84.424 E0.03009
G1 X67.323 Y83.646 E0.03009
G1 X67.553 Y82.876 E0.03009
G1 X67.810 Y82.114 E0.03009
G1 X68.092 Y81.361 E0.03009
G1 X68.400 Y80.618 E0.03009
G1 X68.733 Y79.886 E0.03009
G1 X69.090 Y79.165 E0.03009
G1 X69.472 Y78.458 E0.03009
G1 X69.878 Y77.764 E0.03009
G1 X70.308 Y77.084 E0.03009
G1 X70.760 Y76.419 E0.03009
G1 X71.235 Y75.770 E0.03009
G1 X71.732 Y75.138 E0.03009
G1 X72.250 Y74.523 E0.03009
G1 X72.789 Y73.926 E0.03009
G1 X73.348 Y73.348 E0.03009
G1 X73.926 Y72.789 E0.03009
G1 X74.523 Y72.250 E0.03009
G1 X75.138 Y71.732 E0.03009
G1 X75.770 Y71.235 E0.03009
G1 X76.419 Y70.760 E0.03009
G1 X77.084 Y70.308 E0.03009
G1 X77.764 Y69.878 E0.03009
G1 X78.458 Y69.472 E0.03009
G1 X79.165 Y69.090 E0.03009
G1 X79.886 Y68.733 E0.03009
G1 X80.618 Y68.400 E0.03009
G1 X81.361 Y68.092 E0.03009
G1 X82.114 Y67.810 E0.03009
G1 X82.876 Y67.553 E0.03009
G1 X83.646 Y67.323 E0.03009
G1 X84.424 Y67.120 E0.03009
G1 X85.209 Y66.943 E0.03009
G1 X85.999 Y66.792 E0.03009
G1 X86.793 Y66.669 E0.03009
G1 X87.592 Y66.573 E0.03009
G1 X88.393 Y66.505 E0.03009
G1 X89.196 Y66.464 E0.03009
G1 X90.000 Y66.450 E0.03009
G1 X90.804 Y66.464 E0.03009
G1 X91.607 Y66.505 E0.03009
G1 X92.408 Y66.573 E0.03009
G1 X93.207 Y66.669 E0.03009
G1 X94.001 Y66.792 E0.03009
G1 X94.791 Y66.943 E0.03009
G1 X95.576 Y67.120 E0.03009
G1 X96.354 Y67.323 E0.03009
G1 X97.124 Y67.553 E0.03009
G1 X97.886 Y67.810 E0.03009
G1 X98.639 Y68.092 E0.03009
G1 X99.382 Y68.400 E0.03009
G1 X100.114 Y68.733 E0.03009
G1 X100.835 Y69.090 E0.03009
G1 X101.542 Y69.472 E0.03009
G1 X102.236 Y69.878 E0.03009
G1 X102.916 Y70.308 E0.03009
G1 X103.581 Y70.760 E0.03009
G1 X104.230 Y71.235 E0.03009
G1 X104.862 Y71.732 E0.03009
G1 X105.477 Y72.250 E0.03009
G1 X106.074 Y72.789 E0.03009
G1 X106.652 Y73.348 E0.03009
G1 X107.211 Y73.926 E0.03009
G1 X107.750 Y74.523 E0.03009
G1 X108.268 Y75.138 E0.03009
G1 X108.765 Y75.770 E0.03009
G1 X109.240 Y76.419 E0.03009
G1 X109.692 Y77.084 E0.03009
G1 X110.122 Y77.764 E0.03009
G1 X110.528 Y78.458 E0.03009
G1 X110.910 Y79.165 E0.03009
G1 X111.267 Y79.886 E0.03009
G1 X111.600 Y80.618 E0.03009
G1 X111.908 Y81.361 E0.03009
G1 X112.190 Y82.114 E0.03009
G1 X112.447 Y82.876 E0.03009
G1 X112.677 Y83.646 E0.03009
G1 X112.880 Y84.424 E0.03009
G1 X113.057 Y85.209 E0.03009
G1 X113.208 Y85.999 E0.03009
G1 X113.331 Y86.793 E0.03009
G1 X113.427 Y87.592 E0.03009
G1 X113.495 Y88.393 E0.03009
G1 X113.536 Y89.196 E0.03009
G1 X113.550 Y90.000 E0.03009
G1 E-0.70000 F2100
G1 X114.000 Y90.000 F9000
G1 E0.70000 F1500
;TYPE:External perimeter
G1 F1800
G1 X114.000 Y90.000 E0.00000
G1 X113.987 Y90.802 E0.03001
G1 X113.946 Y91.603 E0.03001
G1 X113.879 Y92.402 E0.03001
G1 X113.786 Y93.199 E0.03001
G1 X113.666 Y93.992 E0.03001
G1 X113.519 Y94.780 E0.03001
G1 X113.346 Y95.564 E0.03001
G1 X113.147 Y96.341 E0.03001
G1 X112.922 Y97.111 E0.03001
G1 X112.672 Y97.873 E0.03001
G1 X112.396 Y98.626 E0.03001
G1 X112.096 Y99.369 E0.03001
G1 X111.770 Y100.102 E0.03001
G1 X111.420 Y100.824 E0.03001
G1 X111.047 Y101.534 E0.03001
M73 P45 R9
G1 X110.650 Y102.231 E0.03001
G1 X110.229 Y102.914 E0.03001
G1 X109.787 Y103.583 E0.03001
G1 X109.322 Y104.236 E0.03001
G1 X108.835 Y104.874 E0.03001
G1 X108.328 Y105.495 E0.03001
G1 X107.800 Y106.099 E0.03001
G1 X107.252 Y106.685 E0.03001
G1 X106.685 Y107.252 E0.03001
G1 X106.099 Y107.800 E0.03001
G1 X105.495 Y108.328 E0.03001
G1 X104.874 Y108.835 E0.03001
G1 X104.236 Y109.322 E0.03001
G1 X103.583 Y109.787 E0.03001
G1 X102.914 Y110.229 E0.03001
G1 X102.231 Y110.650 E0.03001
G1 X101.534 Y111.047 E0.03001
G1 X100.824 Y111.420 E0.03001
G1 X100.102 Y111.770 E0.03001
G1 X99.369 Y112.096 E0.03001
G1 X98.626 Y112.396 E0.03001
G1 X97.873 Y112.672 E0.03001
G1 X97.111 Y112.922 E0.03001
G1 X96.341 Y113.147 E0.03001
G1 X95.564 Y113.346 E0.03001
G1 X94.780 Y113.519 E0.03001
G1 X93.992 Y113.666 E0.03001
G1 X93.199 Y113.786 E0.03001
G1 X92.402 Y113.879 E0.03001
G1 X91.603 Y113.946 E0.03001
G1 X90.802 Y113.987 E0.03001
G1 X90.000 Y114.000 E0.03001
G1 X89.198 Y113.987 E0.03001
G1 X88.397 Y113.946 E0.03001
G1 X87.598 Y113.879 E0.03001
G1 X86.801 Y113.786 E0.03001
G1 X86.008 Y113.666 E0.03001
G1 X85.220 Y113.519 E0.03001
G1 X84.436 Y113.346 E0.03001
G1 X83.659 Y113.147 E0.03001
G1 X82.889 Y112.922 E0.03001
G1 X82.127 Y112.672 E0.03001
G1 X81.374 Y112.396 E0.03001
G1 X80.631 Y112.096 E0.03001
G1 X79.898 Y111.770 E0.03001
G1 X79.176 Y111.420 E0.03001
G1 X78.466 Y111.047 E0.03001
G1 X77.769 Y110.650 E0.03001
G1 X77.086 Y110.229 E0.03001
G1 X76.417 Y109.787 E0.03001
G1 X75.764 Y109.322 E0.03001
G1 X75.126 Y108.835 E0.03001
G1 X74.505 Y108.328 E0.03001
G1 X73.901 Y107.800 E0.03001
G1 X73.315 Y107.252 E0.03001
G1 X72.748 Y106.685 E0.03001
G1 X72.200 Y106.099 E0.03001
G1 X71.672 Y105.495 E0.03001
G1 X71.165 Y104.874 E0.03001
G1 X70.678 Y104.236 E0.03001
G1 X70.213 Y103.583 E0.03001
G1 X69.771 Y102.914 E0.03001
G1 X69.350 Y102.231 E0.03001
G1 X68.953 Y101.534 E0.03001
G1 X68.580 Y100.824 E0.03001
G1 X68.230 Y100.102 E0.03001
G1 X67.904 Y99.369 E0.03001
G1 X67.604 Y98.626 E0.03001
G1 X67.328 Y97.873 E0.03001
G1 X67.078 Y97.111 E0.03001
G1 X66.853 Y96.341 E0.03001
G1 X66.654 Y95.564 E0.03001
G1 X66.481 Y94.780 E0.03001
G1 X66.334 Y93.992 E0.03001
G1 X66.214 Y93.199 E0.03001
G1 X66.121 Y92.402 E0.03001
G1 X66.054 Y91.603 E0.03001
G1 X66.013 Y90.802 E0.03001
G1 X66.000 Y90.000 E0.03001
G1 X66.013 Y89.198 E0.03001
G1 X66.054 Y88.397 E0.03001
G1 X66.121 Y87.598 E0.03001
G1 X66.214 Y86.801 E0.03001
G1 X66.334 Y86.008 E0.03001
G1 X66.481 Y85.220 E0.03001
G1 X66.654 Y84.436 E0.03001
G1 X66.853 Y83.659 E0.03001
G1 X67.078 Y82.889 E0.03001
G1 X67.328 Y82.127 E0.03001
G1 X67.604 Y81.374 E0.03001
G1 X67.904 Y80.631 E0.03001
G1 X68.230 Y79.898 E0.03001
G1 X68.580 Y79.176 E0.03001
G1 X68.953 Y78.466 E0.03001
G1 X69.350 Y77.769 E0.03001
G1 X69.771 Y77.086 E0.03001
G1 X70.213 Y76.417 E0.03001
G1 X70.678 Y75.764 E0.03001
G1 X71.165 Y75.126 E0.03001
G1 X71.672 Y74.505 E0.03001
G1 X72.200 Y73.901 E0.03001
G1 X72.748 Y73.315 E0.03001
G1 X73.315 Y72.748 E0.03001
G1 X73.901 Y72.200 E0.03001
G1 X74.505 Y71.672 E0.03001
G1 X75.126 Y71.165 E0.03001
G1 X75.764 Y70.678 E0.03001
G1 X76.417 Y70.213 E0.03001
G1 X77.086 Y69.771 E0.03001
G1 X77.769 Y69.350 E0.03001
G1 X78.466 Y68.953 E0.03001
G1 X79.176 Y68.580 E0.03001
G1 X79.898 Y68.230 E0.03001
G1 X80.631 Y67.904 E0.03001
G1 X81.374 Y67.604 E0.03001
G1 X82.127 Y67.328 E0.03001
G1 X82.889 Y67.078 E0.03001
G1 X83.659 Y66.853 E0.03001
G1 X84.436 Y66.654 E0.03001
G1 X85.220 Y66.481 E0.03001
G1 X86.008 Y66.334 E0.03001
G1 X86.801 Y66.214 E0.03001
G1 X87.598 Y66.121 E0.03001
G1 X88.397 Y66.054 E0.03001
G1 X89.198 Y66.013 E0.03001
G1 X90.000 Y66.000 E0.03001
G1 X90.802 Y66.013 E0.03001
G1 X91.603 Y66.054 E0.03001
G1 X92.402 Y66.121 E0.03001
G1 X93.199 Y66.214 E0.03001
G1 X93.992 Y66.334 E0.03001
G1 X94.780 Y66.481 E0.03001
G1 X95.564 Y66.654 E0.03001
G1 X96.341 Y66.853 E0.03001
G1 X97.111 Y67.078 E0.03001
G1 X97.873 Y67.328 E0.03001
G1 X98.626 Y67.604 E0.03001
G1 X99.369 Y67.904 E0.03001
G1 X100.102 Y68.230 E0.03001
G1 X100.824 Y68.580 E0.03001
G1 X101.534 Y68.953 E0.03001
G1 X102.231 Y69.350 E0.03001
G1 X102.914 Y69.771 E0.03001
G1 X103.583 Y70.213 E0.03001
G1 X104.236 Y70.678 E0.03001
G1 X104.874 Y71.165 E0.03001
G1 X105.495 Y71.672 E0.03001
G1 X106.099 Y72.200 E0.03001
G1 X106.685 Y72.748 E0.03001
G1 X107.252 Y73.315 E0.03001
G1 X107.800 Y73.901 E0.03001
G1 X108.328 Y74.505 E0.03001
G1 X108.835 Y75.126 E0.03001
G1 X109.322 Y75.764 E0.03001
G1 X109.787 Y76.417 E0.03001
G1 X110.229 Y77.086 E0.03001
G1 X110.650 Y77.769 E0.03001
G1 X111.047 Y78.466 E0.03001
G1 X111.420 Y79.176 E0.03001
G1 X111.770 Y79.898 E0.03001
G1 X112.096 Y80.631 E0.03001
G1 X112.396 Y81.374 E0.03001
G1 X112.672 Y82.127 E0.03001
G1 X112.922 Y82.889 E0.03001
G1 X113.147 Y83.659 E0.03001
G1 X113.346 Y84.436 E0.03001
G1 X113.519 Y85.220 E0.03001
G1 X113.666 Y86.008 E0.03001
G1 X113.786 Y86.801 E0.03001
G1 X113.879 Y87.598 E0.03001
G1 X113.946 Y88.397 E0.03001
G1 X113.987 Y89.198 E0.03001
G1 X114.000 Y90.000 E0.03001
G1 E-0.70000 F2100
G1 X71.380 Y75.951 F9000
G1 E0.70000 F1500
;TYPE:Solid infill
G1 F3600
G1 X75.951 Y71.380 E0.24187
G1 X77.923 Y70.045 E0.08912
G1 X70.045 Y77.923 E0.41689
G1 X69.242 Y79.363 E0.06168
G1 X79.363 Y69.242 E0.53556
G1 X80.578 Y68.663 E0.05039
G1 X68.663 Y80.578 E0.63054
G1 X68.217 Y81.660 E0.04379
G1 X81.660 Y68.217 E0.71139
G1 X82.651 Y67.863 E0.03934
G1 X67.863 Y82.651 E0.78250
G1 X67.578 Y83.572 E0.03608
G1 X83.572 Y67.578 E0.84632
G1 X84.439 Y67.348 E0.03357
G1 X67.348 Y84.439 E0.90440
G1 X67.161 Y85.261 E0.03156
G1 X85.261 Y67.161 E0.95779
G1 X86.047 Y67.012 E0.02991
G1 X67.012 Y86.047 E1.00723
G1 X66.896 Y86.800 E0.02852
M73 P46 R9
G1 X86.800 Y66.896 E1.05328
G1 X87.525 Y66.807 E0.02734
G1 X66.807 Y87.525 E1.09636
G1 X66.743 Y88.226 E0.02632
G1 X88.226 Y66.743 E1.13682
G1 X88.904 Y66.701 E0.02543
G1 X66.701 Y88.904 E1.17492
G1 X66.679 Y89.562 E0.02464
G1 X89.562 Y66.679 E1.21089
G1 X90.202 Y66.676 E0.02393
G1 X66.676 Y90.202 E1.24491
G1 X66.690 Y90.824 E0.02331
G1 X90.824 Y66.690 E1.27713
G1 X91.431 Y66.719 E0.02274
G1 X66.719 Y91.431 E1.30770
G1 X66.763 Y92.024 E0.02223
G1 X92.024 Y66.763 E1.33672
G1 X92.603 Y66.821 E0.02176
G1 X66.821 Y92.603 E1.36429
G1 X66.891 Y93.168 E0.02134
G1 X93.168 Y66.891 E1.39050
G1 X93.722 Y66.974 E0.02095
G1 X66.974 Y93.722 E1.41542
G1 X67.068 Y94.264 E0.02059
G1 X94.264 Y67.068 E1.43913
G1 X94.795 Y67.173 E0.02026
G1 X67.173 Y94.795 E1.46167
G1 X67.289 Y95.316 E0.01996
G1 X95.316 Y67.289 E1.48311
G1 X95.827 Y67.415 E0.01968
M73 P47 R8
G1 X67.415 Y95.827 E1.50349
G1 X67.550 Y96.328 E0.01942
G1 X96.328 Y67.550 E1.52285
G1 X96.820 Y67.694 E0.01918
G1 X67.694 Y96.820 E1.54123
G1 X67.848 Y97.303 E0.01896
G1 X97.303 Y67.848 E1.55867
G1 X97.777 Y68.010 E0.01876
G1 X68.010 Y97.777 E1.57520
G1 X68.180 Y98.243 E0.01857
G1 X98.243 Y68.180 E1.59084
G1 X98.701 Y68.359 E0.01839
G1 X68.359 Y98.701 E1.60562
G1 X68.545 Y99.151 E0.01823
G1 X99.151 Y68.545 E1.61957
G1 X99.594 Y68.739 E0.01807
G1 X68.739 Y99.594 E1.63270
G1 X68.941 Y100.028 E0.01793
G1 X100.028 Y68.941 E1.64504
G1 X100.456 Y69.150 E0.01780
G1 X69.150 Y100.456 E1.65661
G1 X69.366 Y100.876 E0.01768
G1 X100.876 Y69.366 E1.66741
G1 X101.289 Y69.589 E0.01757
M73 P48 R8
G1 X69.589 Y101.289 E1.67747
G1 X69.819 Y101.696 E0.01747
G1 X101.696 Y69.819 E1.68679
G1 X102.095 Y70.056 E0.01738
G1 X70.056 Y102.095 E1.69540
G1 X70.300 Y102.488 E0.01729
G1 X102.488 Y70.300 E1.70330
G1 X102.874 Y70.550 E0.01722
G1 X70.550 Y102.874 E1.71050
G1 X70.806 Y103.254 E0.01715
G1 X103.254 Y70.806 E1.71700
G1 X103.627 Y71.070 E0.01709
G1 X71.070 Y103.627 E1.72283
G1 X71.339 Y103.994 E0.01703
G1 X103.994 Y71.339 E1.72798
G1 X104.354 Y71.615 E0.01699
G1 X71.615 Y104.354 E1.73245
G1 X71.897 Y104.709 E0.01695
G1 X104.709 Y71.897 E1.73627
G1 X105.057 Y72.186 E0.01691
G1 X72.186 Y105.057 E1.73942
G1 X72.480 Y105.398 E0.01688
G1 X105.398 Y72.480 E1.74192
G1 X105.734 Y72.781 E0.01686
M73 P49 R8
G1 X72.781 Y105.734 E1.74376
G1 X73.088 Y106.064 E0.01685
G1 X106.064 Y73.088 E1.74496
G1 X106.387 Y73.401 E0.01684
G1 X73.401 Y106.387 E1.74550
G1 X73.720 Y106.704 E0.01684
G1 X106.704 Y73.720 E1.74539
G1 X107.015 Y74.046 E0.01684
G1 X74.046 Y107.015 E1.74463
G1 X74.377 Y107.320 E0.01685
G1 X107.320 Y74.377 E1.74322
G1 X107.619 Y74.715 E0.01687
G1 X74.715 Y107.619 E1.74116
G1 X75.059 Y107.911 E0.01689
G1 X107.911 Y75.059 E1.73844
G1 X108.198 Y75.409 E0.01692
G1 X75.409 Y108.198 E1.73507
G1 X75.765 Y108.478 E0.01696
G1 X108.478 Y75.765 E1.73104
G1 X108.751 Y76.128 E0.01700
G1 X76.128 Y108.751 E1.72633
G1 X76.497 Y109.019 E0.01705
M73 P50 R8
G1 X109.019 Y76.497 E1.72096
G1 X109.280 Y76.872 E0.01711
G1 X76.872 Y109.280 E1.71491
G1 X77.254 Y109.534 E0.01717
G1 X109.534 Y77.254 E1.70817
G1 X109.782 Y77.642 E0.01724
G1 X77.642 Y109.782 E1.70074
G1 X78.037 Y110.024 E0.01732
G1 X110.024 Y78.037 E1.69261
G1 X110.258 Y78.439 E0.01741
G1 X78.439 Y110.258 E1.68377
G1 X78.848 Y110.486 E0.01750
G1 X110.486 Y78.848 E1.67420
G1 X110.707 Y79.263 E0.01761
G1 X79.263 Y110.707 E1.66389
G1 X79.686 Y110.921 E0.01772
G1 X110.921 Y79.686 E1.65284
G1 X111.127 Y80.116 E0.01785
G1 X80.116 Y111.127 E1.64102
G1 X80.553 Y111.326 E0.01798
G1 X111.326 Y80.553 E1.62841
G1 X111.518 Y80.998 E0.01812
G1 X80.998 Y111.518 E1.61501
G1 X81.451 Y111.702 E0.01828
M73 P51 R8
G1 X111.702 Y81.451 E1.60079
G1 X111.878 Y81.911 E0.01845
G1 X81.911 Y111.878 E1.58572
G1 X82.380 Y112.045 E0.01863
G1 X112.045 Y82.380 E1.56979
G1 X112.204 Y82.857 E0.01882
G1 X82.857 Y112.204 E1.55296
G1 X83.343 Y112.355 E0.01903
G1 X112.355 Y83.343 E1.53521
G1 X112.496 Y83.838 E0.01926
G1 X83.838 Y112.496 E1.51651
G1 X84.342 Y112.628 E0.01951
G1 X112.628 Y84.342 E1.49681
G1 X112.751 Y84.856 E0.01977
G1 X84.856 Y112.751 E1.47608
G1 X85.380 Y112.863 E0.02006
G1 X112.863 Y85.380 E1.45428
G1 X112.965 Y85.915 E0.02037
G1 X85.915 Y112.965 E1.43136
G1 X86.461 Y113.055 E0.02071
G1 X113.055 Y86.461 E1.40725
G1 X113.134 Y87.019 E0.02107
G1 X87.019 Y113.134 E1.38191
G1 X87.589 Y113.200 E0.02147
G1 X113.200 Y87.589 E1.35525
G1 X113.253 Y88.172 E0.02191
M73 P52 R8
G1 X88.172 Y113.253 E1.32721
G1 X88.769 Y113.293 E0.02239
G1 X113.293 Y88.769 E1.29769
G1 X113.317 Y89.381 E0.02292
G1 X89.381 Y113.317 E1.26658
G1 X90.010 Y113.325 E0.02351
G1 X113.325 Y90.010 E1.23377
G1 X113.316 Y90.655 E0.02416
G1 X90.655 Y113.316 E1.19912
G1 X91.320 Y113.288 E0.02489
G1 X113.288 Y91.320 E1.16247
G1 X113.239 Y92.005 E0.02571
G1 X92.005 Y113.239 E1.12361
G1 X92.713 Y113.167 E0.02664
G1 X113.167 Y92.713 E1.08231
G1 X113.069 Y93.448 E0.02772
G1 X93.448 Y113.069 E1.03828
G1 X94.211 Y112.942 E0.02896
G1 X112.942 Y94.211 E0.99115
G1 X112.781 Y95.008 E0.03043
G1 X95.008 Y112.781 E0.94047
G1 X95.845 Y112.581 E0.03219
G1 X112.581 Y95.845 E0.88561
G1 X112.333 Y96.729 E0.03434
G1 X96.729 Y112.333 E0.82575
G1 X97.671 Y112.028 E0.03707
G1 X112.028 Y97.671 E0.75970
G1 X111.646 Y98.689 E0.04066
G1 X98.689 Y111.646 E0.68569
G1 X99.809 Y111.162 E0.04568
G1 X111.162 Y99.809 E0.60076
G1 X110.523 Y101.085 E0.05341
G1 X101.085 Y110.523 E0.49940
G1 X102.642 Y109.602 E0.06770
G1 X109.602 Y102.642 E0.36826
G1 X107.762 Y105.119 E0.11543
G1 X105.119 Y107.762 E0.13987
;LAYER_CHANGE
;Z:12.80
;HEIGHT:0.2
G1 E-0.70000 F2100
G1 Z13.000 F720
G1 X113.550 Y90.000 F9000
G1 Z12.800 F720
G1 E0.70000 F1500
;TYPE:Perimeter
;WIDTH:0.45
G1 F2400
G1 X113.550 Y90.000 E0.00000
G1 X113.536 Y90.804 E0.03009
G1 X113.495 Y91.607 E0.03009
G1 X113.427 Y92.408 E0.03009
G1 X113.331 Y93.207 E0.03009
G1 X113.208 Y94.001 E0.03009
G1 X113.057 Y94.791 E0.03009
G1 X112.880 Y95.576 E0.03009
G1 X112.677 Y96.354 E0.03009
G1 X112.447 Y97.124 E0.03009
G1 X112.190 Y97.886 E0.03009
G1 X111.908 Y98.639 E0.03009
G1 X111.600 Y99.382 E0.03009
G1 X111.267 Y100.114 E0.03009
G1 X110.910 Y100.835 E0.03009
G1 X110.528 Y101.542 E0.03009
G1 X110.122 Y102.236 E0.03009
G1 X109.692 Y102.916 E0.03009
G1 X109.240 Y103.581 E0.03009
G1 X108.765 Y104.230 E0.03009
G1 X108.268 Y104.862 E0.03009
G1 X107.750 Y105.477 E0.03009
G1 X107.211 Y106.074 E0.03009
G1 X106.652 Y106.652 E0.03009
G1 X106.074 Y107.211 E0.03009
G1 X105.477 Y107.750 E0.03009
G1 X104.862 Y108.268 E0.03009
G1 X104.230 Y108.765 E0.03009
G1 X103.581 Y109.240 E0.03009
G1 X102.916 Y109.692 E0.03009
G1 X102.236 Y110.122 E0.03009
G1 X101.542 Y110.528 E0.03009
G1 X100.835 Y110.910 E0.03009
G1 X100.114 Y111.267 E0.03009
G1 X99.382 Y111.600 E0.03009
G1 X98.639 Y111.908 E0.03009
G1 X97.886 Y112.190 E0.03009
G1 X97.124 Y112.447 E0.03009
G1 X96.354 Y112.677 E0.03009
G1 X95.576 Y112.880 E0.03009
G1 X94.791 Y113.057 E0.03009
G1 X94.001 Y113.208 E0.03009
G1 X93.207 Y113.331 E0.03009
G1 X92.408 Y113.427 E0.03009
G1 X91.607 Y113.495 E0.03009
G1 X90.804 Y113.536 E0.03009
G1 X90.000 Y113.550 E0.03009
M73 P53 R7
G1 X89.196 Y113.536 E0.03009
G1 X88.393 Y113.495 E0.03009
G1 X87.592 Y113.427 E0.03009
G1 X86.793 Y113.331 E0.03009
G1 X85.999 Y113.208 E0.03009
G1 X85.209 Y113.057 E0.03009
G1 X84.424 Y112.880 E0.03009
G1 X83.646 Y112.677 E0.03009
G1 X82.876 Y112.447 E0.03009
G1 X82.114 Y112.190 E0.03009
G1 X81.361 Y111.908 E0.03009
G1 X80.618 Y111.600 E0.03009
G1 X79.886 Y111.267 E0.03009
G1 X79.165 Y110.910 E0.03009
G1 X78.458 Y110.528 E0.03009
G1 X77.764 Y110.122 E0.03009
G1 X77.084 Y109.692 E0.03009
G1 X76.419 Y109.240 E0.03009
G1 X75.770 Y108.765 E0.03009
G1 X75.138 Y108.268 E0.03009
G1 X74.523 Y107.750 E0.03009
G1 X73.926 Y107.211 E0.03009
G1 X73.348 Y106.652 E0.03009
G1 X72.789 Y106.074 E0.03009
G1 X72.250 Y105.477 E0.03009
G1 X71.732 Y104.862 E0.03009
G1 X71.235 Y104.230 E0.03009
G1 X70.760 Y103.581 E0.03009
G1 X70.308 Y102.916 E0.03009
G1 X69.878 Y102.236 E0.03009
G1 X69.472 Y101.542 E0.03009
G1 X69.090 Y100.835 E0.03009
G1 X68.733 Y100.114 E0.03009
G1 X68.400 Y99.382 E0.03009
G1 X68.092 Y98.639 E0.03009
G1 X67.810 Y97.886 E0.03009
G1 X67.553 Y97.124 E0.03009
G1 X67.323 Y96.354 E0.03009
G1 X67.120 Y95.576 E0.03009
G1 X66.943 Y94.791 E0.03009
G1 X66.792 Y94.001 E0.03009
G1 X66.669 Y93.207 E0.03009
G1 X66.573 Y92.408 E0.03009
G1 X66.505 Y91.607 E0.03009
G1 X66.464 Y90.804 E0.03009
G1 X66.450 Y90.000 E0.03009
G1 X66.464 Y89.196 E0.03009
G1 X66.505 Y88.393 E0.03009
G1 X66.573 Y87.592 E0.03009
G1 X66.669 Y86.793 E0.03009
G1 X66.792 Y85.999 E0.03009
G1 X66.943 Y85.209 E0.03009
G1 X67.120 Y84.424 E0.03009
G1 X67.323 Y83.646 E0.03009
G1 X67.553 Y82.876 E0.03009
G1 X67.810 Y82.114 E0.03009
G1 X68.092 Y81.361 E0.03009
G1 X68.400 Y80.618 E0.03009
G1 X68.733 Y79.886 E0.03009
G1 X69.090 Y79.165 E0.03009
G1 X69.472 Y78.458 E0.03009
G1 X69.878 Y77.764 E0.03009
G1 X70.308 Y77.084 E0.03009
G1 X70.760 Y76.419 E0.03009
G1 X71.235 Y75.770 E0.03009
G1 X71.732 Y75.138 E0.03009
G1 X72.250 Y74.523 E0.03009
G1 X72.789 Y73.926 E0.03009
G1 X73.348 Y73.348 E0.03009
G1 X73.926 Y72.789 E0.03009
G1 X74.523 Y72.250 E0.03009
G1 X75.138 Y71.732 E0.03009
G1 X75.770 Y71.235 E0.03009
G1 X76.419 Y70.760 E0.03009
G1 X77.084 Y70.308 E0.03009
G1 X77.764 Y69.878 E0.03009
G1 X78.458 Y69.472 E0.03009
G1 X79.165 Y69.090 E0.03009
G1 X79.886 Y68.733 E0.03009
G1 X80.618 Y68.400 E0.03009
G1 X81.361 Y68.092 E0.03009
G1 X82.114 Y67.810 E0.03009
G1 X82.876 Y67.553 E0.03009
G1 X83.646 Y67.323 E0.03009
G1 X84.424 Y67.120 E0.03009
G1 X85.209 Y66.943 E0.03009
G1 X85.999 Y66.792 E0.03009
G1 X86.793 Y66.669 E0.03009
G1 X87.592 Y66.573 E0.03009
G1 X88.393 Y66.505 E0.03009
G1 X89.196 Y66.464 E0.03009
G1 X90.000 Y66.450 E0.03009
G1 X90.804 Y66.464 E0.03009
G1 X91.607 Y66.505 E0.03009
G1 X92.408 Y66.573 E0.03009
G1 X93.207 Y66.669 E0.03009
G1 X94.001 Y66.792 E0.03009
G1 X94.791 Y66.943 E0.03009
G1 X95.576 Y67.120 E0.03009
G1 X96.354 Y67.323 E0.03009
G1 X97.124 Y67.553 E0.03009
G1 X97.886 Y67.810 E0.03009
G1 X98.639 Y68.092 E0.03009
G1 X99.382 Y68.400 E0.03009
G1 X100.114 Y68.733 E0.03009
G1 X100.835 Y69.090 E0.03009
G1 X101.542 Y69.472 E0.03009
G1 X102.236 Y69.878 E0.03009
G1 X102.916 Y70.308 E0.03009
G1 X103.581 Y70.760 E0.03009
G1 X104.230 Y71.235 E0.03009
G1 X104.862 Y71.732 E0.03009
G1 X105.477 Y72.250 E0.03009
G1 X106.074 Y72.789 E0.03009
G1 X106.652 Y73.348 E0.03009
G1 X107.211 Y73.926 E0.03009
G1 X107.750 Y74.523 E0.03009
G1 X108.268 Y75.138 E0.03009
G1 X108.765 Y75.770 E0.03009
G1 X109.240 Y76.419 E0.03009
G1 X109.692 Y77.084 E0.03009
G1 X110.122 Y77.764 E0.03009
G1 X110.528 Y78.458 E0.03009
G1 X110.910 Y79.165 E0.03009
G1 X111.267 Y79.886 E0.03009
G1 X111.600 Y80.618 E0.03009
G1 X111.908 Y81.361 E0.03009
G1 X112.190 Y82.114 E0.03009
G1 X112.447 Y82.876 E0.03009
G1 X112.677 Y83.646 E0.03009
G1 X112.880 Y84.424 E0.03009
G1 X113.057 Y85.209 E0.03009
G1 X113.208 Y85.999 E0.03009
G1 X113.331 Y86.793 E0.03009
G1 X113.427 Y87.592 E0.03009
G1 X113.495 Y88.393 E0.03009
G1 X113.536 Y89.196 E0.03009
G1 X113.550 Y90.000 E0.03009
G1 E-0.70000 F2100
G1 X114.000 Y90.000 F9000
G1 E0.70000 F1500
;TYPE:External perimeter
G1 F1800
G1 X114.000 Y90.000 E0.00000
G1 X113.987 Y90.802 E0.03001
G1 X113.946 Y91.603 E0.03001
G1 X113.879 Y92.402 E0.03001
G1 X113.786 Y93.199 E0.03001
G1 X113.666 Y93.992 E0.03001
G1 X113.519 Y94.780 E0.03001
G1 X113.346 Y95.564 E0.03001
G1 X113.147 Y96.341 E0.03001
G1 X112.922 Y97.111 E0.03001
G1 X112.672 Y97.873 E0.03001
G1 X112.396 Y98.626 E0.03001
G1 X112.096 Y99.369 E0.03001
G1 X111.770 Y100.102 E0.03001
G1 X111.420 Y100.824 E0.03001
G1 X111.047 Y101.534 E0.03001
G1 X110.650 Y102.231 E0.03001
G1 X110.229 Y102.914 E0.03001
G1 X109.787 Y103.583 E0.03001
G1 X109.322 Y104.236 E0.03001
G1 X108.835 Y104.874 E0.03001
G1 X108.328 Y105.495 E0.03001
G1 X107.800 Y106.099 E0.03001
G1 X107.252 Y106.685 E0.03001
G1 X106.685 Y107.252 E0.03001
G1 X106.099 Y107.800 E0.03001
G1 X105.495 Y108.328 E0.03001
G1 X104.874 Y108.835 E0.03001
G1 X104.236 Y109.322 E0.03001
G1 X103.583 Y109.787 E0.03001
G1 X102.914 Y110.229 E0.03001
G1 X102.231 Y110.650 E0.03001
G1 X101.534 Y111.047 E0.03001
G1 X100.824 Y111.420 E0.03001
G1 X100.102 Y111.770 E0.03001
G1 X99.369 Y112.096 E0.03001
G1 X98.626 Y112.396 E0.03001
G1 X97.873 Y112.672 E0.03001
G1 X97.111 Y112.922 E0.03001
G1 X96.341 Y113.147 E0.03001
G1 X95.564 Y113.346 E0.03001
G1 X94.780 Y113.519 E0.03001
G1 X93.992 Y113.666 E0.03001
G1 X93.199 Y113.786 E0.03001
G1 X92.402 Y113.879 E0.03001
G1 X91.603 Y113.946 E0.03001
G1 X90.802 Y113.987 E0.03001
G1 X90.000 Y114.000 E0.03001
G1 X89.198 Y113.987 E0.03001
G1 X88.397 Y113.946 E0.03001
G1 X87.598 Y113.879 E0.03001
G1 X86.801 Y113.786 E0.03001
G1 X86.008 Y113.666 E0.03001
G1 X85.220 Y113.519 E0.03001
G1 X84.436 Y113.346 E0.03001
G1 X83.659 Y113.147 E0.03001
G1 X82.889 Y112.922 E0.03001
G1 X82.127 Y112.672 E0.03001
G1 X81.374 Y112.396 E0.03001
G1 X80.631 Y112.096 E0.03001
G1 X79.898 Y111.770 E0.03001
G1 X79.176 Y111.420 E0.03001
G1 X78.466 Y111.047 E0.03001
G1 X77.769 Y110.650 E0.03001
G1 X77.086 Y110.229 E0.03001
G1 X76.417 Y109.787 E0.03001
G1 X75.764 Y109.322 E0.03001
G1 X75.126 Y108.835 E0.03001
G1 X74.505 Y108.328 E0.03001
G1 X73.901 Y107.800 E0.03001
G1 X73.315 Y107.252 E0.03001
G1 X72.748 Y106.685 E0.03001
G1 X72.200 Y106.099 E0.03001
G1 X71.672 Y105.495 E0.03001
G1 X71.165 Y104.874 E0.03001
G1 X70.678 Y104.236 E0.03001
G1 X70.213 Y103.583 E0.03001
G1 X69.771 Y102.914 E0.03001
G1 X69.350 Y102.231 E0.03001
G1 X68.953 Y101.534 E0.03001
G1 X68.580 Y100.824 E0.03001
G1 X68.230 Y100.102 E0.03001
G1 X67.904 Y99.369 E0.03001
G1 X67.604 Y98.626 E0.03001
G1 X67.328 Y97.873 E0.03001
G1 X67.078 Y97.111 E0.03001
G1 X66.853 Y96.341 E0.03001
G1 X66.654 Y95.564 E0.03001
G1 X66.481 Y94.780 E0.03001
G1 X66.334 Y93.992 E0.03001
G1 X66.214 Y93.199 E0.03001
G1 X66.121 Y92.402 E0.03001
G1 X66.054 Y91.603 E0.03001
G1 X66.013 Y90.802 E0.03001
G1 X66.000 Y90.000 E0.03001
G1 X66.013 Y89.198 E0.03001
G1 X66.054 Y88.397 E0.03001
G1 X66.121 Y87.598 E0.03001
G1 X66.214 Y86.801 E0.03001
G1 X66.334 Y86.008 E0.03001
G1 X66.481 Y85.220 E0.03001
G1 X66.654 Y84.436 E0.03001
G1 X66.853 Y83.659 E0.03001
G1 X67.078 Y82.889 E0.03001
G1 X67.328 Y82.127 E0.03001
G1 X67.604 Y81.374 E0.03001
G1 X67.904 Y80.631 E0.03001
G1 X68.230 Y79.898 E0.03001
G1 X68.580 Y79.176 E0.03001
G1 X68.953 Y78.466 E0.03001
G1 X69.350 Y77.769 E0.03001
G1 X69.771 Y77.086 E0.03001
G1 X70.213 Y76.417 E0.03001
G1 X70.678 Y75.764 E0.03001
G1 X71.165 Y75.126 E0.03001
G1 X71.672 Y74.505 E0.03001
G1 X72.200 Y73.901 E0.03001
G1 X72.748 Y73.315 E0.03001
G1 X73.315 Y72.748 E0.03001
G1 X73.901 Y72.200 E0.03001
G1 X74.505 Y71.672 E0.03001
G1 X75.126 Y71.165 E0.03001
G1 X75.764 Y70.678 E0.03001
G1 X76.417 Y70.213 E0.03001
G1 X77.086 Y69.771 E0.03001
G1 X77.769 Y69.350 E0.03001
G1 X78.466 Y68.953 E0.03001
G1 X79.176 Y68.580 E0.03001
G1 X79.898 Y68.230 E0.03001
G1 X80.631 Y67.904 E0.03001
G1 X81.374 Y67.604 E0.03001
G1 X82.127 Y67.328 E0.03001
G1 X82.889 Y67.078 E0.03001
G1 X83.659 Y66.853 E0.03001
G1 X84.436 Y66.654 E0.03001
G1 X85.220 Y66.481 E0.03001
G1 X86.008 Y66.334 E0.03001
G1 X86.801 Y66.214 E0.03001
G1 X87.598 Y66.121 E0.03001
G1 X88.397 Y66.054 E0.03001
G1 X89.198 Y66.013 E0.03001
G1 X90.000 Y66.000 E0.03001
G1 X90.802 Y66.013 E0.03001
G1 X91.603 Y66.054 E0.03001
G1 X92.402 Y66.121 E0.03001
G1 X93.199 Y66.214 E0.03001
G1 X93.992 Y66.334 E0.03001
G1 X94.780 Y66.481 E0.03001
G1 X95.564 Y66.654 E0.03001
G1 X96.341 Y66.853 E0.03001
G1 X97.111 Y67.078 E0.03001
G1 X97.873 Y67.328 E0.03001
G1 X98.626 Y67.604 E0.03001
G1 X99.369 Y67.904 E0.03001
G1 X100.102 Y68.230 E0.03001
G1 X100.824 Y68.580 E0.03001
G1 X101.534 Y68.953 E0.03001
G1 X102.231 Y69.350 E0.03001
G1 X102.914 Y69.771 E0.03001
G1 X103.583 Y70.213 E0.03001
G1 X104.236 Y70.678 E0.03001
G1 X104.874 Y71.165 E0.03001
G1 X105.495 Y71.672 E0.03001
G1 X106.099 Y72.200 E0.03001
G1 X106.685 Y72.748 E0.03001
G1 X107.252 Y73.315 E0.03001
G1 X107.800 Y73.901 E0.03001
G1 X108.328 Y74.505 E0.03001
G1 X108.835 Y75.126 E0.03001
G1 X109.322 Y75.764 E0.03001
G1 X109.787 Y76.417 E0.03001
G1 X110.229 Y77.086 E0.03001
G1 X110.650 Y77.769 E0.03001
G1 X111.047 Y78.466 E0.03001
G1 X111.420 Y79.176 E0.03001
G1 X111.770 Y79.898 E0.03001
G1 X112.096 Y80.631 E0.03001
G1 X112.396 Y81.374 E0.03001
G1 X112.672 Y82.127 E0.03001
G1 X112.922 Y82.889 E0.03001
G1 X113.147 Y83.659 E0.03001
G1 X113.346 Y84.436 E0.03001
G1 X113.519 Y85.220 E0.03001
G1 X113.666 Y86.008 E0.03001
G1 X113.786 Y86.801 E0.03001
G1 X113.879 Y87.598 E0.03001
G1 X113.946 Y88.397 E0.03001
G1 X113.987 Y89.198 E0.03001
G1 X114.000 Y90.000 E0.03001
G1 E-0.70000 F2100
G1 X104.049 Y71.380 F9000
G1 E0.70000 F1500
;TYPE:Solid infill
G1 F3600
G1 X108.620 Y75.951 E0.24187
G1 X109.955 Y77.923 E0.08912
M73 P54 R7
G1 X102.077 Y70.045 E0.41689
G1 X100.637 Y69.242 E0.06168
G1 X110.758 Y79.363 E0.53556
G1 X111.337 Y80.578 E0.05039
G1 X99.422 Y68.663 E0.63054
G1 X98.340 Y68.217 E0.04379
G1 X111.783 Y81.660 E0.71139
G1 X112.137 Y82.651 E0.03934
G1 X97.349 Y67.863 E0.78250
G1 X96.428 Y67.578 E0.03608
G1 X112.422 Y83.572 E0.84632
G1 X112.652 Y84.439 E0.03357
G1 X95.561 Y67.348 E0.90440
G1 X94.739 Y67.161 E0.03156
G1 X112.839 Y85.261 E0.95779
G1 X112.988 Y86.047 E0.02991
G1 X93.953 Y67.012 E1.00723
G1 X93.200 Y66.896 E0.02852
G1 X113.104 Y86.800 E1.05328
G1 X113.193 Y87.525 E0.02734
G1 X92.475 Y66.807 E1.09636
G1 X91.774 Y66.743 E0.02632
G1 X113.257 Y88.226 E1.13682
G1 X113.299 Y88.904 E0.02543
G1 X91.096 Y66.701 E1.17492
G1 X90.438 Y66.679 E0.02464
G1 X113.321 Y89.562 E1.21089
G1 X113.324 Y90.202 E0.02393
G1 X89.798 Y66.676 E1.24491
G1 X89.176 Y66.690 E0.02331
G1 X113.310 Y90.824 E1.27713
G1 X113.281 Y91.431 E0.02274
G1 X88.569 Y66.719 E1.30770
G1 X87.976 Y66.763 E0.02223
G1 X113.237 Y92.024 E1.33672
G1 X113.179 Y92.603 E0.02176
G1 X87.397 Y66.821 E1.36429
G1 X86.832 Y66.891 E0.02134
M73 P55 R7
G1 X113.109 Y93.168 E1.39050
G1 X113.026 Y93.722 E0.02095
G1 X86.278 Y66.974 E1.41542
G1 X85.736 Y67.068 E0.02059
G1 X112.932 Y94.264 E1.43913
G1 X112.827 Y94.795 E0.02026
G1 X85.205 Y67.173 E1.46167
G1 X84.684 Y67.289 E0.01996
G1 X112.711 Y95.316 E1.48311
G1 X112.585 Y95.827 E0.01968
G1 X84.173 Y67.415 E1.50349
G1 X83.672 Y67.550 E0.01942
G1 X112.450 Y96.328 E1.52285
G1 X112.306 Y96.820 E0.01918
G1 X83.180 Y67.694 E1.54123
G1 X82.697 Y67.848 E0.01896
G1 X112.152 Y97.303 E1.55867
G1 X111.990 Y97.777 E0.01876
G1 X82.223 Y68.010 E1.57520
G1 X81.757 Y68.180 E0.01857
G1 X111.820 Y98.243 E1.59084
G1 X111.641 Y98.701 E0.01839
G1 X81.299 Y68.359 E1.60562
G1 X80.849 Y68.545 E0.01823
G1 X111.455 Y99.151 E1.61957
G1 X111.261 Y99.594 E0.01807
M73 P56 R7
G1 X80.406 Y68.739 E1.63270
G1 X79.972 Y68.941 E0.01793
G1 X111.059 Y100.028 E1.64504
G1 X110.850 Y100.456 E0.01780
G1 X79.544 Y69.150 E1.65661
G1 X79.124 Y69.366 E0.01768
G1 X110.634 Y100.876 E1.66741
G1 X110.411 Y101.289 E0.01757
G1 X78.711 Y69.589 E1.67747
G1 X78.304 Y69.819 E0.01747
G1 X110.181 Y101.696 E1.68679
G1 X109.944 Y102.095 E0.01738
G1 X77.905 Y70.056 E1.69540
G1 X77.512 Y70.300 E0.01729
G1 X109.700 Y102.488 E1.70330
G1 X109.450 Y102.874 E0.01722
G1 X77.126 Y70.550 E1.71050
G1 X76.746 Y70.806 E0.01715
G1 X109.194 Y103.254 E1.71700
G1 X108.930 Y103.627 E0.01709
G1 X76.373 Y71.070 E1.72283
G1 X76.006 Y71.339 E0.01703
M73 P57 R7
G1 X108.661 Y103.994 E1.72798
G1 X108.385 Y104.354 E0.01699
G1 X75.646 Y71.615 E1.73245
G1 X75.291 Y71.897 E0.01695
G1 X108.103 Y104.709 E1.73627
G1 X107.814 Y105.057 E0.01691
G1 X74.943 Y72.186 E1.73942
G1 X74.602 Y72.480 E0.01688
G1 X107.520 Y105.398 E1.74192
G1 X107.219 Y105.734 E0.01686
G1 X74.266 Y72.781 E1.74376
G1 X73.936 Y73.088 E0.01685
G1 X106.912 Y106.064 E1.74496
G1 X106.599 Y106.387 E0.01684
G1 X73.613 Y73.401 E1.74550
G1 X73.296 Y73.720 E0.01684
G1 X106.280 Y106.704 E1.74539
G1 X105.954 Y107.015 E0.01684
G1 X72.985 Y74.046 E1.74463
G1 X72.680 Y74.377 E0.01685
G1 X105.623 Y107.320 E1.74322
G1 X105.285 Y107.619 E0.01687
G1 X72.381 Y74.715 E1.74116
G1 X72.089 Y75.059 E0.01689
M73 P58 R7
G1 X104.941 Y107.911 E1.73844
G1 X104.591 Y108.198 E0.01692
G1 X71.802 Y75.409 E1.73507
G1 X71.522 Y75.765 E0.01696
G1 X104.235 Y108.478 E1.73104
G1 X103.872 Y108.751 E0.01700
G1 X71.249 Y76.128 E1.72633
G1 X70.981 Y76.497 E0.01705
G1 X103.503 Y109.019 E1.72096
G1 X103.128 Y109.280 E0.01711
G1 X70.720 Y76.872 E1.71491
G1 X70.466 Y77.254 E0.01717
G1 X102.746 Y109.534 E1.70817
G1 X102.358 Y109.782 E0.01724
G1 X70.218 Y77.642 E1.70074
G1 X69.976 Y78.037 E0.01732
G1 X101.963 Y110.024 E1.69261
G1 X101.561 Y110.258 E0.01741
G1 X69.742 Y78.439 E1.68377
G1 X69.514 Y78.848 E0.01750
G1 X101.152 Y110.486 E1.67420
G1 X100.737 Y110.707 E0.01761
M73 P59 R7
G1 X69.293 Y79.263 E1.66389
G1 X69.079 Y79.686 E0.01772
G1 X100.314 Y110.921 E1.65284
G1 X99.884 Y111.127 E0.01785
G1 X68.873 Y80.116 E1.64102
G1 X68.674 Y80.553 E0.01798
G1 X99.447 Y111.326 E1.62841
G1 X99.002 Y111.518 E0.01812
G1 X68.482 Y80.998 E1.61501
G1 X68.298 Y81.451 E0.01828
G1 X98.549 Y111.702 E1.60079
G1 X98.089 Y111.878 E0.01845
G1 X68.122 Y81.911 E1.58572
G1 X67.955 Y82.380 E0.01863
G1 X97.620 Y112.045 E1.56979
G1 X97.143 Y112.204 E0.01882
G1 X67.796 Y82.857 E1.55296
G1 X67.645 Y83.343 E0.01903
G1 X96.657 Y112.355 E1.53521
G1 X96.162 Y112.496 E0.01926
G1 X67.504 Y83.838 E1.51651
G1 X67.372 Y84.342 E0.01951
G1 X95.658 Y112.628 E1.49681
G1 X95.144 Y112.751 E0.01977
G1 X67.249 Y84.856 E1.47608
G1 X67.137 Y85.380 E0.02006
M73 P60 R6
G1 X94.620 Y112.863 E1.45428
G1 X94.085 Y112.965 E0.02037
G1 X67.035 Y85.915 E1.43136
G1 X66.945 Y86.461 E0.02071
G1 X93.539 Y113.055 E1.40725
G1 X92.981 Y113.134 E0.02107
G1 X66.866 Y87.019 E1.38191
G1 X66.800 Y87.589 E0.02147
G1 X92.411 Y113.200 E1.35525
G1 X91.828 Y113.253 E0.02191
G1 X66.747 Y88.172 E1.32721
G1 X66.707 Y88.769 E0.02239
G1 X91.231 Y113.293 E1.29769
G1 X90.619 Y113.317 E0.02292
G1 X66.683 Y89.381 E1.26658
G1 X66.675 Y90.010 E0.02351
G1 X89.990 Y113.325 E1.23377
G1 X89.345 Y113.316 E0.02416
G1 X66.684 Y90.655 E1.19912
G1 X66.712 Y91.320 E0.02489
G1 X88.680 Y113.288 E1.16247
G1 X87.995 Y113.239 E0.02571
G1 X66.761 Y92.005 E1.12361
G1 X66.833 Y92.713 E0.02664
G1 X87.287 Y113.167 E1.08231
G1 X86.552 Y113.069 E0.02772
G1 X66.931 Y93.448 E1.03828
G1 X67.058 Y94.211 E0.02896
G1 X85.789 Y112.942 E0.99115
G1 X84.992 Y112.781 E0.03043
G1 X67.219 Y95.008 E0.94047
G1 X67.419 Y95.845 E0.03219
M73 P61 R6
G1 X84.155 Y112.581 E0.88561
G1 X83.271 Y112.333 E0.03434
G1 X67.667 Y96.729 E0.82575
G1 X67.972 Y97.671 E0.03707
G1 X82.329 Y112.028 E0.75970
G1 X81.311 Y111.646 E0.04066
G1 X68.354 Y98.689 E0.68569
G1 X68.838 Y99.809 E0.04568
G1 X80.191 Y111.162 E0.60076
G1 X78.915 Y110.523 E0.05341
G1 X69.477 Y101.085 E0.49940
G1 X70.398 Y102.642 E0.06770
G1 X77.358 Y109.602 E0.36826
G1 X74.881 Y107.762 E0.11543
G1 X72.238 Y105.119 E0.13987
;LAYER_CHANGE
;Z:13.00
;HEIGHT:0.2
G1 E-0.70000 F2100
G1 Z13.200 F720
G1 X113.550 Y90.000 F9000
G1 Z13.000 F720
G1 E0.70000 F1500
;TYPE:Perimeter
;WIDTH:0.45
G1 F2400
G1 X113.550 Y90.000 E0.00000
G1 X113.536 Y90.804 E0.03009
G1 X113.495 Y91.607 E0.03009
G1 X113.427 Y92.408 E0.03009
G1 X113.331 Y93.207 E0.03009
G1 X113.208 Y94.001 E0.03009
G1 X113.057 Y94.791 E0.03009
G1 X112.880 Y95.576 E0.03009
G1 X112.677 Y96.354 E0.03009
G1 X112.447 Y97.124 E0.03009
G1 X112.190 Y97.886 E0.03009
G1 X111.908 Y98.639 E0.03009
G1 X111.600 Y99.382 E0.03009
G1 X111.267 Y100.114 E0.03009
G1 X110.910 Y100.835 E0.03009
G1 X110.528 Y101.542 E0.03009
G1 X110.122 Y102.236 E0.03009
G1 X109.692 Y102.916 E0.03009
G1 X109.240 Y103.581 E0.03009
G1 X108.765 Y104.230 E0.03009
G1 X108.268 Y104.862 E0.03009
G1 X107.750 Y105.477 E0.03009
G1 X107.211 Y106.074 E0.03009
G1 X106.652 Y106.652 E0.03009
G1 X106.074 Y107.211 E0.03009
G1 X105.477 Y107.750 E0.03009
G1 X104.862 Y108.268 E0.03009
G1 X104.230 Y108.765 E0.03009
G1 X103.581 Y109.240 E0.03009
G1 X102.916 Y109.692 E0.03009
G1 X102.236 Y110.122 E0.03009
G1 X101.542 Y110.528 E0.03009
G1 X100.835 Y110.910 E0.03009
G1 X100.114 Y111.267 E0.03009
G1 X99.382 Y111.600 E0.03009
G1 X98.639 Y111.908 E0.03009
G1 X97.886 Y112.190 E0.03009
G1 X97.124 Y112.447 E0.03009
G1 X96.354 Y112.677 E0.03009
G1 X95.576 Y112.880 E0.03009
G1 X94.791 Y113.057 E0.03009
G1 X94.001 Y113.208 E0.03009
G1 X93.207 Y113.331 E0.03009
G1 X92.408 Y113.427 E0.03009
G1 X91.607 Y113.495 E0.03009
G1 X90.804 Y113.536 E0.03009
G1 X90.000 Y113.550 E0.03009
G1 X89.196 Y113.536 E0.03009
G1 X88.393 Y113.495 E0.03009
G1 X87.592 Y113.427 E0.03009
G1 X86.793 Y113.331 E0.03009
G1 X85.999 Y113.208 E0.03009
G1 X85.209 Y113.057 E0.03009
G1 X84.424 Y112.880 E0.03009
G1 X83.646 Y112.677 E0.03009
G1 X82.876 Y112.447 E0.03009
G1 X82.114 Y112.190 E0.03009
G1 X81.361 Y111.908 E0.03009
G1 X80.618 Y111.600 E0.03009
G1 X79.886 Y111.267 E0.03009
G1 X79.165 Y110.910 E0.03009
G1 X78.458 Y110.528 E0.03009
G1 X77.764 Y110.122 E0.03009
G1 X77.084 Y109.692 E0.03009
G1 X76.419 Y109.240 E0.03009
G1 X75.770 Y108.765 E0.03009
G1 X75.138 Y108.268 E0.03009
G1 X74.523 Y107.750 E0.03009
G1 X73.926 Y107.211 E0.03009
G1 X73.348 Y106.652 E0.03009
G1 X72.789 Y106.074 E0.03009
G1 X72.250 Y105.477 E0.03009
G1 X71.732 Y104.862 E0.03009
G1 X71.235 Y104.230 E0.03009
G1 X70.760 Y103.581 E0.03009
G1 X70.308 Y102.916 E0.03009
G1 X69.878 Y102.236 E0.03009
G1 X69.472 Y101.542 E0.03009
G1 X69.090 Y100.835 E0.03009
G1 X68.733 Y100.114 E0.03009
G1 X68.400 Y99.382 E0.03009
G1 X68.092 Y98.639 E0.03009
G1 X67.810 Y97.886 E0.03009
G1 X67.553 Y97.124 E0.03009
G1 X67.323 Y96.354 E0.03009
G1 X67.120 Y95.576 E0.03009
G1 X66.943 Y94.791 E0.03009
G1 X66.792 Y94.001 E0.03009
G1 X66.669 Y93.207 E0.03009
G1 X66.573 Y92.408 E0.03009
G1 X66.505 Y91.607 E0.03009
G1 X66.464 Y90.804 E0.03009
G1 X66.450 Y90.000 E0.03009
G1 X66.464 Y89.196 E0.03009
G1 X66.505 Y88.393 E0.03009
G1 X66.573 Y87.592 E0.03009
G1 X66.669 Y86.793 E0.03009
G1 X66.792 Y85.999 E0.03009
G1 X66.943 Y85.209 E0.03009
G1 X67.120 Y84.424 E0.03009
G1 X67.323 Y83.646 E0.03009
G1 X67.553 Y82.876 E0.03009
G1 X67.810 Y82.114 E0.03009
G1 X68.092 Y81.361 E0.03009
G1 X68.400 Y80.618 E0.03009
G1 X68.733 Y79.886 E0.03009
G1 X69.090 Y79.165 E0.03009
G1 X69.472 Y78.458 E0.03009
G1 X69.878 Y77.764 E0.03009
G1 X70.308 Y77.084 E0.03009
G1 X70.760 Y76.419 E0.03009
G1 X71.235 Y75.770 E0.03009
G1 X71.732 Y75.138 E0.03009
G1 X72.250 Y74.523 E0.03009
G1 X72.789 Y73.926 E0.03009
G1 X73.348 Y73.348 E0.03009
G1 X73.926 Y72.789 E0.03009
G1 X74.523 Y72.250 E0.03009
G1 X75.138 Y71.732 E0.03009
G1 X75.770 Y71.235 E0.03009
G1 X76.419 Y70.760 E0.03009
G1 X77.084 Y70.308 E0.03009
G1 X77.764 Y69.878 E0.03009
G1 X78.458 Y69.472 E0.03009
G1 X79.165 Y69.090 E0.03009
G1 X79.886 Y68.733 E0.03009
G1 X80.618 Y68.400 E0.03009
G1 X81.361 Y68.092 E0.03009
G1 X82.114 Y67.810 E0.03009
G1 X82.876 Y67.553 E0.03009
G1 X83.646 Y67.323 E0.03009
G1 X84.424 Y67.120 E0.03009
G1 X85.209 Y66.943 E0.03009
G1 X85.999 Y66.792 E0.03009
G1 X86.793 Y66.669 E0.03009
G1 X87.592 Y66.573 E0.03009
G1 X88.393 Y66.505 E0.03009
G1 X89.196 Y66.464 E0.03009
G1 X90.000 Y66.450 E0.03009
G1 X90.804 Y66.464 E0.03009
G1 X91.607 Y66.505 E0.03009
G1 X92.408 Y66.573 E0.03009
G1 X93.207 Y66.669 E0.03009
G1 X94.001 Y66.792 E0.03009
G1 X94.791 Y66.943 E0.03009
G1 X95.576 Y67.120 E0.03009
G1 X96.354 Y67.323 E0.03009
G1 X97.124 Y67.553 E0.03009
G1 X97.886 Y67.810 E0.03009
G1 X98.639 Y68.092 E0.03009
G1 X99.382 Y68.400 E0.03009
G1 X100.114 Y68.733 E0.03009
G1 X100.835 Y69.090 E0.03009
G1 X101.542 Y69.472 E0.03009
G1 X102.236 Y69.878 E0.03009
G1 X102.916 Y70.308 E0.03009
G1 X103.581 Y70.760 E0.03009
G1 X104.230 Y71.235 E0.03009
G1 X104.862 Y71.732 E0.03009
G1 X105.477 Y72.250 E0.03009
G1 X106.074 Y72.789 E0.03009
G1 X106.652 Y73.348 E0.03009
G1 X107.211 Y73.926 E0.03009
G1 X107.750 Y74.523 E0.03009
G1 X108.268 Y75.138 E0.03009
G1 X108.765 Y75.770 E0.03009
G1 X109.240 Y76.419 E0.03009
G1 X109.692 Y77.084 E0.03009
G1 X110.122 Y77.764 E0.03009
G1 X110.528 Y78.458 E0.03009
G1 X110.910 Y79.165 E0.03009
G1 X111.267 Y79.886 E0.03009
G1 X111.600 Y80.618 E0.03009
G1 X111.908 Y81.361 E0.03009
G1 X112.190 Y82.114 E0.03009
G1 X112.447 Y82.876 E0.03009
G1 X112.677 Y83.646 E0.03009
G1 X112.880 Y84.424 E0.03009
G1 X113.057 Y85.209 E0.03009
G1 X113.208 Y85.999 E0.03009
G1 X113.331 Y86.793 E0.03009
G1 X113.427 Y87.592 E0.03009
G1 X113.495 Y88.393 E0.03009
G1 X113.536 Y89.196 E0.03009
G1 X113.550 Y90.000 E0.03009
G1 E-0.70000 F2100
G1 X114.000 Y90.000 F9000
G1 E0.70000 F1500
;TYPE:External perimeter
G1 F1800
G1 X114.000 Y90.000 E0.00000
G1 X113.987 Y90.802 E0.03001
G1 X113.946 Y91.603 E0.03001
G1 X113.879 Y92.402 E0.03001
G1 X113.786 Y93.199 E0.03001
G1 X113.666 Y93.992 E0.03001
G1 X113.519 Y94.780 E0.03001
G1 X113.346 Y95.564 E0.03001
G1 X113.147 Y96.341 E0.03001
G1 X112.922 Y97.111 E0.03001
G1 X112.672 Y97.873 E0.03001
G1 X112.396 Y98.626 E0.03001
G1 X112.096 Y99.369 E0.03001
G1 X111.770 Y100.102 E0.03001
G1 X111.420 Y100.824 E0.03001
G1 X111.047 Y101.534 E0.03001
G1 X110.650 Y102.231 E0.03001
G1 X110.229 Y102.914 E0.03001
G1 X109.787 Y103.583 E0.03001
G1 X109.322 Y104.236 E0.03001
G1 X108.835 Y104.874 E0.03001
G1 X108.328 Y105.495 E0.03001
G1 X107.800 Y106.099 E0.03001
G1 X107.252 Y106.685 E0.03001
G1 X106.685 Y107.252 E0.03001
G1 X106.099 Y107.800 E0.03001
G1 X105.495 Y108.328 E0.03001
G1 X104.874 Y108.835 E0.03001
G1 X104.236 Y109.322 E0.03001
G1 X103.583 Y109.787 E0.03001
G1 X102.914 Y110.229 E0.03001
G1 X102.231 Y110.650 E0.03001
G1 X101.534 Y111.047 E0.03001
G1 X100.824 Y111.420 E0.03001
G1 X100.102 Y111.770 E0.03001
G1 X99.369 Y112.096 E0.03001
G1 X98.626 Y112.396 E0.03001
G1 X97.873 Y112.672 E0.03001
G1 X97.111 Y112.922 E0.03001
G1 X96.341 Y113.147 E0.03001
G1 X95.564 Y113.346 E0.03001
G1 X94.780 Y113.519 E0.03001
G1 X93.992 Y113.666 E0.03001
G1 X93.199 Y113.786 E0.03001
G1 X92.402 Y113.879 E0.03001
G1 X91.603 Y113.946 E0.03001
G1 X90.802 Y113.987 E0.03001
G1 X90.000 Y114.000 E0.03001
G1 X89.198 Y113.987 E0.03001
G1 X88.397 Y113.946 E0.03001
G1 X87.598 Y113.879 E0.03001
G1 X86.801 Y113.786 E0.03001
G1 X86.008 Y113.666 E0.03001
G1 X85.220 Y113.519 E0.03001
G1 X84.436 Y113.346 E0.03001
G1 X83.659 Y113.147 E0.03001
G1 X82.889 Y112.922 E0.03001
G1 X82.127 Y112.672 E0.03001
G1 X81.374 Y112.396 E0.03001
G1 X80.631 Y112.096 E0.03001
G1 X79.898 Y111.770 E0.03001
G1 X79.176 Y111.420 E0.03001
G1 X78.466 Y111.047 E0.03001
G1 X77.769 Y110.650 E0.03001
G1 X77.086 Y110.229 E0.03001
G1 X76.417 Y109.787 E0.03001
G1 X75.764 Y109.322 E0.03001
G1 X75.126 Y108.835 E0.03001
G1 X74.505 Y108.328 E0.03001
G1 X73.901 Y107.800 E0.03001
G1 X73.315 Y107.252 E0.03001
G1 X72.748 Y106.685 E0.03001
G1 X72.200 Y106.099 E0.03001
G1 X71.672 Y105.495 E0.03001
G1 X71.165 Y104.874 E0.03001
G1 X70.678 Y104.236 E0.03001
G1 X70.213 Y103.583 E0.03001
G1 X69.771 Y102.914 E0.03001
G1 X69.350 Y102.231 E0.03001
G1 X68.953 Y101.534 E0.03001
M73 P62 R6
G1 X68.580 Y100.824 E0.03001
G1 X68.230 Y100.102 E0.03001
G1 X67.904 Y99.369 E0.03001
G1 X67.604 Y98.626 E0.03001
G1 X67.328 Y97.873 E0.03001
G1 X67.078 Y97.111 E0.03001
G1 X66.853 Y96.341 E0.03001
G1 X66.654 Y95.564 E0.03001
G1 X66.481 Y94.780 E0.03001
G1 X66.334 Y93.992 E0.03001
G1 X66.214 Y93.199 E0.03001
G1 X66.121 Y92.402 E0.03001
G1 X66.054 Y91.603 E0.03001
G1 X66.013 Y90.802 E0.03001
G1 X66.000 Y90.000 E0.03001
G1 X66.013 Y89.198 E0.03001
G1 X66.054 Y88.397 E0.03001
G1 X66.121 Y87.598 E0.03001
G1 X66.214 Y86.801 E0.03001
G1 X66.334 Y86.008 E0.03001
G1 X66.481 Y85.220 E0.03001
G1 X66.654 Y84.436 E0.03001
G1 X66.853 Y83.659 E0.03001
G1 X67.078 Y82.889 E0.03001
G1 X67.328 Y82.127 E0.03001
G1 X67.604 Y81.374 E0.03001
G1 X67.904 Y80.631 E0.03001
G1 X68.230 Y79.898 E0.03001
G1 X68.580 Y79.176 E0.03001
G1 X68.953 Y78.466 E0.03001
G1 X69.350 Y77.769 E0.03001
G1 X69.771 Y77.086 E0.03001
G1 X70.213 Y76.417 E0.03001
G1 X70.678 Y75.764 E0.03001
G1 X71.165 Y75.126 E0.03001
G1 X71.672 Y74.505 E0.03001
G1 X72.200 Y73.901 E0.03001
G1 X72.748 Y73.315 E0.03001
G1 X73.315 Y72.748 E0.03001
G1 X73.901 Y72.200 E0.03001
G1 X74.505 Y71.672 E0.03001
G1 X75.126 Y71.165 E0.03001
G1 X75.764 Y70.678 E0.03001
G1 X76.417 Y70.213 E0.03001
G1 X77.086 Y69.771 E0.03001
G1 X77.769 Y69.350 E0.03001
G1 X78.466 Y68.953 E0.03001
G1 X79.176 Y68.580 E0.03001
G1 X79.898 Y68.230 E0.03001
G1 X80.631 Y67.904 E0.03001
G1 X81.374 Y67.604 E0.03001
G1 X82.127 Y67.328 E0.03001
G1 X82.889 Y67.078 E0.03001
G1 X83.659 Y66.853 E0.03001
G1 X84.436 Y66.654 E0.03001
G1 X85.220 Y66.481 E0.03001
G1 X86.008 Y66.334 E0.03001
G1 X86.801 Y66.214 E0.03001
G1 X87.598 Y66.121 E0.03001
G1 X88.397 Y66.054 E0.03001
G1 X89.198 Y66.013 E0.03001
G1 X90.000 Y66.000 E0.03001
G1 X90.802 Y66.013 E0.03001
G1 X91.603 Y66.054 E0.03001
G1 X92.402 Y66.121 E0.03001
G1 X93.199 Y66.214 E0.03001
G1 X93.992 Y66.334 E0.03001
G1 X94.780 Y66.481 E0.03001
G1 X95.564 Y66.654 E0.03001
G1 X96.341 Y66.853 E0.03001
G1 X97.111 Y67.078 E0.03001
G1 X97.873 Y67.328 E0.03001
G1 X98.626 Y67.604 E0.03001
G1 X99.369 Y67.904 E0.03001
G1 X100.102 Y68.230 E0.03001
G1 X100.824 Y68.580 E0.03001
G1 X101.534 Y68.953 E0.03001
G1 X102.231 Y69.350 E0.03001
G1 X102.914 Y69.771 E0.03001
G1 X103.583 Y70.213 E0.03001
G1 X104.236 Y70.678 E0.03001
G1 X104.874 Y71.165 E0.03001
G1 X105.495 Y71.672 E0.03001
G1 X106.099 Y72.200 E0.03001
G1 X106.685 Y72.748 E0.03001
G1 X107.252 Y73.315 E0.03001
G1 X107.800 Y73.901 E0.03001
G1 X108.328 Y74.505 E0.03001
G1 X108.835 Y75.126 E0.03001
G1 X109.322 Y75.764 E0.03001
G1 X109.787 Y76.417 E0.03001
G1 X110.229 Y77.086 E0.03001
G1 X110.650 Y77.769 E0.03001
G1 X111.047 Y78.466 E0.03001
G1 X111.420 Y79.176 E0.03001
G1 X111.770 Y79.898 E0.03001
G1 X112.096 Y80.631 E0.03001
G1 X112.396 Y81.374 E0.03001
G1 X112.672 Y82.127 E0.03001
G1 X112.922 Y82.889 E0.03001
G1 X113.147 Y83.659 E0.03001
G1 X113.346 Y84.436 E0.03001
G1 X113.519 Y85.220 E0.03001
G1 X113.666 Y86.008 E0.03001
G1 X113.786 Y86.801 E0.03001
G1 X113.879 Y87.598 E0.03001
G1 X113.946 Y88.397 E0.03001
G1 X113.987 Y89.198 E0.03001
G1 X114.000 Y90.000 E0.03001
G1 E-0.70000 F2100
G1 X69.279 Y79.290 F9000
G1 E0.70000 F1500
;TYPE:Internal infill
G1 F5400
G1 X79.290 Y69.279 E0.52972
G1 X84.298 Y67.383 E0.20037
G1 X67.383 Y84.298 E0.89507
G1 X66.758 Y88.034 E0.14173
G1 X88.034 Y66.758 E1.12583
G1 X91.197 Y66.706 E0.11839
G1 X66.706 Y91.197 E1.29600
G1 X67.020 Y93.995 E0.10533
G1 X93.995 Y67.020 E1.42742
G1 X96.521 Y67.605 E0.09702
G1 X67.605 Y96.521 E1.53011
G1 X68.410 Y98.827 E0.09141
G1 X98.827 Y68.410 E1.60958
G1 X100.945 Y69.403 E0.08754
G1 X69.403 Y100.945 E1.66914
G1 X70.564 Y102.895 E0.08492
G1 X102.895 Y70.564 E1.71087
G1 X104.689 Y71.881 E0.08328
G1 X71.881 Y104.689 E1.73607
G1 X73.348 Y106.333 E0.08245
G1 X106.333 Y73.348 E1.74545
G1 X107.831 Y74.963 E0.08238
G1 X74.963 Y107.831 E1.73926
M73 P63 R6
G1 X76.725 Y109.179 E0.08305
G1 X109.179 Y76.725 E1.71734
G1 X110.373 Y78.643 E0.08451
G1 X78.643 Y110.373 E1.67907
G1 X80.725 Y111.402 E0.08691
G1 X111.402 Y80.725 E1.62330
G1 X112.247 Y82.991 E0.09049
G1 X82.991 Y112.247 E1.54812
G1 X85.469 Y112.881 E0.09569
G1 X112.881 Y85.469 E1.45054
G1 X113.256 Y88.205 E0.10334
G1 X88.205 Y113.256 E1.32561
G1 X91.282 Y113.290 E0.11515
G1 X113.290 Y91.282 E1.16456
G1 X112.810 Y94.873 E0.13555
G1 X94.873 Y112.810 E0.94918
G1 X99.485 Y111.309 E0.18149
G1 X111.309 Y99.485 E0.62569
;LAYER_CHANGE
;Z:13.20
;HEIGHT:0.2
G1 E-0.70000 F2100
G1 Z13.400 F720
G1 X113.550 Y90.000 F9000
G1 Z13.200 F720
G1 E0.70000 F1500
;TYPE:Perimeter
;WIDTH:0.45
G1 F2400
G1 X113.550 Y90.000 E0.00000
G1 X113.536 Y90.804 E0.03009
G1 X113.495 Y91.607 E0.03009
G1 X113.427 Y92.408 E0.03009
G1 X113.331 Y93.207 E0.03009
G1 X113.208 Y94.001 E0.03009
G1 X113.057 Y94.791 E0.03009
G1 X112.880 Y95.576 E0.03009
G1 X112.677 Y96.354 E0.03009
G1 X112.447 Y97.124 E0.03009
G1 X112.190 Y97.886 E0.03009
G1 X111.908 Y98.639 E0.03009
G1 X111.600 Y99.382 E0.03009
G1 X111.267 Y100.114 E0.03009
G1 X110.910 Y100.835 E0.03009
G1 X110.528 Y101.542 E0.03009
G1 X110.122 Y102.236 E0.03009
G1 X109.692 Y102.916 E0.03009
G1 X109.240 Y103.581 E0.03009
G1 X108.765 Y104.230 E0.03009
G1 X108.268 Y104.862 E0.03009
G1 X107.750 Y105.477 E0.03009
G1 X107.211 Y106.074 E0.03009
G1 X106.652 Y106.652 E0.03009
G1 X106.074 Y107.211 E0.03009
G1 X105.477 Y107.750 E0.03009
G1 X104.862 Y108.268 E0.03009
G1 X104.230 Y108.765 E0.03009
G1 X103.581 Y109.240 E0.03009
G1 X102.916 Y109.692 E0.03009
G1 X102.236 Y110.122 E0.03009
G1 X101.542 Y110.528 E0.03009
G1 X100.835 Y110.910 E0.03009
G1 X100.114 Y111.267 E0.03009
G1 X99.382 Y111.600 E0.03009
G1 X98.639 Y111.908 E0.03009
G1 X97.886 Y112.190 E0.03009
G1 X97.124 Y112.447 E0.03009
G1 X96.354 Y112.677 E0.03009
G1 X95.576 Y112.880 E0.03009
G1 X94.791 Y113.057 E0.03009
G1 X94.001 Y113.208 E0.03009
G1 X93.207 Y113.331 E0.03009
G1 X92.408 Y113.427 E0.03009
G1 X91.607 Y113.495 E0.03009
G1 X90.804 Y113.536 E0.03009
G1 X90.000 Y113.550 E0.03009
G1 X89.196 Y113.536 E0.03009
G1 X88.393 Y113.495 E0.03009
G1 X87.592 Y113.427 E0.03009
G1 X86.793 Y113.331 E0.03009
G1 X85.999 Y113.208 E0.03009
G1 X85.209 Y113.057 E0.03009
G1 X84.424 Y112.880 E0.03009
G1 X83.646 Y112.677 E0.03009
G1 X82.876 Y112.447 E0.03009
G1 X82.114 Y112.190 E0.03009
G1 X81.361 Y111.908 E0.03009
G1 X80.618 Y111.600 E0.03009
G1 X79.886 Y111.267 E0.03009
G1 X79.165 Y110.910 E0.03009
G1 X78.458 Y110.528 E0.03009
G1 X77.764 Y110.122 E0.03009
G1 X77.084 Y109.692 E0.03009
G1 X76.419 Y109.240 E0.03009
G1 X75.770 Y108.765 E0.03009
G1 X75.138 Y108.268 E0.03009
G1 X74.523 Y107.750 E0.03009
G1 X73.926 Y107.211 E0.03009
G1 X73.348 Y106.652 E0.03009
G1 X72.789 Y106.074 E0.03009
G1 X72.250 Y105.477 E0.03009
G1 X71.732 Y104.862 E0.03009
G1 X71.235 Y104.230 E0.03009
G1 X70.760 Y103.581 E0.03009
G1 X70.308 Y102.916 E0.03009
G1 X69.878 Y102.236 E0.03009
G1 X69.472 Y101.542 E0.03009
G1 X69.090 Y100.835 E0.03009
G1 X68.733 Y100.114 E0.03009
G1 X68.400 Y99.382 E0.03009
G1 X68.092 Y98.639 E0.03009
G1 X67.810 Y97.886 E0.03009
G1 X67.553 Y97.124 E0.03009
G1 X67.323 Y96.354 E0.03009
G1 X67.120 Y95.576 E0.03009
G1 X66.943 Y94.791 E0.03009
G1 X66.792 Y94.001 E0.03009
G1 X66.669 Y93.207 E0.03009
G1 X66.573 Y92.408 E0.03009
G1 X66.505 Y91.607 E0.03009
G1 X66.464 Y90.804 E0.03009
G1 X66.450 Y90.000 E0.03009
G1 X66.464 Y89.196 E0.03009
G1 X66.505 Y88.393 E0.03009
G1 X66.573 Y87.592 E0.03009
G1 X66.669 Y86.793 E0.03009
G1 X66.792 Y85.999 E0.03009
G1 X66.943 Y85.209 E0.03009
G1 X67.120 Y84.424 E0.03009
G1 X67.323 Y83.646 E0.03009
G1 X67.553 Y82.876 E0.03009
G1 X67.810 Y82.114 E0.03009
G1 X68.092 Y81.361 E0.03009
G1 X68.400 Y80.618 E0.03009
G1 X68.733 Y79.886 E0.03009
G1 X69.090 Y79.165 E0.03009
G1 X69.472 Y78.458 E0.03009
G1 X69.878 Y77.764 E0.03009
G1 X70.308 Y77.084 E0.03009
G1 X70.760 Y76.419 E0.03009
G1 X71.235 Y75.770 E0.03009
G1 X71.732 Y75.138 E0.03009
G1 X72.250 Y74.523 E0.03009
G1 X72.789 Y73.926 E0.03009
G1 X73.348 Y73.348 E0.03009
G1 X73.926 Y72.789 E0.03009
G1 X74.523 Y72.250 E0.03009
G1 X75.138 Y71.732 E0.03009
G1 X75.770 Y71.235 E0.03009
G1 X76.419 Y70.760 E0.03009
G1 X77.084 Y70.308 E0.03009
G1 X77.764 Y69.878 E0.03009
G1 X78.458 Y69.472 E0.03009
G1 X79.165 Y69.090 E0.03009
G1 X79.886 Y68.733 E0.03009
G1 X80.618 Y68.400 E0.03009
G1 X81.361 Y68.092 E0.03009
G1 X82.114 Y67.810 E0.03009
G1 X82.876 Y67.553 E0.03009
G1 X83.646 Y67.323 E0.03009
G1 X84.424 Y67.120 E0.03009
G1 X85.209 Y66.943 E0.03009
G1 X85.999 Y66.792 E0.03009
G1 X86.793 Y66.669 E0.03009
G1 X87.592 Y66.573 E0.03009
G1 X88.393 Y66.505 E0.03009
G1 X89.196 Y66.464 E0.03009
G1 X90.000 Y66.450 E0.03009
G1 X90.804 Y66.464 E0.03009
G1 X91.607 Y66.505 E0.03009
G1 X92.408 Y66.573 E0.03009
G1 X93.207 Y66.669 E0.03009
G1 X94.001 Y66.792 E0.03009
G1 X94.791 Y66.943 E0.03009
G1 X95.576 Y67.120 E0.03009
G1 X96.354 Y67.323 E0.03009
G1 X97.124 Y67.553 E0.03009
G1 X97.886 Y67.810 E0.03009
G1 X98.639 Y68.092 E0.03009
G1 X99.382 Y68.400 E0.03009
G1 X100.114 Y68.733 E0.03009
G1 X100.835 Y69.090 E0.03009
G1 X101.542 Y69.472 E0.03009
G1 X102.236 Y69.878 E0.03009
G1 X102.916 Y70.308 E0.03009
G1 X103.581 Y70.760 E0.03009
G1 X104.230 Y71.235 E0.03009
G1 X104.862 Y71.732 E0.03009
G1 X105.477 Y72.250 E0.03009
G1 X106.074 Y72.789 E0.03009
G1 X106.652 Y73.348 E0.03009
G1 X107.211 Y73.926 E0.03009
G1 X107.750 Y74.523 E0.03009
G1 X108.268 Y75.138 E0.03009
G1 X108.765 Y75.770 E0.03009
G1 X109.240 Y76.419 E0.03009
G1 X109.692 Y77.084 E0.03009
G1 X110.122 Y77.764 E0.03009
G1 X110.528 Y78.458 E0.03009
G1 X110.910 Y79.165 E0.03009
G1 X111.267 Y79.886 E0.03009
G1 X111.600 Y80.618 E0.03009
G1 X111.908 Y81.361 E0.03009
G1 X112.190 Y82.114 E0.03009
G1 X112.447 Y82.876 E0.03009
G1 X112.677 Y83.646 E0.03009
G1 X112.880 Y84.424 E0.03009
G1 X113.057 Y85.209 E0.03009
G1 X113.208 Y85.999 E0.03009
G1 X113.331 Y86.793 E0.03009
G1 X113.427 Y87.592 E0.03009
G1 X113.495 Y88.393 E0.03009
G1 X113.536 Y89.196 E0.03009
G1 X113.550 Y90.000 E0.03009
G1 E-0.70000 F2100
G1 X114.000 Y90.000 F9000
G1 E0.70000 F1500
;TYPE:External perimeter
G1 F1800
G1 X114.000 Y90.000 E0.00000
G1 X113.987 Y90.802 E0.03001
G1 X113.946 Y91.603 E0.03001
G1 X113.879 Y92.402 E0.03001
G1 X113.786 Y93.199 E0.03001
G1 X113.666 Y93.992 E0.03001
G1 X113.519 Y94.780 E0.03001
G1 X113.346 Y95.564 E0.03001
G1 X113.147 Y96.341 E0.03001
G1 X112.922 Y97.111 E0.03001
G1 X112.672 Y97.873 E0.03001
G1 X112.396 Y98.626 E0.03001
G1 X112.096 Y99.369 E0.03001
G1 X111.770 Y100.102 E0.03001
G1 X111.420 Y100.824 E0.03001
G1 X111.047 Y101.534 E0.03001
G1 X110.650 Y102.231 E0.03001
G1 X110.229 Y102.914 E0.03001
G1 X109.787 Y103.583 E0.03001
G1 X109.322 Y104.236 E0.03001
G1 X108.835 Y104.874 E0.03001
G1 X108.328 Y105.495 E0.03001
G1 X107.800 Y106.099 E0.03001
G1 X107.252 Y106.685 E0.03001
G1 X106.685 Y107.252 E0.03001
G1 X106.099 Y107.800 E0.03001
M73 P64 R6
G1 X105.495 Y108.328 E0.03001
G1 X104.874 Y108.835 E0.03001
G1 X104.236 Y109.322 E0.03001
G1 X103.583 Y109.787 E0.03001
G1 X102.914 Y110.229 E0.03001
G1 X102.231 Y110.650 E0.03001
G1 X101.534 Y111.047 E0.03001
G1 X100.824 Y111.420 E0.03001
G1 X100.102 Y111.770 E0.03001
G1 X99.369 Y112.096 E0.03001
G1 X98.626 Y112.396 E0.03001
G1 X97.873 Y112.672 E0.03001
G1 X97.111 Y112.922 E0.03001
G1 X96.341 Y113.147 E0.03001
G1 X95.564 Y113.346 E0.03001
G1 X94.780 Y113.519 E0.03001
G1 X93.992 Y113.666 E0.03001
G1 X93.199 Y113.786 E0.03001
G1 X92.402 Y113.879 E0.03001
G1 X91.603 Y113.946 E0.03001
G1 X90.802 Y113.987 E0.03001
G1 X90.000 Y114.000 E0.03001
G1 X89.198 Y113.987 E0.03001
G1 X88.397 Y113.946 E0.03001
G1 X87.598 Y113.879 E0.03001
G1 X86.801 Y113.786 E0.03001
G1 X86.008 Y113.666 E0.03001
G1 X85.220 Y113.519 E0.03001
G1 X84.436 Y113.346 E0.03001
G1 X83.659 Y113.147 E0.03001
G1 X82.889 Y112.922 E0.03001
G1 X82.127 Y112.672 E0.03001
G1 X81.374 Y112.396 E0.03001
G1 X80.631 Y112.096 E0.03001
G1 X79.898 Y111.770 E0.03001
G1 X79.176 Y111.420 E0.03001
G1 X78.466 Y111.047 E0.03001
G1 X77.769 Y110.650 E0.03001
G1 X77.086 Y110.229 E0.03001
G1 X76.417 Y109.787 E0.03001
G1 X75.764 Y109.322 E0.03001
G1 X75.126 Y108.835 E0.03001
G1 X74.505 Y108.328 E0.03001
G1 X73.901 Y107.800 E0.03001
G1 X73.315 Y107.252 E0.03001
G1 X72.748 Y106.685 E0.03001
G1 X72.200 Y106.099 E0.03001
G1 X71.672 Y105.495 E0.03001
G1 X71.165 Y104.874 E0.03001
G1 X70.678 Y104.236 E0.03001
G1 X70.213 Y103.583 E0.03001
G1 X69.771 Y102.914 E0.03001
G1 X69.350 Y102.231 E0.03001
G1 X68.953 Y101.534 E0.03001
G1 X68.580 Y100.824 E0.03001
G1 X68.230 Y100.102 E0.03001
G1 X67.904 Y99.369 E0.03001
G1 X67.604 Y98.626 E0.03001
G1 X67.328 Y97.873 E0.03001
G1 X67.078 Y97.111 E0.03001
G1 X66.853 Y96.341 E0.03001
G1 X66.654 Y95.564 E0.03001
G1 X66.481 Y94.780 E0.03001
G1 X66.334 Y93.992 E0.03001
G1 X66.214 Y93.199 E0.03001
G1 X66.121 Y92.402 E0.03001
G1 X66.054 Y91.603 E0.03001
G1 X66.013 Y90.802 E0.03001
G1 X66.000 Y90.000 E0.03001
G1 X66.013 Y89.198 E0.03001
G1 X66.054 Y88.397 E0.03001
G1 X66.121 Y87.598 E0.03001
G1 X66.214 Y86.801 E0.03001
G1 X66.334 Y86.008 E0.03001
G1 X66.481 Y85.220 E0.03001
G1 X66.654 Y84.436 E0.03001
G1 X66.853 Y83.659 E0.03001
G1 X67.078 Y82.889 E0.03001
G1 X67.328 Y82.127 E0.03001
G1 X67.604 Y81.374 E0.03001
G1 X67.904 Y80.631 E0.03001
G1 X68.230 Y79.898 E0.03001
G1 X68.580 Y79.176 E0.03001
G1 X68.953 Y78.466 E0.03001
G1 X69.350 Y77.769 E0.03001
G1 X69.771 Y77.086 E0.03001
G1 X70.213 Y76.417 E0.03001
G1 X70.678 Y75.764 E0.03001
G1 X71.165 Y75.126 E0.03001
G1 X71.672 Y74.505 E0.03001
G1 X72.200 Y73.901 E0.03001
G1 X72.748 Y73.315 E0.03001
G1 X73.315 Y72.748 E0.03001
G1 X73.901 Y72.200 E0.03001
G1 X74.505 Y71.672 E0.03001
G1 X75.126 Y71.165 E0.03001
G1 X75.764 Y70.678 E0.03001
G1 X76.417 Y70.213 E0.03001
G1 X77.086 Y69.771 E0.03001
G1 X77.769 Y69.350 E0.03001
G1 X78.466 Y68.953 E0.03001
G1 X79.176 Y68.580 E0.03001
G1 X79.898 Y68.230 E0.03001
G1 X80.631 Y67.904 E0.03001
G1 X81.374 Y67.604 E0.03001
G1 X82.127 Y67.328 E0.03001
G1 X82.889 Y67.078 E0.03001
G1 X83.659 Y66.853 E0.03001
G1 X84.436 Y66.654 E0.03001
G1 X85.220 Y66.481 E0.03001
G1 X86.008 Y66.334 E0.03001
G1 X86.801 Y66.214 E0.03001
G1 X87.598 Y66.121 E0.03001
G1 X88.397 Y66.054 E0.03001
G1 X89.198 Y66.013 E0.03001
G1 X90.000 Y66.000 E0.03001
G1 X90.802 Y66.013 E0.03001
G1 X91.603 Y66.054 E0.03001
G1 X92.402 Y66.121 E0.03001
G1 X93.199 Y66.214 E0.03001
G1 X93.992 Y66.334 E0.03001
G1 X94.780 Y66.481 E0.03001
G1 X95.564 Y66.654 E0.03001
G1 X96.341 Y66.853 E0.03001
G1 X97.111 Y67.078 E0.03001
G1 X97.873 Y67.328 E0.03001
G1 X98.626 Y67.604 E0.03001
G1 X99.369 Y67.904 E0.03001
G1 X100.102 Y68.230 E0.03001
G1 X100.824 Y68.580 E0.03001
G1 X101.534 Y68.953 E0.03001
G1 X102.231 Y69.350 E0.03001
G1 X102.914 Y69.771 E0.03001
G1 X103.583 Y70.213 E0.03001
G1 X104.236 Y70.678 E0.03001
G1 X104.874 Y71.165 E0.03001
G1 X105.495 Y71.672 E0.03001
G1 X106.099 Y72.200 E0.03001
G1 X106.685 Y72.748 E0.03001
G1 X107.252 Y73.315 E0.03001
G1 X107.800 Y73.901 E0.03001
G1 X108.328 Y74.505 E0.03001
G1 X108.835 Y75.126 E0.03001
G1 X109.322 Y75.764 E0.03001
G1 X109.787 Y76.417 E0.03001
G1 X110.229 Y77.086 E0.03001
G1 X110.650 Y77.769 E0.03001
G1 X111.047 Y78.466 E0.03001
G1 X111.420 Y79.176 E0.03001
G1 X111.770 Y79.898 E0.03001
G1 X112.096 Y80.631 E0.03001
G1 X112.396 Y81.374 E0.03001
G1 X112.672 Y82.127 E0.03001
G1 X112.922 Y82.889 E0.03001
G1 X113.147 Y83.659 E0.03001
G1 X113.346 Y84.436 E0.03001
G1 X113.519 Y85.220 E0.03001
G1 X113.666 Y86.008 E0.03001
G1 X113.786 Y86.801 E0.03001
G1 X113.879 Y87.598 E0.03001
G1 X113.946 Y88.397 E0.03001
G1 X113.987 Y89.198 E0.03001
G1 X114.000 Y90.000 E0.03001
G1 E-0.70000 F2100
G1 X100.710 Y69.279 F9000
G1 E0.70000 F1500
;TYPE:Internal infill
G1 F5400
G1 X110.721 Y79.290 E0.52972
G1 X112.617 Y84.298 E0.20037
G1 X95.702 Y67.383 E0.89507
G1 X91.966 Y66.758 E0.14173
G1 X113.242 Y88.034 E1.12583
G1 X113.294 Y91.197 E0.11839
G1 X88.803 Y66.706 E1.29600
G1 X86.005 Y67.020 E0.10533
G1 X112.980 Y93.995 E1.42742
G1 X112.395 Y96.521 E0.09702
G1 X83.479 Y67.605 E1.53011
G1 X81.173 Y68.410 E0.09141
G1 X111.590 Y98.827 E1.60958
G1 X110.597 Y100.945 E0.08754
G1 X79.055 Y69.403 E1.66914
G1 X77.105 Y70.564 E0.08492
G1 X109.436 Y102.895 E1.71087
G1 X108.119 Y104.689 E0.08328
M73 P65 R6
G1 X75.311 Y71.881 E1.73607
G1 X73.667 Y73.348 E0.08245
G1 X106.652 Y106.333 E1.74545
G1 X105.037 Y107.831 E0.08238
G1 X72.169 Y74.963 E1.73926
G1 X70.821 Y76.725 E0.08305
G1 X103.275 Y109.179 E1.71734
G1 X101.357 Y110.373 E0.08451
G1 X69.627 Y78.643 E1.67907
G1 X68.598 Y80.725 E0.08691
G1 X99.275 Y111.402 E1.62330
G1 X97.009 Y112.247 E0.09049
G1 X67.753 Y82.991 E1.54812
G1 X67.119 Y85.469 E0.09569
G1 X94.531 Y112.881 E1.45054
G1 X91.795 Y113.256 E0.10334
G1 X66.744 Y88.205 E1.32561
G1 X66.710 Y91.282 E0.11515
G1 X88.718 Y113.290 E1.16456
G1 X85.127 Y112.810 E0.13555
G1 X67.190 Y94.873 E0.94918
G1 X68.691 Y99.485 E0.18149
G1 X80.515 Y111.309 E0.62569
;LAYER_CHANGE
;Z:13.40
;HEIGHT:0.2
G1 E-0.70000 F2100
G1 Z13.600 F720
G1 X113.550 Y90.000 F9000
G1 Z13.400 F720
G1 E0.70000 F1500
;TYPE:Perimeter
;WIDTH:0.45
G1 F2400
G1 X113.550 Y90.000 E0.00000
G1 X113.536 Y90.804 E0.03009
G1 X113.495 Y91.607 E0.03009
G1 X113.427 Y92.408 E0.03009
G1 X113.331 Y93.207 E0.03009
G1 X113.208 Y94.001 E0.03009
G1 X113.057 Y94.791 E0.03009
G1 X112.880 Y95.576 E0.03009
G1 X112.677 Y96.354 E0.03009
G1 X112.447 Y97.124 E0.03009
G1 X112.190 Y97.886 E0.03009
G1 X111.908 Y98.639 E0.03009
G1 X111.600 Y99.382 E0.03009
G1 X111.267 Y100.114 E0.03009
G1 X110.910 Y100.835 E0.03009
G1 X110.528 Y101.542 E0.03009
G1 X110.122 Y102.236 E0.03009
G1 X109.692 Y102.916 E0.03009
G1 X109.240 Y103.581 E0.03009
G1 X108.765 Y104.230 E0.03009
G1 X108.268 Y104.862 E0.03009
G1 X107.750 Y105.477 E0.03009
G1 X107.211 Y106.074 E0.03009
G1 X106.652 Y106.652 E0.03009
G1 X106.074 Y107.211 E0.03009
G1 X105.477 Y107.750 E0.03009
G1 X104.862 Y108.268 E0.03009
G1 X104.230 Y108.765 E0.03009
G1 X103.581 Y109.240 E0.03009
G1 X102.916 Y109.692 E0.03009
G1 X102.236 Y110.122 E0.03009
G1 X101.542 Y110.528 E0.03009
G1 X100.835 Y110.910 E0.03009
G1 X100.114 Y111.267 E0.03009
G1 X99.382 Y111.600 E0.03009
G1 X98.639 Y111.908 E0.03009
G1 X97.886 Y112.190 E0.03009
G1 X97.124 Y112.447 E0.03009
G1 X96.354 Y112.677 E0.03009
G1 X95.576 Y112.880 E0.03009
G1 X94.791 Y113.057 E0.03009
G1 X94.001 Y113.208 E0.03009
G1 X93.207 Y113.331 E0.03009
G1 X92.408 Y113.427 E0.03009
G1 X91.607 Y113.495 E0.03009
G1 X90.804 Y113.536 E0.03009
G1 X90.000 Y113.550 E0.03009
G1 X89.196 Y113.536 E0.03009
G1 X88.393 Y113.495 E0.03009
G1 X87.592 Y113.427 E0.03009
G1 X86.793 Y113.331 E0.03009
G1 X85.999 Y113.208 E0.03009
G1 X85.209 Y113.057 E0.03009
G1 X84.424 Y112.880 E0.03009
G1 X83.646 Y112.677 E0.03009
G1 X82.876 Y112.447 E0.03009
G1 X82.114 Y112.190 E0.03009
G1 X81.361 Y111.908 E0.03009
G1 X80.618 Y111.600 E0.03009
G1 X79.886 Y111.267 E0.03009
G1 X79.165 Y110.910 E0.03009
G1 X78.458 Y110.528 E0.03009
G1 X77.764 Y110.122 E0.03009
G1 X77.084 Y109.692 E0.03009
G1 X76.419 Y109.240 E0.03009
G1 X75.770 Y108.765 E0.03009
G1 X75.138 Y108.268 E0.03009
G1 X74.523 Y107.750 E0.03009
G1 X73.926 Y107.211 E0.03009
G1 X73.348 Y106.652 E0.03009
G1 X72.789 Y106.074 E0.03009
G1 X72.250 Y105.477 E0.03009
G1 X71.732 Y104.862 E0.03009
G1 X71.235 Y104.230 E0.03009
G1 X70.760 Y103.581 E0.03009
G1 X70.308 Y102.916 E0.03009
G1 X69.878 Y102.236 E0.03009
G1 X69.472 Y101.542 E0.03009
G1 X69.090 Y100.835 E0.03009
G1 X68.733 Y100.114 E0.03009
G1 X68.400 Y99.382 E0.03009
G1 X68.092 Y98.639 E0.03009
G1 X67.810 Y97.886 E0.03009
G1 X67.553 Y97.124 E0.03009
G1 X67.323 Y96.354 E0.03009
G1 X67.120 Y95.576 E0.03009
G1 X66.943 Y94.791 E0.03009
G1 X66.792 Y94.001 E0.03009
G1 X66.669 Y93.207 E0.03009
G1 X66.573 Y92.408 E0.03009
G1 X66.505 Y91.607 E0.03009
G1 X66.464 Y90.804 E0.03009
G1 X66.450 Y90.000 E0.03009
G1 X66.464 Y89.196 E0.03009
G1 X66.505 Y88.393 E0.03009
G1 X66.573 Y87.592 E0.03009
G1 X66.669 Y86.793 E0.03009
G1 X66.792 Y85.999 E0.03009
G1 X66.943 Y85.209 E0.03009
G1 X67.120 Y84.424 E0.03009
G1 X67.323 Y83.646 E0.03009
G1 X67.553 Y82.876 E0.03009
G1 X67.810 Y82.114 E0.03009
G1 X68.092 Y81.361 E0.03009
G1 X68.400 Y80.618 E0.03009
G1 X68.733 Y79.886 E0.03009
G1 X69.090 Y79.165 E0.03009
G1 X69.472 Y78.458 E0.03009
G1 X69.878 Y77.764 E0.03009
G1 X70.308 Y77.084 E0.03009
G1 X70.760 Y76.419 E0.03009
G1 X71.235 Y75.770 E0.03009
G1 X71.732 Y75.138 E0.03009
G1 X72.250 Y74.523 E0.03009
G1 X72.789 Y73.926 E0.03009
G1 X73.348 Y73.348 E0.03009
G1 X73.926 Y72.789 E0.03009
G1 X74.523 Y72.250 E0.03009
G1 X75.138 Y71.732 E0.03009
G1 X75.770 Y71.235 E0.03009
G1 X76.419 Y70.760 E0.03009
G1 X77.084 Y70.308 E0.03009
G1 X77.764 Y69.878 E0.03009
G1 X78.458 Y69.472 E0.03009
G1 X79.165 Y69.090 E0.03009
G1 X79.886 Y68.733 E0.03009
G1 X80.618 Y68.400 E0.03009
G1 X81.361 Y68.092 E0.03009
G1 X82.114 Y67.810 E0.03009
G1 X82.876 Y67.553 E0.03009
G1 X83.646 Y67.323 E0.03009
G1 X84.424 Y67.120 E0.03009
G1 X85.209 Y66.943 E0.03009
G1 X85.999 Y66.792 E0.03009
G1 X86.793 Y66.669 E0.03009
G1 X87.592 Y66.573 E0.03009
G1 X88.393 Y66.505 E0.03009
G1 X89.196 Y66.464 E0.03009
G1 X90.000 Y66.450 E0.03009
G1 X90.804 Y66.464 E0.03009
G1 X91.607 Y66.505 E0.03009
G1 X92.408 Y66.573 E0.03009
G1 X93.207 Y66.669 E0.03009
G1 X94.001 Y66.792 E0.03009
G1 X94.791 Y66.943 E0.03009
G1 X95.576 Y67.120 E0.03009
G1 X96.354 Y67.323 E0.03009
M73 P66 R6
G1 X97.124 Y67.553 E0.03009
G1 X97.886 Y67.810 E0.03009
G1 X98.639 Y68.092 E0.03009
G1 X99.382 Y68.400 E0.03009
G1 X100.114 Y68.733 E0.03009
G1 X100.835 Y69.090 E0.03009
G1 X101.542 Y69.472 E0.03009
G1 X102.236 Y69.878 E0.03009
G1 X102.916 Y70.308 E0.03009
G1 X103.581 Y70.760 E0.03009
G1 X104.230 Y71.235 E0.03009
G1 X104.862 Y71.732 E0.03009
G1 X105.477 Y72.250 E0.03009
G1 X106.074 Y72.789 E0.03009
G1 X106.652 Y73.348 E0.03009
G1 X107.211 Y73.926 E0.03009
G1 X107.750 Y74.523 E0.03009
G1 X108.268 Y75.138 E0.03009
G1 X108.765 Y75.770 E0.03009
G1 X109.240 Y76.419 E0.03009
G1 X109.692 Y77.084 E0.03009
G1 X110.122 Y77.764 E0.03009
G1 X110.528 Y78.458 E0.03009
G1 X110.910 Y79.165 E0.03009
G1 X111.267 Y79.886 E0.03009
G1 X111.600 Y80.618 E0.03009
G1 X111.908 Y81.361 E0.03009
G1 X112.190 Y82.114 E0.03009
G1 X112.447 Y82.876 E0.03009
G1 X112.677 Y83.646 E0.03009
G1 X112.880 Y84.424 E0.03009
G1 X113.057 Y85.209 E0.03009
G1 X113.208 Y85.999 E0.03009
G1 X113.331 Y86.793 E0.03009
G1 X113.427 Y87.592 E0.03009
G1 X113.495 Y88.393 E0.03009
G1 X113.536 Y89.196 E0.03009
G1 X113.550 Y90.000 E0.03009
G1 E-0.70000 F2100
G1 X114.000 Y90.000 F9000
G1 E0.70000 F1500
;TYPE:External perimeter
G1 F1800
G1 X114.000 Y90.000 E0.00000
G1 X113.987 Y90.802 E0.03001
G1 X113.946 Y91.603 E0.03001
G1 X113.879 Y92.402 E0.03001
G1 X113.786 Y93.199 E0.03001
G1 X113.666 Y93.992 E0.03001
G1 X113.519 Y94.780 E0.03001
G1 X113.346 Y95.564 E0.03001
G1 X113.147 Y96.341 E0.03001
G1 X112.922 Y97.111 E0.03001
G1 X112.672 Y97.873 E0.03001
G1 X112.396 Y98.626 E0.03001
G1 X112.096 Y99.369 E0.03001
G1 X111.770 Y100.102 E0.03001
G1 X111.420 Y100.824 E0.03001
G1 X111.047 Y101.534 E0.03001
G1 X110.650 Y102.231 E0.03001
G1 X110.229 Y102.914 E0.03001
G1 X109.787 Y103.583 E0.03001
G1 X109.322 Y104.236 E0.03001
G1 X108.835 Y104.874 E0.03001
G1 X108.328 Y105.495 E0.03001
G1 X107.800 Y106.099 E0.03001
G1 X107.252 Y106.685 E0.03001
G1 X106.685 Y107.252 E0.03001
G1 X106.099 Y107.800 E0.03001
G1 X105.495 Y108.328 E0.03001
G1 X104.874 Y108.835 E0.03001
G1 X104.236 Y109.322 E0.03001
G1 X103.583 Y109.787 E0.03001
G1 X102.914 Y110.229 E0.03001
G1 X102.231 Y110.650 E0.03001
G1 X101.534 Y111.047 E0.03001
G1 X100.824 Y111.420 E0.03001
G1 X100.102 Y111.770 E0.03001
G1 X99.369 Y112.096 E0.03001
G1 X98.626 Y112.396 E0.03001
G1 X97.873 Y112.672 E0.03001
G1 X97.111 Y112.922 E0.03001
G1 X96.341 Y113.147 E0.03001
G1 X95.564 Y113.346 E0.03001
G1 X94.780 Y113.519 E0.03001
G1 X93.992 Y113.666 E0.03001
G1 X93.199 Y113.786 E0.03001
G1 X92.402 Y113.879 E0.03001
G1 X91.603 Y113.946 E0.03001
G1 X90.802 Y113.987 E0.03001
G1 X90.000 Y114.000 E0.03001
G1 X89.198 Y113.987 E0.03001
G1 X88.397 Y113.946 E0.03001
G1 X87.598 Y113.879 E0.03001
G1 X86.801 Y113.786 E0.03001
G1 X86.008 Y113.666 E0.03001
G1 X85.220 Y113.519 E0.03001
G1 X84.436 Y113.346 E0.03001
G1 X83.659 Y113.147 E0.03001
G1 X82.889 Y112.922 E0.03001
G1 X82.127 Y112.672 E0.03001
G1 X81.374 Y112.396 E0.03001
G1 X80.631 Y112.096 E0.03001
G1 X79.898 Y111.770 E0.03001
G1 X79.176 Y111.420 E0.03001
G1 X78.466 Y111.047 E0.03001
G1 X77.769 Y110.650 E0.03001
G1 X77.086 Y110.229 E0.03001
G1 X76.417 Y109.787 E0.03001
G1 X75.764 Y109.322 E0.03001
G1 X75.126 Y108.835 E0.03001
G1 X74.505 Y108.328 E0.03001
G1 X73.901 Y107.800 E0.03001
G1 X73.315 Y107.252 E0.03001
G1 X72.748 Y106.685 E0.03001
G1 X72.200 Y106.099 E0.03001
G1 X71.672 Y105.495 E0.03001
G1 X71.165 Y104.874 E0.03001
G1 X70.678 Y104.236 E0.03001
G1 X70.213 Y103.583 E0.03001
G1 X69.771 Y102.914 E0.03001
G1 X69.350 Y102.231 E0.03001
G1 X68.953 Y101.534 E0.03001
G1 X68.580 Y100.824 E0.03001
G1 X68.230 Y100.102 E0.03001
G1 X67.904 Y99.369 E0.03001
G1 X67.604 Y98.626 E0.03001
G1 X67.328 Y97.873 E0.03001
G1 X67.078 Y97.111 E0.03001
G1 X66.853 Y96.341 E0.03001
G1 X66.654 Y95.564 E0.03001
G1 X66.481 Y94.780 E0.03001
G1 X66.334 Y93.992 E0.03001
G1 X66.214 Y93.199 E0.03001
G1 X66.121 Y92.402 E0.03001
G1 X66.054 Y91.603 E0.03001
G1 X66.013 Y90.802 E0.03001
G1 X66.000 Y90.000 E0.03001
G1 X66.013 Y89.198 E0.03001
G1 X66.054 Y88.397 E0.03001
G1 X66.121 Y87.598 E0.03001
G1 X66.214 Y86.801 E0.03001
G1 X66.334 Y86.008 E0.03001
G1 X66.481 Y85.220 E0.03001
G1 X66.654 Y84.436 E0.03001
G1 X66.853 Y83.659 E0.03001
G1 X67.078 Y82.889 E0.03001
G1 X67.328 Y82.127 E0.03001
G1 X67.604 Y81.374 E0.03001
G1 X67.904 Y80.631 E0.03001
G1 X68.230 Y79.898 E0.03001
G1 X68.580 Y79.176 E0.03001
G1 X68.953 Y78.466 E0.03001
G1 X69.350 Y77.769 E0.03001
G1 X69.771 Y77.086 E0.03001
G1 X70.213 Y76.417 E0.03001
G1 X70.678 Y75.764 E0.03001
G1 X71.165 Y75.126 E0.03001
G1 X71.672 Y74.505 E0.03001
G1 X72.200 Y73.901 E0.03001
G1 X72.748 Y73.315 E0.03001
G1 X73.315 Y72.748 E0.03001
G1 X73.901 Y72.200 E0.03001
G1 X74.505 Y71.672 E0.03001
G1 X75.126 Y71.165 E0.03001
G1 X75.764 Y70.678 E0.03001
G1 X76.417 Y70.213 E0.03001
G1 X77.086 Y69.771 E0.03001
G1 X77.769 Y69.350 E0.03001
G1 X78.466 Y68.953 E0.03001
G1 X79.176 Y68.580 E0.03001
G1 X79.898 Y68.230 E0.03001
G1 X80.631 Y67.904 E0.03001
G1 X81.374 Y67.604 E0.03001
G1 X82.127 Y67.328 E0.03001
G1 X82.889 Y67.078 E0.03001
G1 X83.659 Y66.853 E0.03001
G1 X84.436 Y66.654 E0.03001
G1 X85.220 Y66.481 E0.03001
G1 X86.008 Y66.334 E0.03001
G1 X86.801 Y66.214 E0.03001
G1 X87.598 Y66.121 E0.03001
G1 X88.397 Y66.054 E0.03001
G1 X89.198 Y66.013 E0.03001
G1 X90.000 Y66.000 E0.03001
G1 X90.802 Y66.013 E0.03001
G1 X91.603 Y66.054 E0.03001
G1 X92.402 Y66.121 E0.03001
G1 X93.199 Y66.214 E0.03001
G1 X93.992 Y66.334 E0.03001
G1 X94.780 Y66.481 E0.03001
G1 X95.564 Y66.654 E0.03001
G1 X96.341 Y66.853 E0.03001
G1 X97.111 Y67.078 E0.03001
G1 X97.873 Y67.328 E0.03001
G1 X98.626 Y67.604 E0.03001
G1 X99.369 Y67.904 E0.03001
G1 X100.102 Y68.230 E0.03001
G1 X100.824 Y68.580 E0.03001
G1 X101.534 Y68.953 E0.03001
G1 X102.231 Y69.350 E0.03001
G1 X102.914 Y69.771 E0.03001
G1 X103.583 Y70.213 E0.03001
G1 X104.236 Y70.678 E0.03001
G1 X104.874 Y71.165 E0.03001
G1 X105.495 Y71.672 E0.03001
G1 X106.099 Y72.200 E0.03001
G1 X106.685 Y72.748 E0.03001
G1 X107.252 Y73.315 E0.03001
G1 X107.800 Y73.901 E0.03001
G1 X108.328 Y74.505 E0.03001
G1 X108.835 Y75.126 E0.03001
G1 X109.322 Y75.764 E0.03001
G1 X109.787 Y76.417 E0.03001
G1 X110.229 Y77.086 E0.03001
G1 X110.650 Y77.769 E0.03001
G1 X111.047 Y78.466 E0.03001
G1 X111.420 Y79.176 E0.03001
G1 X111.770 Y79.898 E0.03001
G1 X112.096 Y80.631 E0.03001
G1 X112.396 Y81.374 E0.03001
G1 X112.672 Y82.127 E0.03001
G1 X112.922 Y82.889 E0.03001
G1 X113.147 Y83.659 E0.03001
G1 X113.346 Y84.436 E0.03001
G1 X113.519 Y85.220 E0.03001
G1 X113.666 Y86.008 E0.03001
G1 X113.786 Y86.801 E0.03001
G1 X113.879 Y87.598 E0.03001
G1 X113.946 Y88.397 E0.03001
G1 X113.987 Y89.198 E0.03001
G1 X114.000 Y90.000 E0.03001
G1 E-0.70000 F2100
G1 X69.279 Y79.290 F9000
G1 E0.70000 F1500
;TYPE:Internal infill
G1 F5400
G1 X79.290 Y69.279 E0.52972
G1 X84.298 Y67.383 E0.20037
G1 X67.383 Y84.298 E0.89507
G1 X66.758 Y88.034 E0.14173
G1 X88.034 Y66.758 E1.12583
G1 X91.197 Y66.706 E0.11839
G1 X66.706 Y91.197 E1.29600
G1 X67.020 Y93.995 E0.10533
G1 X93.995 Y67.020 E1.42742
G1 X96.521 Y67.605 E0.09702
G1 X67.605 Y96.521 E1.53011
G1 X68.410 Y98.827 E0.09141
M73 P67 R5
G1 X98.827 Y68.410 E1.60958
G1 X100.945 Y69.403 E0.08754
G1 X69.403 Y100.945 E1.66914
G1 X70.564 Y102.895 E0.08492
G1 X102.895 Y70.564 E1.71087
G1 X104.689 Y71.881 E0.08328
G1 X71.881 Y104.689 E1.73607
G1 X73.348 Y106.333 E0.08245
G1 X106.333 Y73.348 E1.74545
G1 X107.831 Y74.963 E0.08238
G1 X74.963 Y107.831 E1.73926
G1 X76.725 Y109.179 E0.08305
G1 X109.179 Y76.725 E1.71734
G1 X110.373 Y78.643 E0.08451
G1 X78.643 Y110.373 E1.67907
G1 X80.725 Y111.402 E0.08691
G1 X111.402 Y80.725 E1.62330
G1 X112.247 Y82.991 E0.09049
G1 X82.991 Y112.247 E1.54812
G1 X85.469 Y112.881 E0.09569
G1 X112.881 Y85.469 E1.45054
G1 X113.256 Y88.205 E0.10334
G1 X88.205 Y113.256 E1.32561
G1 X91.282 Y113.290 E0.11515
G1 X113.290 Y91.282 E1.16456
G1 X112.810 Y94.873 E0.13555
G1 X94.873 Y112.810 E0.94918
G1 X99.485 Y111.309 E0.18149
G1 X111.309 Y99.485 E0.62569
;LAYER_CHANGE
;Z:13.60
;HEIGHT:0.2
G1 E-0.70000 F2100
G1 Z13.800 F720
G1 X113.540 Y90.000 F9000
G1 Z13.600 F720
G1 E0.70000 F1500
;TYPE:Perimeter
;WIDTH:0.45
G1 F2400
G1 X113.540 Y90.000 E0.00000
G1 X113.526 Y90.804 E0.03008
G1 X113.485 Y91.606 E0.03008
G1 X113.417 Y92.407 E0.03008
G1 X113.321 Y93.205 E0.03008
G1 X113.198 Y94.000 E0.03008
G1 X113.048 Y94.789 E0.03008
G1 X112.871 Y95.573 E0.03008
G1 X112.667 Y96.351 E0.03008
G1 X112.437 Y97.121 E0.03008
G1 X112.181 Y97.883 E0.03008
G1 X111.899 Y98.636 E0.03008
G1 X111.591 Y99.378 E0.03008
G1 X111.259 Y100.110 E0.03008
G1 X110.901 Y100.830 E0.03008
G1 X110.519 Y101.537 E0.03008
G1 X110.113 Y102.231 E0.03008
G1 X109.684 Y102.911 E0.03008
G1 X109.232 Y103.575 E0.03008
G1 X108.757 Y104.224 E0.03008
G1 X108.260 Y104.856 E0.03008
G1 X107.743 Y105.471 E0.03008
G1 X107.204 Y106.067 E0.03008
G1 X106.645 Y106.645 E0.03008
G1 X106.067 Y107.204 E0.03008
G1 X105.471 Y107.743 E0.03008
G1 X104.856 Y108.260 E0.03008
G1 X104.224 Y108.757 E0.03008
G1 X103.575 Y109.232 E0.03008
G1 X102.911 Y109.684 E0.03008
G1 X102.231 Y110.113 E0.03008
G1 X101.537 Y110.519 E0.03008
G1 X100.830 Y110.901 E0.03008
G1 X100.110 Y111.259 E0.03008
G1 X99.378 Y111.591 E0.03008
G1 X98.636 Y111.899 E0.03008
G1 X97.883 Y112.181 E0.03008
G1 X97.121 Y112.437 E0.03008
G1 X96.351 Y112.667 E0.03008
G1 X95.573 Y112.871 E0.03008
G1 X94.789 Y113.048 E0.03008
G1 X94.000 Y113.198 E0.03008
G1 X93.205 Y113.321 E0.03008
G1 X92.407 Y113.417 E0.03008
G1 X91.606 Y113.485 E0.03008
G1 X90.804 Y113.526 E0.03008
G1 X90.000 Y113.540 E0.03008
G1 X89.196 Y113.526 E0.03008
G1 X88.394 Y113.485 E0.03008
G1 X87.593 Y113.417 E0.03008
G1 X86.795 Y113.321 E0.03008
G1 X86.000 Y113.198 E0.03008
G1 X85.211 Y113.048 E0.03008
G1 X84.427 Y112.871 E0.03008
G1 X83.649 Y112.667 E0.03008
G1 X82.879 Y112.437 E0.03008
G1 X82.117 Y112.181 E0.03008
G1 X81.364 Y111.899 E0.03008
G1 X80.622 Y111.591 E0.03008
G1 X79.890 Y111.259 E0.03008
G1 X79.170 Y110.901 E0.03008
G1 X78.463 Y110.519 E0.03008
G1 X77.769 Y110.113 E0.03008
G1 X77.089 Y109.684 E0.03008
G1 X76.425 Y109.232 E0.03008
G1 X75.776 Y108.757 E0.03008
G1 X75.144 Y108.260 E0.03008
G1 X74.529 Y107.743 E0.03008
G1 X73.933 Y107.204 E0.03008
G1 X73.355 Y106.645 E0.03008
G1 X72.796 Y106.067 E0.03008
G1 X72.257 Y105.471 E0.03008
G1 X71.740 Y104.856 E0.03008
G1 X71.243 Y104.224 E0.03008
G1 X70.768 Y103.575 E0.03008
G1 X70.316 Y102.911 E0.03008
M73 P68 R5
G1 X69.887 Y102.231 E0.03008
G1 X69.481 Y101.537 E0.03008
G1 X69.099 Y100.830 E0.03008
G1 X68.741 Y100.110 E0.03008
G1 X68.409 Y99.378 E0.03008
G1 X68.101 Y98.636 E0.03008
G1 X67.819 Y97.883 E0.03008
G1 X67.563 Y97.121 E0.03008
G1 X67.333 Y96.351 E0.03008
G1 X67.129 Y95.573 E0.03008
G1 X66.952 Y94.789 E0.03008
G1 X66.802 Y94.000 E0.03008
G1 X66.679 Y93.205 E0.03008
G1 X66.583 Y92.407 E0.03008
G1 X66.515 Y91.606 E0.03008
G1 X66.474 Y90.804 E0.03008
G1 X66.460 Y90.000 E0.03008
G1 X66.474 Y89.196 E0.03008
G1 X66.515 Y88.394 E0.03008
G1 X66.583 Y87.593 E0.03008
G1 X66.679 Y86.795 E0.03008
G1 X66.802 Y86.000 E0.03008
G1 X66.952 Y85.211 E0.03008
G1 X67.129 Y84.427 E0.03008
G1 X67.333 Y83.649 E0.03008
G1 X67.563 Y82.879 E0.03008
G1 X67.819 Y82.117 E0.03008
G1 X68.101 Y81.364 E0.03008
G1 X68.409 Y80.622 E0.03008
G1 X68.741 Y79.890 E0.03008
G1 X69.099 Y79.170 E0.03008
G1 X69.481 Y78.463 E0.03008
G1 X69.887 Y77.769 E0.03008
G1 X70.316 Y77.089 E0.03008
G1 X70.768 Y76.425 E0.03008
G1 X71.243 Y75.776 E0.03008
G1 X71.740 Y75.144 E0.03008
G1 X72.257 Y74.529 E0.03008
G1 X72.796 Y73.933 E0.03008
G1 X73.355 Y73.355 E0.03008
G1 X73.933 Y72.796 E0.03008
G1 X74.529 Y72.257 E0.03008
G1 X75.144 Y71.740 E0.03008
G1 X75.776 Y71.243 E0.03008
G1 X76.425 Y70.768 E0.03008
G1 X77.089 Y70.316 E0.03008
G1 X77.769 Y69.887 E0.03008
G1 X78.463 Y69.481 E0.03008
G1 X79.170 Y69.099 E0.03008
G1 X79.890 Y68.741 E0.03008
G1 X80.622 Y68.409 E0.03008
G1 X81.364 Y68.101 E0.03008
G1 X82.117 Y67.819 E0.03008
G1 X82.879 Y67.563 E0.03008
G1 X83.649 Y67.333 E0.03008
G1 X84.427 Y67.129 E0.03008
G1 X85.211 Y66.952 E0.03008
G1 X86.000 Y66.802 E0.03008
G1 X86.795 Y66.679 E0.03008
G1 X87.593 Y66.583 E0.03008
G1 X88.394 Y66.515 E0.03008
G1 X89.196 Y66.474 E0.03008
G1 X90.000 Y66.460 E0.03008
G1 X90.804 Y66.474 E0.03008
G1 X91.606 Y66.515 E0.03008
G1 X92.407 Y66.583 E0.03008
G1 X93.205 Y66.679 E0.03008
G1 X94.000 Y66.802 E0.03008
G1 X94.789 Y66.952 E0.03008
G1 X95.573 Y67.129 E0.03008
G1 X96.351 Y67.333 E0.03008
G1 X97.121 Y67.563 E0.03008
G1 X97.883 Y67.819 E0.03008
G1 X98.636 Y68.101 E0.03008
G1 X99.378 Y68.409 E0.03008
G1 X100.110 Y68.741 E0.03008
G1 X100.830 Y69.099 E0.03008
G1 X101.537 Y69.481 E0.03008
G1 X102.231 Y69.887 E0.03008
G1 X102.911 Y70.316 E0.03008
G1 X103.575 Y70.768 E0.03008
G1 X104.224 Y71.243 E0.03008
G1 X104.856 Y71.740 E0.03008
G1 X105.471 Y72.257 E0.03008
G1 X106.067 Y72.796 E0.03008
G1 X106.645 Y73.355 E0.03008
G1 X107.204 Y73.933 E0.03008
G1 X107.743 Y74.529 E0.03008
G1 X108.260 Y75.144 E0.03008
G1 X108.757 Y75.776 E0.03008
G1 X109.232 Y76.425 E0.03008
G1 X109.684 Y77.089 E0.03008
G1 X110.113 Y77.769 E0.03008
G1 X110.519 Y78.463 E0.03008
G1 X110.901 Y79.170 E0.03008
G1 X111.259 Y79.890 E0.03008
G1 X111.591 Y80.622 E0.03008
G1 X111.899 Y81.364 E0.03008
G1 X112.181 Y82.117 E0.03008
G1 X112.437 Y82.879 E0.03008
G1 X112.667 Y83.649 E0.03008
G1 X112.871 Y84.427 E0.03008
G1 X113.048 Y85.211 E0.03008
G1 X113.198 Y86.000 E0.03008
G1 X113.321 Y86.795 E0.03008
G1 X113.417 Y87.593 E0.03008
G1 X113.485 Y88.394 E0.03008
G1 X113.526 Y89.196 E0.03008
G1 X113.540 Y90.000 E0.03008
G1 E-0.70000 F2100
G1 X113.990 Y90.000 F9000
G1 E0.70000 F1500
;TYPE:External perimeter
G1 F1800
G1 X113.990 Y90.000 E0.00000
G1 X113.977 Y90.802 E0.03000
G1 X113.937 Y91.602 E0.03000
G1 X113.870 Y92.401 E0.03000
G1 X113.776 Y93.198 E0.03000
G1 X113.656 Y93.990 E0.03000
G1 X113.509 Y94.779 E0.03000
G1 X113.337 Y95.561 E0.03000
G1 X113.138 Y96.338 E0.03000
G1 X112.913 Y97.108 E0.03000
G1 X112.663 Y97.869 E0.03000
G1 X112.387 Y98.622 E0.03000
G1 X112.087 Y99.366 E0.03000
G1 X111.761 Y100.098 E0.03000
G1 X111.412 Y100.820 E0.03000
G1 X111.038 Y101.529 E0.03000
G1 X110.641 Y102.226 E0.03000
G1 X110.221 Y102.909 E0.03000
G1 X109.779 Y103.577 E0.03000
G1 X109.314 Y104.231 E0.03000
G1 X108.827 Y104.868 E0.03000
G1 X108.320 Y105.489 E0.03000
G1 X107.792 Y106.092 E0.03000
G1 X107.245 Y106.678 E0.03000
G1 X106.678 Y107.245 E0.03000
G1 X106.092 Y107.792 E0.03000
G1 X105.489 Y108.320 E0.03000
G1 X104.868 Y108.827 E0.03000
G1 X104.231 Y109.314 E0.03000
G1 X103.577 Y109.779 E0.03000
G1 X102.909 Y110.221 E0.03000
G1 X102.226 Y110.641 E0.03000
G1 X101.529 Y111.038 E0.03000
G1 X100.820 Y111.412 E0.03000
G1 X100.098 Y111.761 E0.03000
G1 X99.366 Y112.087 E0.03000
G1 X98.622 Y112.387 E0.03000
G1 X97.869 Y112.663 E0.03000
G1 X97.108 Y112.913 E0.03000
G1 X96.338 Y113.138 E0.03000
G1 X95.561 Y113.337 E0.03000
G1 X94.779 Y113.509 E0.03000
G1 X93.990 Y113.656 E0.03000
G1 X93.198 Y113.776 E0.03000
G1 X92.401 Y113.870 E0.03000
G1 X91.602 Y113.937 E0.03000
G1 X90.802 Y113.977 E0.03000
G1 X90.000 Y113.990 E0.03000
G1 X89.198 Y113.977 E0.03000
G1 X88.398 Y113.937 E0.03000
G1 X87.599 Y113.870 E0.03000
G1 X86.802 Y113.776 E0.03000
G1 X86.010 Y113.656 E0.03000
G1 X85.221 Y113.509 E0.03000
G1 X84.439 Y113.337 E0.03000
G1 X83.662 Y113.138 E0.03000
G1 X82.892 Y112.913 E0.03000
G1 X82.131 Y112.663 E0.03000
G1 X81.378 Y112.387 E0.03000
G1 X80.634 Y112.087 E0.03000
G1 X79.902 Y111.761 E0.03000
G1 X79.180 Y111.412 E0.03000
G1 X78.471 Y111.038 E0.03000
G1 X77.774 Y110.641 E0.03000
G1 X77.091 Y110.221 E0.03000
G1 X76.423 Y109.779 E0.03000
G1 X75.769 Y109.314 E0.03000
G1 X75.132 Y108.827 E0.03000
G1 X74.511 Y108.320 E0.03000
G1 X73.908 Y107.792 E0.03000
G1 X73.322 Y107.245 E0.03000
G1 X72.755 Y106.678 E0.03000
G1 X72.208 Y106.092 E0.03000
G1 X71.680 Y105.489 E0.03000
G1 X71.173 Y104.868 E0.03000
G1 X70.686 Y104.231 E0.03000
G1 X70.221 Y103.577 E0.03000
G1 X69.779 Y102.909 E0.03000
G1 X69.359 Y102.226 E0.03000
G1 X68.962 Y101.529 E0.03000
G1 X68.588 Y100.820 E0.03000
G1 X68.239 Y100.098 E0.03000
G1 X67.913 Y99.366 E0.03000
G1 X67.613 Y98.622 E0.03000
G1 X67.337 Y97.869 E0.03000
G1 X67.087 Y97.108 E0.03000
G1 X66.862 Y96.338 E0.03000
G1 X66.663 Y95.561 E0.03000
G1 X66.491 Y94.779 E0.03000
G1 X66.344 Y93.990 E0.03000
G1 X66.224 Y93.198 E0.03000
G1 X66.130 Y92.401 E0.03000
G1 X66.063 Y91.602 E0.03000
G1 X66.023 Y90.802 E0.03000
G1 X66.010 Y90.000 E0.03000
G1 X66.023 Y89.198 E0.03000
G1 X66.063 Y88.398 E0.03000
G1 X66.130 Y87.599 E0.03000
G1 X66.224 Y86.802 E0.03000
G1 X66.344 Y86.010 E0.03000
G1 X66.491 Y85.221 E0.03000
G1 X66.663 Y84.439 E0.03000
G1 X66.862 Y83.662 E0.03000
G1 X67.087 Y82.892 E0.03000
G1 X67.337 Y82.131 E0.03000
G1 X67.613 Y81.378 E0.03000
G1 X67.913 Y80.634 E0.03000
G1 X68.239 Y79.902 E0.03000
G1 X68.588 Y79.180 E0.03000
G1 X68.962 Y78.471 E0.03000
G1 X69.359 Y77.774 E0.03000
G1 X69.779 Y77.091 E0.03000
G1 X70.221 Y76.423 E0.03000
G1 X70.686 Y75.769 E0.03000
G1 X71.173 Y75.132 E0.03000
G1 X71.680 Y74.511 E0.03000
G1 X72.208 Y73.908 E0.03000
G1 X72.755 Y73.322 E0.03000
G1 X73.322 Y72.755 E0.03000
G1 X73.908 Y72.208 E0.03000
G1 X74.511 Y71.680 E0.03000
G1 X75.132 Y71.173 E0.03000
G1 X75.769 Y70.686 E0.03000
G1 X76.423 Y70.221 E0.03000
G1 X77.091 Y69.779 E0.03000
G1 X77.774 Y69.359 E0.03000
G1 X78.471 Y68.962 E0.03000
G1 X79.180 Y68.588 E0.03000
G1 X79.902 Y68.239 E0.03000
G1 X80.634 Y67.913 E0.03000
G1 X81.378 Y67.613 E0.03000
G1 X82.131 Y67.337 E0.03000
G1 X82.892 Y67.087 E0.03000
G1 X83.662 Y66.862 E0.03000
G1 X84.439 Y66.663 E0.03000
G1 X85.221 Y66.491 E0.03000
G1 X86.010 Y66.344 E0.03000
G1 X86.802 Y66.224 E0.03000
G1 X87.599 Y66.130 E0.03000
G1 X88.398 Y66.063 E0.03000
G1 X89.198 Y66.023 E0.03000
G1 X90.000 Y66.010 E0.03000
G1 X90.802 Y66.023 E0.03000
G1 X91.602 Y66.063 E0.03000
G1 X92.401 Y66.130 E0.03000
G1 X93.198 Y66.224 E0.03000
G1 X93.990 Y66.344 E0.03000
G1 X94.779 Y66.491 E0.03000
G1 X95.561 Y66.663 E0.03000
G1 X96.338 Y66.862 E0.03000
G1 X97.108 Y67.087 E0.03000
G1 X97.869 Y67.337 E0.03000
G1 X98.622 Y67.613 E0.03000
G1 X99.366 Y67.913 E0.03000
G1 X100.098 Y68.239 E0.03000
G1 X100.820 Y68.588 E0.03000
G1 X101.529 Y68.962 E0.03000
G1 X102.226 Y69.359 E0.03000
G1 X102.909 Y69.779 E0.03000
G1 X103.577 Y70.221 E0.03000
G1 X104.231 Y70.686 E0.03000
G1 X104.868 Y71.173 E0.03000
G1 X105.489 Y71.680 E0.03000
G1 X106.092 Y72.208 E0.03000
G1 X106.678 Y72.755 E0.03000
G1 X107.245 Y73.322 E0.03000
G1 X107.792 Y73.908 E0.03000
G1 X108.320 Y74.511 E0.03000
G1 X108.827 Y75.132 E0.03000
G1 X109.314 Y75.769 E0.03000
G1 X109.779 Y76.423 E0.03000
G1 X110.221 Y77.091 E0.03000
G1 X110.641 Y77.774 E0.03000
G1 X111.038 Y78.471 E0.03000
G1 X111.412 Y79.180 E0.03000
G1 X111.761 Y79.902 E0.03000
G1 X112.087 Y80.634 E0.03000
G1 X112.387 Y81.378 E0.03000
G1 X112.663 Y82.131 E0.03000
G1 X112.913 Y82.892 E0.03000
G1 X113.138 Y83.662 E0.03000
G1 X113.337 Y84.439 E0.03000
G1 X113.509 Y85.221 E0.03000
G1 X113.656 Y86.010 E0.03000
G1 X113.776 Y86.802 E0.03000
G1 X113.870 Y87.599 E0.03000
G1 X113.937 Y88.398 E0.03000
G1 X113.977 Y89.198 E0.03000
G1 X113.990 Y90.000 E0.03000
G1 E-0.70000 F2100
G1 X100.704 Y69.287 F9000
G1 E0.70000 F1500
;TYPE:Internal infill
G1 F5400
G1 X110.713 Y79.296 E0.52961
G1 X112.608 Y84.303 E0.20033
G1 X95.697 Y67.392 E0.89487
G1 X91.962 Y66.767 E0.14171
M73 P69 R5
G1 X113.233 Y88.038 E1.12556
G1 X113.284 Y91.201 E0.11837
G1 X88.799 Y66.716 E1.29568
G1 X86.002 Y67.030 E0.10531
G1 X112.970 Y93.998 E1.42704
G1 X112.384 Y96.523 E0.09700
G1 X83.477 Y67.616 E1.52968
G1 X81.171 Y68.421 E0.09139
G1 X111.579 Y98.829 E1.60909
G1 X110.585 Y100.947 E0.08753
G1 X79.053 Y69.415 E1.66860
G1 X77.103 Y70.576 E0.08492
G1 X109.424 Y102.897 E1.71027
G1 X108.105 Y104.690 E0.08327
G1 X75.310 Y71.895 E1.73541
G1 X73.667 Y73.362 E0.08245
G1 X106.638 Y106.333 E1.74473
G1 X105.023 Y107.830 E0.08238
G1 X72.170 Y74.977 E1.73847
G1 X70.822 Y76.740 E0.08305
G1 X103.260 Y109.178 E1.71646
G1 X101.341 Y110.371 E0.08452
G1 X69.629 Y78.659 E1.67810
G1 X68.602 Y80.742 E0.08693
G1 X99.258 Y111.398 E1.62222
G1 X96.991 Y112.243 E0.09052
G1 X67.757 Y83.009 E1.54691
G1 X67.125 Y85.489 E0.09573
G1 X94.511 Y112.875 E1.44917
G1 X91.773 Y113.248 E0.10340
G1 X66.752 Y88.227 E1.32402
G1 X66.721 Y91.307 E0.11527
G1 X88.693 Y113.279 E1.16264
G1 X85.097 Y112.794 E0.13577
G1 X67.206 Y94.903 E0.94670
G1 X68.721 Y99.530 E0.18215
G1 X80.470 Y111.279 E0.62172
;LAYER_CHANGE
;Z:13.80
;HEIGHT:0.2
G1 E-0.70000 F2100
G1 Z14.000 F720
G1 X113.462 Y90.000 F9000
G1 Z13.800 F720
G1 E0.70000 F1500
;TYPE:Perimeter
;WIDTH:0.45
G1 F2400
G1 X113.462 Y90.000 E0.00000
G1 X113.448 Y90.801 E0.02998
G1 X113.407 Y91.601 E0.02998
M73 P70 R5
G1 X113.339 Y92.399 E0.02998
G1 X113.243 Y93.195 E0.02998
G1 X113.121 Y93.986 E0.02998
G1 X112.971 Y94.773 E0.02998
G1 X112.795 Y95.555 E0.02998
G1 X112.592 Y96.330 E0.02998
G1 X112.362 Y97.097 E0.02998
G1 X112.107 Y97.857 E0.02998
G1 X111.826 Y98.607 E0.02998
G1 X111.519 Y99.347 E0.02998
G1 X111.188 Y100.076 E0.02998
G1 X110.831 Y100.794 E0.02998
G1 X110.451 Y101.499 E0.02998
G1 X110.046 Y102.190 E0.02998
G1 X109.618 Y102.868 E0.02998
G1 X109.167 Y103.530 E0.02998
G1 X108.694 Y104.176 E0.02998
G1 X108.199 Y104.806 E0.02998
G1 X107.683 Y105.419 E0.02998
G1 X107.147 Y106.014 E0.02998
G1 X106.590 Y106.590 E0.02998
G1 X106.014 Y107.147 E0.02998
G1 X105.419 Y107.683 E0.02998
G1 X104.806 Y108.199 E0.02998
G1 X104.176 Y108.694 E0.02998
G1 X103.530 Y109.167 E0.02998
G1 X102.868 Y109.618 E0.02998
G1 X102.190 Y110.046 E0.02998
G1 X101.499 Y110.451 E0.02998
G1 X100.794 Y110.831 E0.02998
G1 X100.076 Y111.188 E0.02998
G1 X99.347 Y111.519 E0.02998
G1 X98.607 Y111.826 E0.02998
G1 X97.857 Y112.107 E0.02998
G1 X97.097 Y112.362 E0.02998
G1 X96.330 Y112.592 E0.02998
G1 X95.555 Y112.795 E0.02998
G1 X94.773 Y112.971 E0.02998
G1 X93.986 Y113.121 E0.02998
G1 X93.195 Y113.243 E0.02998
G1 X92.399 Y113.339 E0.02998
G1 X91.601 Y113.407 E0.02998
G1 X90.801 Y113.448 E0.02998
G1 X90.000 Y113.462 E0.02998
G1 X89.199 Y113.448 E0.02998
G1 X88.399 Y113.407 E0.02998
G1 X87.601 Y113.339 E0.02998
G1 X86.805 Y113.243 E0.02998
G1 X86.014 Y113.121 E0.02998
G1 X85.227 Y112.971 E0.02998
G1 X84.445 Y112.795 E0.02998
G1 X83.670 Y112.592 E0.02998
G1 X82.903 Y112.362 E0.02998
G1 X82.143 Y112.107 E0.02998
G1 X81.393 Y111.826 E0.02998
G1 X80.653 Y111.519 E0.02998
G1 X79.924 Y111.188 E0.02998
G1 X79.206 Y110.831 E0.02998
G1 X78.501 Y110.451 E0.02998
G1 X77.810 Y110.046 E0.02998
G1 X77.132 Y109.618 E0.02998
G1 X76.470 Y109.167 E0.02998
G1 X75.824 Y108.694 E0.02998
G1 X75.194 Y108.199 E0.02998
G1 X74.581 Y107.683 E0.02998
G1 X73.986 Y107.147 E0.02998
G1 X73.410 Y106.590 E0.02998
G1 X72.853 Y106.014 E0.02998
G1 X72.317 Y105.419 E0.02998
G1 X71.801 Y104.806 E0.02998
G1 X71.306 Y104.176 E0.02998
G1 X70.833 Y103.530 E0.02998
G1 X70.382 Y102.868 E0.02998
G1 X69.954 Y102.190 E0.02998
G1 X69.549 Y101.499 E0.02998
G1 X69.169 Y100.794 E0.02998
G1 X68.812 Y100.076 E0.02998
G1 X68.481 Y99.347 E0.02998
G1 X68.174 Y98.607 E0.02998
G1 X67.893 Y97.857 E0.02998
G1 X67.638 Y97.097 E0.02998
G1 X67.408 Y96.330 E0.02998
G1 X67.205 Y95.555 E0.02998
G1 X67.029 Y94.773 E0.02998
G1 X66.879 Y93.986 E0.02998
G1 X66.757 Y93.195 E0.02998
G1 X66.661 Y92.399 E0.02998
G1 X66.593 Y91.601 E0.02998
G1 X66.552 Y90.801 E0.02998
G1 X66.538 Y90.000 E0.02998
G1 X66.552 Y89.199 E0.02998
G1 X66.593 Y88.399 E0.02998
G1 X66.661 Y87.601 E0.02998
G1 X66.757 Y86.805 E0.02998
G1 X66.879 Y86.014 E0.02998
G1 X67.029 Y85.227 E0.02998
G1 X67.205 Y84.445 E0.02998
G1 X67.408 Y83.670 E0.02998
G1 X67.638 Y82.903 E0.02998
G1 X67.893 Y82.143 E0.02998
G1 X68.174 Y81.393 E0.02998
G1 X68.481 Y80.653 E0.02998
G1 X68.812 Y79.924 E0.02998
G1 X69.169 Y79.206 E0.02998
G1 X69.549 Y78.501 E0.02998
G1 X69.954 Y77.810 E0.02998
G1 X70.382 Y77.132 E0.02998
G1 X70.833 Y76.470 E0.02998
G1 X71.306 Y75.824 E0.02998
G1 X71.801 Y75.194 E0.02998
G1 X72.317 Y74.581 E0.02998
G1 X72.853 Y73.986 E0.02998
G1 X73.410 Y73.410 E0.02998
G1 X73.986 Y72.853 E0.02998
G1 X74.581 Y72.317 E0.02998
G1 X75.194 Y71.801 E0.02998
G1 X75.824 Y71.306 E0.02998
G1 X76.470 Y70.833 E0.02998
G1 X77.132 Y70.382 E0.02998
G1 X77.810 Y69.954 E0.02998
G1 X78.501 Y69.549 E0.02998
G1 X79.206 Y69.169 E0.02998
G1 X79.924 Y68.812 E0.02998
G1 X80.653 Y68.481 E0.02998
G1 X81.393 Y68.174 E0.02998
G1 X82.143 Y67.893 E0.02998
G1 X82.903 Y67.638 E0.02998
G1 X83.670 Y67.408 E0.02998
G1 X84.445 Y67.205 E0.02998
G1 X85.227 Y67.029 E0.02998
G1 X86.014 Y66.879 E0.02998
G1 X86.805 Y66.757 E0.02998
G1 X87.601 Y66.661 E0.02998
G1 X88.399 Y66.593 E0.02998
G1 X89.199 Y66.552 E0.02998
G1 X90.000 Y66.538 E0.02998
G1 X90.801 Y66.552 E0.02998
G1 X91.601 Y66.593 E0.02998
G1 X92.399 Y66.661 E0.02998
G1 X93.195 Y66.757 E0.02998
G1 X93.986 Y66.879 E0.02998
G1 X94.773 Y67.029 E0.02998
G1 X95.555 Y67.205 E0.02998
G1 X96.330 Y67.408 E0.02998
G1 X97.097 Y67.638 E0.02998
G1 X97.857 Y67.893 E0.02998
G1 X98.607 Y68.174 E0.02998
G1 X99.347 Y68.481 E0.02998
G1 X100.076 Y68.812 E0.02998
G1 X100.794 Y69.169 E0.02998
G1 X101.499 Y69.549 E0.02998
G1 X102.190 Y69.954 E0.02998
G1 X102.868 Y70.382 E0.02998
G1 X103.530 Y70.833 E0.02998
G1 X104.176 Y71.306 E0.02998
G1 X104.806 Y71.801 E0.02998
G1 X105.419 Y72.317 E0.02998
G1 X106.014 Y72.853 E0.02998
G1 X106.590 Y73.410 E0.02998
G1 X107.147 Y73.986 E0.02998
G1 X107.683 Y74.581 E0.02998
G1 X108.199 Y75.194 E0.02998
G1 X108.694 Y75.824 E0.02998
G1 X109.167 Y76.470 E0.02998
G1 X109.618 Y77.132 E0.02998
G1 X110.046 Y77.810 E0.02998
G1 X110.451 Y78.501 E0.02998
G1 X110.831 Y79.206 E0.02998
G1 X111.188 Y79.924 E0.02998
G1 X111.519 Y80.653 E0.02998
G1 X111.826 Y81.393 E0.02998
G1 X112.107 Y82.143 E0.02998
G1 X112.362 Y82.903 E0.02998
G1 X112.592 Y83.670 E0.02998
G1 X112.795 Y84.445 E0.02998
G1 X112.971 Y85.227 E0.02998
G1 X113.121 Y86.014 E0.02998
G1 X113.243 Y86.805 E0.02998
G1 X113.339 Y87.601 E0.02998
G1 X113.407 Y88.399 E0.02998
G1 X113.448 Y89.199 E0.02998
G1 X113.462 Y90.000 E0.02998
G1 E-0.70000 F2100
G1 X113.912 Y90.000 F9000
G1 E0.70000 F1500
;TYPE:External perimeter
G1 F1800
G1 X113.912 Y90.000 E0.00000
G1 X113.898 Y90.803 E0.03006
G1 X113.858 Y91.606 E0.03006
G1 X113.790 Y92.406 E0.03006
G1 X113.696 Y93.204 E0.03006
G1 X113.575 Y93.998 E0.03006
G1 X113.427 Y94.788 E0.03006
G1 X113.253 Y95.572 E0.03006
G1 X113.053 Y96.350 E0.03006
G1 X112.827 Y97.121 E0.03006
G1 X112.575 Y97.884 E0.03006
G1 X112.297 Y98.638 E0.03006
G1 X111.994 Y99.382 E0.03006
G1 X111.667 Y100.116 E0.03006
G1 X111.315 Y100.838 E0.03006
G1 X110.938 Y101.548 E0.03006
G1 X110.539 Y102.245 E0.03006
G1 X110.116 Y102.928 E0.03006
G1 X109.670 Y103.596 E0.03006
G1 X109.202 Y104.249 E0.03006
G1 X108.713 Y104.886 E0.03006
G1 X108.202 Y105.506 E0.03006
G1 X107.671 Y106.109 E0.03006
G1 X107.120 Y106.694 E0.03006
G1 X106.549 Y107.259 E0.03006
G1 X105.960 Y107.806 E0.03006
G1 X105.353 Y108.332 E0.03006
G1 X104.729 Y108.837 E0.03006
G1 X104.087 Y109.321 E0.03006
G1 X103.430 Y109.784 E0.03006
G1 X102.758 Y110.224 E0.03006
G1 X102.072 Y110.641 E0.03006
G1 X101.371 Y111.035 E0.03006
G1 X100.658 Y111.405 E0.03006
G1 X99.933 Y111.751 E0.03006
G1 X99.197 Y112.072 E0.03006
G1 X98.450 Y112.369 E0.03006
G1 X97.694 Y112.640 E0.03006
G1 X96.929 Y112.886 E0.03006
G1 X96.156 Y113.106 E0.03006
G1 X95.377 Y113.299 E0.03006
G1 X94.591 Y113.467 E0.03006
G1 X93.800 Y113.608 E0.03006
G1 X93.005 Y113.722 E0.03006
G1 X92.206 Y113.810 E0.03006
G1 X91.405 Y113.870 E0.03006
G1 X90.603 Y113.904 E0.03006
G1 X89.799 Y113.911 E0.03006
G1 X88.996 Y113.891 E0.03006
G1 X88.194 Y113.843 E0.03006
G1 X87.394 Y113.769 E0.03006
G1 X86.597 Y113.668 E0.03006
G1 X85.804 Y113.541 E0.03006
G1 X85.015 Y113.386 E0.03006
G1 X84.233 Y113.206 E0.03006
G1 X83.456 Y112.999 E0.03006
G1 X82.687 Y112.766 E0.03006
G1 X81.927 Y112.508 E0.03006
G1 X81.175 Y112.224 E0.03006
G1 X80.434 Y111.915 E0.03006
G1 X79.703 Y111.581 E0.03006
G1 X78.984 Y111.223 E0.03006
G1 X78.277 Y110.841 E0.03006
G1 X77.583 Y110.435 E0.03006
G1 X76.904 Y110.006 E0.03006
G1 X76.239 Y109.555 E0.03006
G1 X75.590 Y109.082 E0.03006
G1 X74.957 Y108.587 E0.03006
G1 X74.341 Y108.071 E0.03006
G1 X73.743 Y107.535 E0.03006
G1 X73.163 Y106.979 E0.03006
G1 X72.602 Y106.404 E0.03006
G1 X72.061 Y105.810 E0.03006
G1 X71.540 Y105.198 E0.03006
G1 X71.040 Y104.570 E0.03006
G1 X70.561 Y103.925 E0.03006
G1 X70.104 Y103.264 E0.03006
G1 X69.670 Y102.588 E0.03006
G1 X69.258 Y101.898 E0.03006
G1 X68.871 Y101.194 E0.03006
G1 X68.506 Y100.478 E0.03006
G1 X68.167 Y99.750 E0.03006
G1 X67.851 Y99.011 E0.03006
G1 X67.561 Y98.262 E0.03006
G1 X67.296 Y97.504 E0.03006
G1 X67.057 Y96.737 E0.03006
G1 X66.844 Y95.962 E0.03006
G1 X66.656 Y95.181 E0.03006
G1 X66.495 Y94.394 E0.03006
G1 X66.361 Y93.602 E0.03006
G1 X66.253 Y92.806 E0.03006
G1 X66.173 Y92.006 E0.03006
G1 X66.119 Y91.205 E0.03006
G1 X66.092 Y90.402 E0.03006
G1 X66.092 Y89.598 E0.03006
G1 X66.119 Y88.795 E0.03006
G1 X66.173 Y87.994 E0.03006
G1 X66.253 Y87.194 E0.03006
G1 X66.361 Y86.398 E0.03006
G1 X66.495 Y85.606 E0.03006
G1 X66.656 Y84.819 E0.03006
G1 X66.844 Y84.038 E0.03006
G1 X67.057 Y83.263 E0.03006
G1 X67.296 Y82.496 E0.03006
G1 X67.561 Y81.738 E0.03006
G1 X67.851 Y80.989 E0.03006
G1 X68.167 Y80.250 E0.03006
G1 X68.506 Y79.522 E0.03006
G1 X68.871 Y78.806 E0.03006
G1 X69.258 Y78.102 E0.03006
G1 X69.670 Y77.412 E0.03006
G1 X70.104 Y76.736 E0.03006
G1 X70.561 Y76.075 E0.03006
G1 X71.040 Y75.430 E0.03006
G1 X71.540 Y74.802 E0.03006
G1 X72.061 Y74.190 E0.03006
G1 X72.602 Y73.596 E0.03006
G1 X73.163 Y73.021 E0.03006
G1 X73.743 Y72.465 E0.03006
G1 X74.341 Y71.929 E0.03006
G1 X74.957 Y71.413 E0.03006
G1 X75.590 Y70.918 E0.03006
G1 X76.239 Y70.445 E0.03006
G1 X76.904 Y69.994 E0.03006
G1 X77.583 Y69.565 E0.03006
G1 X78.277 Y69.159 E0.03006
G1 X78.984 Y68.777 E0.03006
G1 X79.703 Y68.419 E0.03006
G1 X80.434 Y68.085 E0.03006
G1 X81.175 Y67.776 E0.03006
G1 X81.927 Y67.492 E0.03006
G1 X82.687 Y67.234 E0.03006
G1 X83.456 Y67.001 E0.03006
G1 X84.233 Y66.794 E0.03006
G1 X85.015 Y66.614 E0.03006
G1 X85.804 Y66.459 E0.03006
G1 X86.597 Y66.332 E0.03006
G1 X87.394 Y66.231 E0.03006
G1 X88.194 Y66.157 E0.03006
G1 X88.996 Y66.109 E0.03006
G1 X89.799 Y66.089 E0.03006
G1 X90.603 Y66.096 E0.03006
G1 X91.405 Y66.130 E0.03006
G1 X92.206 Y66.190 E0.03006
G1 X93.005 Y66.278 E0.03006
G1 X93.800 Y66.392 E0.03006
G1 X94.591 Y66.533 E0.03006
G1 X95.377 Y66.701 E0.03006
G1 X96.156 Y66.894 E0.03006
G1 X96.929 Y67.114 E0.03006
G1 X97.694 Y67.360 E0.03006
G1 X98.450 Y67.631 E0.03006
G1 X99.197 Y67.928 E0.03006
G1 X99.933 Y68.249 E0.03006
G1 X100.658 Y68.595 E0.03006
G1 X101.371 Y68.965 E0.03006
G1 X102.072 Y69.359 E0.03006
G1 X102.758 Y69.776 E0.03006
G1 X103.430 Y70.216 E0.03006
G1 X104.087 Y70.679 E0.03006
G1 X104.729 Y71.163 E0.03006
G1 X105.353 Y71.668 E0.03006
G1 X105.960 Y72.194 E0.03006
G1 X106.549 Y72.741 E0.03006
G1 X107.120 Y73.306 E0.03006
G1 X107.671 Y73.891 E0.03006
G1 X108.202 Y74.494 E0.03006
G1 X108.713 Y75.114 E0.03006
G1 X109.202 Y75.751 E0.03006
G1 X109.670 Y76.404 E0.03006
M73 P71 R5
G1 X110.116 Y77.072 E0.03006
G1 X110.539 Y77.755 E0.03006
G1 X110.938 Y78.452 E0.03006
G1 X111.315 Y79.162 E0.03006
G1 X111.667 Y79.884 E0.03006
G1 X111.994 Y80.618 E0.03006
G1 X112.297 Y81.362 E0.03006
G1 X112.575 Y82.116 E0.03006
G1 X112.827 Y82.879 E0.03006
G1 X113.053 Y83.650 E0.03006
G1 X113.253 Y84.428 E0.03006
G1 X113.427 Y85.212 E0.03006
G1 X113.575 Y86.002 E0.03006
G1 X113.696 Y86.796 E0.03006
G1 X113.790 Y87.594 E0.03006
G1 X113.858 Y88.394 E0.03006
G1 X113.898 Y89.197 E0.03006
G1 X113.912 Y90.000 E0.03006
G1 E-0.70000 F2100
G1 X69.351 Y79.343 F9000
G1 E0.70000 F1500
;TYPE:Internal infill
G1 F5400
G1 X79.343 Y69.351 E0.52869
G1 X84.343 Y67.462 E0.20000
G1 X67.462 Y84.343 E0.89325
G1 X66.843 Y88.073 E0.14149
G1 X88.073 Y66.843 E1.12341
G1 X91.232 Y66.796 E0.11820
G1 X66.796 Y91.232 E1.29306
G1 X67.115 Y94.025 E0.10518
G1 X94.025 Y67.115 E1.42399
G1 X96.546 Y67.704 E0.09689
G1 X67.704 Y96.546 E1.52620
G1 X68.514 Y98.848 E0.09130
G1 X98.848 Y68.514 E1.60518
G1 X100.962 Y69.511 E0.08746
G1 X69.511 Y100.962 E1.66424
G1 X70.677 Y102.907 E0.08486
G1 X102.907 Y70.677 E1.70546
G1 X104.695 Y72.000 E0.08324
G1 X72.000 Y104.695 E1.73011
G1 X73.473 Y106.334 E0.08244
G1 X106.334 Y73.473 E1.73889
G1 X107.825 Y75.093 E0.08239
G1 X75.093 Y107.825 E1.73205
G1 X76.863 Y109.167 E0.08309
G1 X109.167 Y76.863 E1.70940
G1 X110.353 Y78.788 E0.08461
G1 X78.788 Y110.353 E1.67030
G1 X80.880 Y111.372 E0.08707
G1 X111.372 Y80.880 E1.61355
G1 X112.206 Y83.157 E0.09074
G1 X83.157 Y112.206 E1.53719
G1 X85.649 Y112.826 E0.09608
G1 X112.826 Y85.649 E1.43811
G1 X113.182 Y88.404 E0.10395
M73 P72 R5
G1 X88.404 Y113.182 E1.31116
G1 X91.509 Y113.188 E0.11620
G1 X113.188 Y91.509 E1.14714
G1 X112.659 Y95.149 E0.13763
G1 X95.149 Y112.659 E0.92656
G1 X99.895 Y111.025 E0.18780
G1 X111.025 Y99.895 E0.58896
;LAYER_CHANGE
;Z:14.00
;HEIGHT:0.2
G1 E-0.70000 F2100
G1 Z14.200 F720
G1 X113.304 Y90.000 F9000
G1 Z14.000 F720
G1 E0.70000 F1500
;TYPE:Perimeter
;WIDTH:0.45
G1 F2400
G1 X113.304 Y90.000 E0.00000
G1 X113.290 Y90.800 E0.02994
G1 X113.249 Y91.599 E0.02994
G1 X113.180 Y92.396 E0.02994
G1 X113.084 Y93.190 E0.02994
G1 X112.961 Y93.981 E0.02994
G1 X112.811 Y94.767 E0.02994
G1 X112.634 Y95.547 E0.02994
G1 X112.430 Y96.321 E0.02994
G1 X112.200 Y97.087 E0.02994
G1 X111.944 Y97.845 E0.02994
G1 X111.661 Y98.594 E0.02994
G1 X111.354 Y99.332 E0.02994
G1 X111.021 Y100.060 E0.02994
G1 X110.663 Y100.775 E0.02994
G1 X110.281 Y101.478 E0.02994
G1 X109.875 Y102.168 E0.02994
G1 X109.446 Y102.843 E0.02994
G1 X108.993 Y103.503 E0.02994
G1 X108.519 Y104.147 E0.02994
G1 X108.022 Y104.774 E0.02994
G1 X107.504 Y105.384 E0.02994
G1 X106.966 Y105.976 E0.02994
G1 X106.407 Y106.549 E0.02994
G1 X105.830 Y107.102 E0.02994
G1 X105.233 Y107.636 E0.02994
G1 X104.619 Y108.148 E0.02994
G1 X103.987 Y108.639 E0.02994
G1 X103.339 Y109.108 E0.02994
G1 X102.675 Y109.555 E0.02994
G1 X101.997 Y109.979 E0.02994
G1 X101.304 Y110.379 E0.02994
G1 X100.598 Y110.755 E0.02994
G1 X99.879 Y111.106 E0.02994
G1 X99.148 Y111.433 E0.02994
G1 X98.407 Y111.734 E0.02994
G1 X97.656 Y112.010 E0.02994
G1 X96.896 Y112.260 E0.02994
G1 X96.128 Y112.484 E0.02994
G1 X95.353 Y112.681 E0.02994
G1 X94.571 Y112.851 E0.02994
G1 X93.784 Y112.995 E0.02994
G1 X92.992 Y113.111 E0.02994
G1 X92.197 Y113.200 E0.02994
G1 X91.399 Y113.262 E0.02994
G1 X90.600 Y113.296 E0.02994
G1 X89.800 Y113.303 E0.02994
G1 X89.000 Y113.282 E0.02994
G1 X88.202 Y113.234 E0.02994
G1 X87.405 Y113.159 E0.02994
G1 X86.612 Y113.056 E0.02994
G1 X85.822 Y112.926 E0.02994
G1 X85.038 Y112.769 E0.02994
G1 X84.259 Y112.586 E0.02994
G1 X83.487 Y112.375 E0.02994
G1 X82.723 Y112.138 E0.02994
G1 X81.967 Y111.876 E0.02994
G1 X81.221 Y111.587 E0.02994
G1 X80.485 Y111.273 E0.02994
G1 X79.760 Y110.934 E0.02994
G1 X79.048 Y110.570 E0.02994
G1 X78.348 Y110.182 E0.02994
G1 X77.662 Y109.770 E0.02994
G1 X76.991 Y109.335 E0.02994
G1 X76.335 Y108.877 E0.02994
G1 X75.695 Y108.396 E0.02994
G1 X75.072 Y107.895 E0.02994
G1 X74.466 Y107.372 E0.02994
G1 X73.879 Y106.828 E0.02994
G1 X73.311 Y106.265 E0.02994
G1 X72.762 Y105.682 E0.02994
G1 X72.234 Y105.081 E0.02994
G1 X71.727 Y104.463 E0.02994
G1 X71.241 Y103.827 E0.02994
G1 X70.778 Y103.175 E0.02994
G1 X70.337 Y102.507 E0.02994
G1 X69.919 Y101.825 E0.02994
G1 X69.525 Y101.128 E0.02994
G1 X69.155 Y100.419 E0.02994
G1 X68.810 Y99.697 E0.02994
G1 X68.489 Y98.964 E0.02994
G1 X68.194 Y98.220 E0.02994
G1 X67.925 Y97.467 E0.02994
G1 X67.682 Y96.705 E0.02994
G1 X67.465 Y95.935 E0.02994
G1 X67.274 Y95.158 E0.02994
G1 X67.110 Y94.375 E0.02994
G1 X66.974 Y93.586 E0.02994
G1 X66.864 Y92.794 E0.02994
G1 X66.782 Y91.998 E0.02994
G1 X66.727 Y91.200 E0.02994
G1 X66.700 Y90.400 E0.02994
G1 X66.700 Y89.600 E0.02994
G1 X66.727 Y88.800 E0.02994
G1 X66.782 Y88.002 E0.02994
G1 X66.864 Y87.206 E0.02994
G1 X66.974 Y86.414 E0.02994
G1 X67.110 Y85.625 E0.02994
G1 X67.274 Y84.842 E0.02994
G1 X67.465 Y84.065 E0.02994
G1 X67.682 Y83.295 E0.02994
G1 X67.925 Y82.533 E0.02994
G1 X68.194 Y81.780 E0.02994
G1 X68.489 Y81.036 E0.02994
G1 X68.810 Y80.303 E0.02994
G1 X69.155 Y79.581 E0.02994
G1 X69.525 Y78.872 E0.02994
G1 X69.919 Y78.175 E0.02994
G1 X70.337 Y77.493 E0.02994
G1 X70.778 Y76.825 E0.02994
G1 X71.241 Y76.173 E0.02994
G1 X71.727 Y75.537 E0.02994
G1 X72.234 Y74.919 E0.02994
G1 X72.762 Y74.318 E0.02994
G1 X73.311 Y73.735 E0.02994
G1 X73.879 Y73.172 E0.02994
G1 X74.466 Y72.628 E0.02994
G1 X75.072 Y72.105 E0.02994
G1 X75.695 Y71.604 E0.02994
G1 X76.335 Y71.123 E0.02994
G1 X76.991 Y70.665 E0.02994
G1 X77.662 Y70.230 E0.02994
G1 X78.348 Y69.818 E0.02994
G1 X79.048 Y69.430 E0.02994
G1 X79.760 Y69.066 E0.02994
G1 X80.485 Y68.727 E0.02994
G1 X81.221 Y68.413 E0.02994
G1 X81.967 Y68.124 E0.02994
G1 X82.723 Y67.862 E0.02994
G1 X83.487 Y67.625 E0.02994
G1 X84.259 Y67.414 E0.02994
G1 X85.038 Y67.231 E0.02994
G1 X85.822 Y67.074 E0.02994
G1 X86.612 Y66.944 E0.02994
G1 X87.405 Y66.841 E0.02994
G1 X88.202 Y66.766 E0.02994
G1 X89.000 Y66.718 E0.02994
G1 X89.800 Y66.697 E0.02994
G1 X90.600 Y66.704 E0.02994
G1 X91.399 Y66.738 E0.02994
G1 X92.197 Y66.800 E0.02994
G1 X92.992 Y66.889 E0.02994
G1 X93.784 Y67.005 E0.02994
G1 X94.571 Y67.149 E0.02994
G1 X95.353 Y67.319 E0.02994
G1 X96.128 Y67.516 E0.02994
G1 X96.896 Y67.740 E0.02994
G1 X97.656 Y67.990 E0.02994
G1 X98.407 Y68.266 E0.02994
G1 X99.148 Y68.567 E0.02994
G1 X99.879 Y68.894 E0.02994
G1 X100.598 Y69.245 E0.02994
G1 X101.304 Y69.621 E0.02994
G1 X101.997 Y70.021 E0.02994
G1 X102.675 Y70.445 E0.02994
G1 X103.339 Y70.892 E0.02994
G1 X103.987 Y71.361 E0.02994
G1 X104.619 Y71.852 E0.02994
G1 X105.233 Y72.364 E0.02994
G1 X105.830 Y72.898 E0.02994
G1 X106.407 Y73.451 E0.02994
G1 X106.966 Y74.024 E0.02994
G1 X107.504 Y74.616 E0.02994
G1 X108.022 Y75.226 E0.02994
G1 X108.519 Y75.853 E0.02994
G1 X108.993 Y76.497 E0.02994
G1 X109.446 Y77.157 E0.02994
G1 X109.875 Y77.832 E0.02994
G1 X110.281 Y78.522 E0.02994
G1 X110.663 Y79.225 E0.02994
G1 X111.021 Y79.940 E0.02994
G1 X111.354 Y80.668 E0.02994
G1 X111.661 Y81.406 E0.02994
G1 X111.944 Y82.155 E0.02994
G1 X112.200 Y82.913 E0.02994
G1 X112.430 Y83.679 E0.02994
G1 X112.634 Y84.453 E0.02994
G1 X112.811 Y85.233 E0.02994
G1 X112.961 Y86.019 E0.02994
G1 X113.084 Y86.810 E0.02994
G1 X113.180 Y87.604 E0.02994
G1 X113.249 Y88.401 E0.02994
G1 X113.290 Y89.200 E0.02994
G1 X113.304 Y90.000 E0.02994
G1 E-0.70000 F2100
G1 X113.754 Y90.000 F9000
G1 E0.70000 F1500
;TYPE:External perimeter
G1 F1800
G1 X113.754 Y90.000 E0.00000
G1 X113.740 Y90.802 E0.03002
G1 X113.700 Y91.604 E0.03002
G1 X113.632 Y92.403 E0.03002
G1 X113.537 Y93.200 E0.03002
G1 X113.416 Y93.993 E0.03002
G1 X113.268 Y94.782 E0.03002
G1 X113.093 Y95.565 E0.03002
G1 X112.892 Y96.341 E0.03002
G1 X112.664 Y97.111 E0.03002
G1 X112.411 Y97.872 E0.03002
G1 X112.133 Y98.625 E0.03002
G1 X111.829 Y99.367 E0.03002
G1 X111.500 Y100.099 E0.03002
G1 X111.147 Y100.820 E0.03002
G1 X110.769 Y101.528 E0.03002
G1 X110.368 Y102.223 E0.03002
G1 X109.943 Y102.904 E0.03002
G1 X109.496 Y103.570 E0.03002
G1 X109.027 Y104.221 E0.03002
G1 X108.536 Y104.855 E0.03002
G1 X108.023 Y105.473 E0.03002
G1 X107.491 Y106.072 E0.03002
G1 X106.938 Y106.654 E0.03002
G1 X106.366 Y107.217 E0.03002
G1 X105.775 Y107.760 E0.03002
G1 X105.166 Y108.282 E0.03002
G1 X104.540 Y108.784 E0.03002
G1 X103.897 Y109.264 E0.03002
G1 X103.239 Y109.723 E0.03002
G1 X102.565 Y110.159 E0.03002
G1 X101.877 Y110.571 E0.03002
G1 X101.175 Y110.961 E0.03002
G1 X100.461 Y111.326 E0.03002
G1 X99.735 Y111.667 E0.03002
G1 X98.997 Y111.984 E0.03002
G1 X98.250 Y112.275 E0.03002
G1 X97.493 Y112.541 E0.03002
G1 X96.727 Y112.781 E0.03002
G1 X95.954 Y112.996 E0.03002
G1 X95.174 Y113.184 E0.03002
G1 X94.388 Y113.345 E0.03002
G1 X93.597 Y113.480 E0.03002
G1 X92.802 Y113.588 E0.03002
G1 X92.004 Y113.669 E0.03002
G1 X91.203 Y113.723 E0.03002
G1 X90.401 Y113.750 E0.03002
G1 X89.599 Y113.750 E0.03002
G1 X88.797 Y113.723 E0.03002
G1 X87.996 Y113.669 E0.03002
G1 X87.198 Y113.588 E0.03002
G1 X86.403 Y113.480 E0.03002
G1 X85.612 Y113.345 E0.03002
G1 X84.826 Y113.184 E0.03002
G1 X84.046 Y112.996 E0.03002
G1 X83.273 Y112.781 E0.03002
G1 X82.507 Y112.541 E0.03002
G1 X81.750 Y112.275 E0.03002
G1 X81.003 Y111.984 E0.03002
G1 X80.265 Y111.667 E0.03002
G1 X79.539 Y111.326 E0.03002
G1 X78.825 Y110.961 E0.03002
G1 X78.123 Y110.571 E0.03002
G1 X77.435 Y110.159 E0.03002
G1 X76.761 Y109.723 E0.03002
G1 X76.103 Y109.264 E0.03002
G1 X75.460 Y108.784 E0.03002
G1 X74.834 Y108.282 E0.03002
G1 X74.225 Y107.760 E0.03002
G1 X73.634 Y107.217 E0.03002
G1 X73.062 Y106.654 E0.03002
G1 X72.509 Y106.072 E0.03002
G1 X71.977 Y105.473 E0.03002
G1 X71.464 Y104.855 E0.03002
G1 X70.973 Y104.221 E0.03002
G1 X70.504 Y103.570 E0.03002
G1 X70.057 Y102.904 E0.03002
G1 X69.632 Y102.223 E0.03002
G1 X69.231 Y101.528 E0.03002
G1 X68.853 Y100.820 E0.03002
G1 X68.500 Y100.099 E0.03002
G1 X68.171 Y99.367 E0.03002
G1 X67.867 Y98.625 E0.03002
G1 X67.589 Y97.872 E0.03002
G1 X67.336 Y97.111 E0.03002
G1 X67.108 Y96.341 E0.03002
G1 X66.907 Y95.565 E0.03002
G1 X66.732 Y94.782 E0.03002
G1 X66.584 Y93.993 E0.03002
G1 X66.463 Y93.200 E0.03002
G1 X66.368 Y92.403 E0.03002
G1 X66.300 Y91.604 E0.03002
G1 X66.260 Y90.802 E0.03002
G1 X66.246 Y90.000 E0.03002
G1 X66.260 Y89.198 E0.03002
G1 X66.300 Y88.396 E0.03002
G1 X66.368 Y87.597 E0.03002
G1 X66.463 Y86.800 E0.03002
G1 X66.584 Y86.007 E0.03002
G1 X66.732 Y85.218 E0.03002
G1 X66.907 Y84.435 E0.03002
G1 X67.108 Y83.659 E0.03002
G1 X67.336 Y82.889 E0.03002
G1 X67.589 Y82.128 E0.03002
G1 X67.867 Y81.375 E0.03002
G1 X68.171 Y80.633 E0.03002
G1 X68.500 Y79.901 E0.03002
G1 X68.853 Y79.180 E0.03002
G1 X69.231 Y78.472 E0.03002
G1 X69.632 Y77.777 E0.03002
G1 X70.057 Y77.096 E0.03002
G1 X70.504 Y76.430 E0.03002
G1 X70.973 Y75.779 E0.03002
G1 X71.464 Y75.145 E0.03002
G1 X71.977 Y74.527 E0.03002
G1 X72.509 Y73.928 E0.03002
G1 X73.062 Y73.346 E0.03002
G1 X73.634 Y72.783 E0.03002
G1 X74.225 Y72.240 E0.03002
G1 X74.834 Y71.718 E0.03002
M73 P73 R5
G1 X75.460 Y71.216 E0.03002
G1 X76.103 Y70.736 E0.03002
G1 X76.761 Y70.277 E0.03002
G1 X77.435 Y69.841 E0.03002
G1 X78.123 Y69.429 E0.03002
G1 X78.825 Y69.039 E0.03002
G1 X79.539 Y68.674 E0.03002
G1 X80.265 Y68.333 E0.03002
G1 X81.003 Y68.016 E0.03002
G1 X81.750 Y67.725 E0.03002
G1 X82.507 Y67.459 E0.03002
G1 X83.273 Y67.219 E0.03002
G1 X84.046 Y67.004 E0.03002
G1 X84.826 Y66.816 E0.03002
G1 X85.612 Y66.655 E0.03002
G1 X86.403 Y66.520 E0.03002
G1 X87.198 Y66.412 E0.03002
G1 X87.996 Y66.331 E0.03002
G1 X88.797 Y66.277 E0.03002
G1 X89.599 Y66.250 E0.03002
G1 X90.401 Y66.250 E0.03002
G1 X91.203 Y66.277 E0.03002
G1 X92.004 Y66.331 E0.03002
G1 X92.802 Y66.412 E0.03002
G1 X93.597 Y66.520 E0.03002
G1 X94.388 Y66.655 E0.03002
G1 X95.174 Y66.816 E0.03002
G1 X95.954 Y67.004 E0.03002
G1 X96.727 Y67.219 E0.03002
G1 X97.493 Y67.459 E0.03002
G1 X98.250 Y67.725 E0.03002
G1 X98.997 Y68.016 E0.03002
G1 X99.735 Y68.333 E0.03002
G1 X100.461 Y68.674 E0.03002
G1 X101.175 Y69.039 E0.03002
G1 X101.877 Y69.429 E0.03002
G1 X102.565 Y69.841 E0.03002
G1 X103.239 Y70.277 E0.03002
G1 X103.897 Y70.736 E0.03002
G1 X104.540 Y71.216 E0.03002
G1 X105.166 Y71.718 E0.03002
G1 X105.775 Y72.240 E0.03002
G1 X106.366 Y72.783 E0.03002
G1 X106.938 Y73.346 E0.03002
G1 X107.491 Y73.928 E0.03002
G1 X108.023 Y74.527 E0.03002
G1 X108.536 Y75.145 E0.03002
G1 X109.027 Y75.779 E0.03002
G1 X109.496 Y76.430 E0.03002
G1 X109.943 Y77.096 E0.03002
G1 X110.368 Y77.777 E0.03002
G1 X110.769 Y78.472 E0.03002
G1 X111.147 Y79.180 E0.03002
G1 X111.500 Y79.901 E0.03002
G1 X111.829 Y80.633 E0.03002
G1 X112.133 Y81.375 E0.03002
G1 X112.411 Y82.128 E0.03002
G1 X112.664 Y82.889 E0.03002
G1 X112.892 Y83.659 E0.03002
G1 X113.093 Y84.435 E0.03002
G1 X113.268 Y85.218 E0.03002
G1 X113.416 Y86.007 E0.03002
G1 X113.537 Y86.800 E0.03002
G1 X113.632 Y87.597 E0.03002
G1 X113.700 Y88.396 E0.03002
G1 X113.740 Y89.198 E0.03002
G1 X113.754 Y90.000 E0.03002
G1 E-0.70000 F2100
G1 X100.563 Y69.480 F9000
G1 E0.70000 F1500
;TYPE:Internal infill
G1 F5400
G1 X110.520 Y79.437 E0.52685
G1 X112.395 Y84.423 E0.19935
G1 X95.577 Y67.605 E0.88998
G1 X91.856 Y66.996 E0.14106
G1 X113.004 Y88.144 E1.11907
G1 X113.043 Y91.294 E0.11787
G1 X88.706 Y66.957 E1.28779
G1 X85.922 Y67.284 E0.10490
G1 X112.716 Y94.078 E1.41783
G1 X112.118 Y96.591 E0.09666
G1 X83.409 Y67.882 E1.51917
G1 X81.115 Y68.700 E0.09111
G1 X111.300 Y98.885 E1.59728
G1 X110.294 Y100.990 E0.08731
G1 X79.010 Y69.706 E1.65545
G1 X77.074 Y70.881 E0.08475
G1 X109.119 Y102.926 E1.69574
G1 X107.787 Y104.706 E0.08316
G1 X75.294 Y72.213 E1.71940
G1 X73.666 Y73.696 E0.08241
G1 X106.304 Y106.334 E1.72711
G1 X104.673 Y107.814 E0.08242
G1 X72.186 Y75.327 E1.71909
G1 X70.857 Y77.109 E0.08319
G1 X102.891 Y109.143 E1.69512
G1 X100.951 Y110.315 E0.08479
G1 X69.685 Y79.049 E1.65451
G1 X68.682 Y81.157 E0.08737
M73 P74 R4
G1 X98.843 Y111.318 E1.59598
G1 X96.545 Y112.131 E0.09120
G1 X67.869 Y83.455 E1.51745
G1 X67.275 Y85.973 E0.09679
G1 X94.027 Y112.725 E1.41562
G1 X91.237 Y113.046 E0.10510
G1 X66.954 Y88.763 E1.28495
G1 X67.001 Y91.921 E0.11819
G1 X88.079 Y112.999 E1.11534
G1 X84.344 Y112.375 E0.14169
G1 X67.625 Y95.656 E0.88469
G1 X69.545 Y100.688 E0.20150
G1 X79.312 Y110.455 E0.51686
;LAYER_CHANGE
;Z:14.20
;HEIGHT:0.2
G1 E-0.70000 F2100
G1 Z14.400 F720
G1 X113.065 Y90.000 F9000
G1 Z14.200 F720
G1 E0.70000 F1500
;TYPE:Perimeter
;WIDTH:0.45
G1 F2400
G1 X113.065 Y90.000 E0.00000
G1 X113.051 Y90.801 E0.02996
G1 X113.010 Y91.600 E0.02996
G1 X112.940 Y92.398 E0.02996
G1 X112.843 Y93.192 E0.02996
G1 X112.719 Y93.983 E0.02996
G1 X112.567 Y94.769 E0.02996
G1 X112.387 Y95.550 E0.02996
G1 X112.181 Y96.323 E0.02996
G1 X111.949 Y97.089 E0.02996
G1 X111.689 Y97.847 E0.02996
G1 X111.404 Y98.595 E0.02996
G1 X111.093 Y99.333 E0.02996
G1 X110.756 Y100.059 E0.02996
G1 X110.394 Y100.773 E0.02996
G1 X110.008 Y101.475 E0.02996
G1 X109.598 Y102.162 E0.02996
G1 X109.164 Y102.835 E0.02996
G1 X108.707 Y103.492 E0.02996
G1 X108.227 Y104.134 E0.02996
G1 X107.726 Y104.758 E0.02996
G1 X107.203 Y105.364 E0.02996
G1 X106.659 Y105.952 E0.02996
G1 X106.096 Y106.520 E0.02996
G1 X105.513 Y107.069 E0.02996
G1 X104.911 Y107.597 E0.02996
G1 X104.291 Y108.104 E0.02996
G1 X103.654 Y108.589 E0.02996
G1 X103.001 Y109.052 E0.02996
G1 X102.332 Y109.492 E0.02996
G1 X101.648 Y109.908 E0.02996
G1 X100.950 Y110.300 E0.02996
G1 X100.239 Y110.668 E0.02996
G1 X99.515 Y111.011 E0.02996
G1 X98.780 Y111.328 E0.02996
G1 X98.035 Y111.620 E0.02996
G1 X97.280 Y111.886 E0.02996
G1 X96.516 Y112.126 E0.02996
G1 X95.744 Y112.338 E0.02996
G1 X94.965 Y112.524 E0.02996
G1 X94.180 Y112.683 E0.02996
G1 X93.391 Y112.815 E0.02996
G1 X92.597 Y112.918 E0.02996
G1 X91.800 Y112.995 E0.02996
G1 X91.001 Y113.043 E0.02996
G1 X90.200 Y113.064 E0.02996
G1 X89.400 Y113.057 E0.02996
G1 X88.600 Y113.023 E0.02996
G1 X87.801 Y112.960 E0.02996
G1 X87.006 Y112.870 E0.02996
G1 X86.214 Y112.752 E0.02996
G1 X85.427 Y112.607 E0.02996
G1 X84.645 Y112.435 E0.02996
G1 X83.869 Y112.235 E0.02996
G1 X83.101 Y112.009 E0.02996
G1 X82.342 Y111.757 E0.02996
G1 X81.591 Y111.478 E0.02996
G1 X80.851 Y111.173 E0.02996
G1 X80.121 Y110.843 E0.02996
G1 X79.404 Y110.487 E0.02996
G1 X78.699 Y110.107 E0.02996
G1 X78.008 Y109.703 E0.02996
G1 X77.332 Y109.275 E0.02996
G1 X76.670 Y108.823 E0.02996
G1 X76.025 Y108.349 E0.02996
G1 X75.397 Y107.853 E0.02996
G1 X74.786 Y107.336 E0.02996
G1 X74.193 Y106.797 E0.02996
G1 X73.620 Y106.239 E0.02996
G1 X73.066 Y105.660 E0.02996
G1 X72.533 Y105.063 E0.02996
G1 X72.021 Y104.448 E0.02996
G1 X71.530 Y103.815 E0.02996
G1 X71.062 Y103.166 E0.02996
G1 X70.616 Y102.501 E0.02996
G1 X70.194 Y101.820 E0.02996
G1 X69.796 Y101.126 E0.02996
G1 X69.422 Y100.418 E0.02996
G1 X69.072 Y99.697 E0.02996
G1 X68.749 Y98.965 E0.02996
G1 X68.450 Y98.222 E0.02996
G1 X68.178 Y97.469 E0.02996
G1 X67.932 Y96.707 E0.02996
G1 X67.712 Y95.937 E0.02996
G1 X67.520 Y95.160 E0.02996
G1 X67.354 Y94.377 E0.02996
G1 X67.216 Y93.588 E0.02996
G1 X67.105 Y92.795 E0.02996
G1 X67.022 Y91.999 E0.02996
G1 X66.966 Y91.200 E0.02996
G1 X66.938 Y90.400 E0.02996
G1 X66.938 Y89.600 E0.02996
G1 X66.966 Y88.800 E0.02996
G1 X67.022 Y88.001 E0.02996
G1 X67.105 Y87.205 E0.02996
G1 X67.216 Y86.412 E0.02996
G1 X67.354 Y85.623 E0.02996
G1 X67.520 Y84.840 E0.02996
G1 X67.712 Y84.063 E0.02996
G1 X67.932 Y83.293 E0.02996
G1 X68.178 Y82.531 E0.02996
G1 X68.450 Y81.778 E0.02996
G1 X68.749 Y81.035 E0.02996
G1 X69.072 Y80.303 E0.02996
G1 X69.422 Y79.582 E0.02996
G1 X69.796 Y78.874 E0.02996
G1 X70.194 Y78.180 E0.02996
G1 X70.616 Y77.499 E0.02996
G1 X71.062 Y76.834 E0.02996
G1 X71.530 Y76.185 E0.02996
G1 X72.021 Y75.552 E0.02996
G1 X72.533 Y74.937 E0.02996
G1 X73.066 Y74.340 E0.02996
G1 X73.620 Y73.761 E0.02996
G1 X74.193 Y73.203 E0.02996
G1 X74.786 Y72.664 E0.02996
G1 X75.397 Y72.147 E0.02996
G1 X76.025 Y71.651 E0.02996
G1 X76.670 Y71.177 E0.02996
G1 X77.332 Y70.725 E0.02996
G1 X78.008 Y70.297 E0.02996
G1 X78.699 Y69.893 E0.02996
G1 X79.404 Y69.513 E0.02996
G1 X80.121 Y69.157 E0.02996
G1 X80.851 Y68.827 E0.02996
G1 X81.591 Y68.522 E0.02996
G1 X82.342 Y68.243 E0.02996
G1 X83.101 Y67.991 E0.02996
G1 X83.869 Y67.765 E0.02996
G1 X84.645 Y67.565 E0.02996
G1 X85.427 Y67.393 E0.02996
G1 X86.214 Y67.248 E0.02996
G1 X87.006 Y67.130 E0.02996
G1 X87.801 Y67.040 E0.02996
G1 X88.600 Y66.977 E0.02996
G1 X89.400 Y66.943 E0.02996
G1 X90.200 Y66.936 E0.02996
G1 X91.001 Y66.957 E0.02996
G1 X91.800 Y67.005 E0.02996
G1 X92.597 Y67.082 E0.02996
G1 X93.391 Y67.185 E0.02996
G1 X94.180 Y67.317 E0.02996
G1 X94.965 Y67.476 E0.02996
G1 X95.744 Y67.662 E0.02996
G1 X96.516 Y67.874 E0.02996
G1 X97.280 Y68.114 E0.02996
G1 X98.035 Y68.380 E0.02996
G1 X98.780 Y68.672 E0.02996
G1 X99.515 Y68.989 E0.02996
G1 X100.239 Y69.332 E0.02996
G1 X100.950 Y69.700 E0.02996
G1 X101.648 Y70.092 E0.02996
G1 X102.332 Y70.508 E0.02996
G1 X103.001 Y70.948 E0.02996
G1 X103.654 Y71.411 E0.02996
G1 X104.291 Y71.896 E0.02996
G1 X104.911 Y72.403 E0.02996
G1 X105.513 Y72.931 E0.02996
G1 X106.096 Y73.480 E0.02996
G1 X106.659 Y74.048 E0.02996
G1 X107.203 Y74.636 E0.02996
G1 X107.726 Y75.242 E0.02996
G1 X108.227 Y75.866 E0.02996
G1 X108.707 Y76.508 E0.02996
G1 X109.164 Y77.165 E0.02996
G1 X109.598 Y77.838 E0.02996
G1 X110.008 Y78.525 E0.02996
G1 X110.394 Y79.227 E0.02996
G1 X110.756 Y79.941 E0.02996
G1 X111.093 Y80.667 E0.02996
G1 X111.404 Y81.405 E0.02996
G1 X111.689 Y82.153 E0.02996
G1 X111.949 Y82.911 E0.02996
G1 X112.181 Y83.677 E0.02996
G1 X112.387 Y84.450 E0.02996
G1 X112.567 Y85.231 E0.02996
G1 X112.719 Y86.017 E0.02996
G1 X112.843 Y86.808 E0.02996
G1 X112.940 Y87.602 E0.02996
G1 X113.010 Y88.400 E0.02996
G1 X113.051 Y89.199 E0.02996
G1 X113.065 Y90.000 E0.02996
G1 E-0.70000 F2100
G1 X113.515 Y90.000 F9000
G1 E0.70000 F1500
;TYPE:External perimeter
G1 F1800
G1 X113.515 Y90.000 E0.00000
G1 X113.501 Y90.803 E0.03004
G1 X113.460 Y91.605 E0.03004
G1 X113.392 Y92.405 E0.03004
G1 X113.296 Y93.202 E0.03004
G1 X113.173 Y93.995 E0.03004
G1 X113.023 Y94.784 E0.03004
G1 X112.846 Y95.568 E0.03004
G1 X112.643 Y96.344 E0.03004
G1 X112.413 Y97.114 E0.03004
G1 X112.157 Y97.875 E0.03004
G1 X111.876 Y98.627 E0.03004
G1 X111.568 Y99.368 E0.03004
G1 X111.236 Y100.099 E0.03004
G1 X110.879 Y100.818 E0.03004
G1 X110.497 Y101.525 E0.03004
G1 X110.092 Y102.218 E0.03004
G1 X109.663 Y102.897 E0.03004
G1 X109.211 Y103.561 E0.03004
G1 X108.737 Y104.209 E0.03004
G1 X108.241 Y104.840 E0.03004
G1 X107.724 Y105.454 E0.03004
G1 X107.186 Y106.050 E0.03004
G1 X106.628 Y106.628 E0.03004
G1 X106.050 Y107.186 E0.03004
G1 X105.454 Y107.724 E0.03004
G1 X104.840 Y108.241 E0.03004
G1 X104.209 Y108.737 E0.03004
G1 X103.561 Y109.211 E0.03004
G1 X102.897 Y109.663 E0.03004
G1 X102.218 Y110.092 E0.03004
G1 X101.525 Y110.497 E0.03004
G1 X100.818 Y110.879 E0.03004
G1 X100.099 Y111.236 E0.03004
G1 X99.368 Y111.568 E0.03004
G1 X98.627 Y111.876 E0.03004
G1 X97.875 Y112.157 E0.03004
G1 X97.114 Y112.413 E0.03004
G1 X96.344 Y112.643 E0.03004
G1 X95.568 Y112.846 E0.03004
G1 X94.784 Y113.023 E0.03004
G1 X93.995 Y113.173 E0.03004
G1 X93.202 Y113.296 E0.03004
G1 X92.405 Y113.392 E0.03004
G1 X91.605 Y113.460 E0.03004
G1 X90.803 Y113.501 E0.03004
G1 X90.000 Y113.515 E0.03004
G1 X89.197 Y113.501 E0.03004
G1 X88.395 Y113.460 E0.03004
G1 X87.595 Y113.392 E0.03004
G1 X86.798 Y113.296 E0.03004
G1 X86.005 Y113.173 E0.03004
G1 X85.216 Y113.023 E0.03004
G1 X84.432 Y112.846 E0.03004
G1 X83.656 Y112.643 E0.03004
G1 X82.886 Y112.413 E0.03004
G1 X82.125 Y112.157 E0.03004
G1 X81.373 Y111.876 E0.03004
G1 X80.632 Y111.568 E0.03004
G1 X79.901 Y111.236 E0.03004
G1 X79.182 Y110.879 E0.03004
G1 X78.475 Y110.497 E0.03004
G1 X77.782 Y110.092 E0.03004
G1 X77.103 Y109.663 E0.03004
G1 X76.439 Y109.211 E0.03004
G1 X75.791 Y108.737 E0.03004
G1 X75.160 Y108.241 E0.03004
G1 X74.546 Y107.724 E0.03004
G1 X73.950 Y107.186 E0.03004
G1 X73.372 Y106.628 E0.03004
G1 X72.814 Y106.050 E0.03004
G1 X72.276 Y105.454 E0.03004
G1 X71.759 Y104.840 E0.03004
M73 P75 R4
G1 X71.263 Y104.209 E0.03004
G1 X70.789 Y103.561 E0.03004
G1 X70.337 Y102.897 E0.03004
G1 X69.908 Y102.218 E0.03004
G1 X69.503 Y101.525 E0.03004
G1 X69.121 Y100.818 E0.03004
G1 X68.764 Y100.099 E0.03004
G1 X68.432 Y99.368 E0.03004
G1 X68.124 Y98.627 E0.03004
G1 X67.843 Y97.875 E0.03004
G1 X67.587 Y97.114 E0.03004
G1 X67.357 Y96.344 E0.03004
G1 X67.154 Y95.568 E0.03004
G1 X66.977 Y94.784 E0.03004
G1 X66.827 Y93.995 E0.03004
G1 X66.704 Y93.202 E0.03004
G1 X66.608 Y92.405 E0.03004
G1 X66.540 Y91.605 E0.03004
G1 X66.499 Y90.803 E0.03004
G1 X66.485 Y90.000 E0.03004
G1 X66.499 Y89.197 E0.03004
G1 X66.540 Y88.395 E0.03004
G1 X66.608 Y87.595 E0.03004
G1 X66.704 Y86.798 E0.03004
G1 X66.827 Y86.005 E0.03004
G1 X66.977 Y85.216 E0.03004
G1 X67.154 Y84.432 E0.03004
G1 X67.357 Y83.656 E0.03004
G1 X67.587 Y82.886 E0.03004
G1 X67.843 Y82.125 E0.03004
G1 X68.124 Y81.373 E0.03004
G1 X68.432 Y80.632 E0.03004
G1 X68.764 Y79.901 E0.03004
G1 X69.121 Y79.182 E0.03004
G1 X69.503 Y78.475 E0.03004
G1 X69.908 Y77.782 E0.03004
G1 X70.337 Y77.103 E0.03004
G1 X70.789 Y76.439 E0.03004
G1 X71.263 Y75.791 E0.03004
G1 X71.759 Y75.160 E0.03004
G1 X72.276 Y74.546 E0.03004
G1 X72.814 Y73.950 E0.03004
G1 X73.372 Y73.372 E0.03004
G1 X73.950 Y72.814 E0.03004
G1 X74.546 Y72.276 E0.03004
G1 X75.160 Y71.759 E0.03004
G1 X75.791 Y71.263 E0.03004
G1 X76.439 Y70.789 E0.03004
G1 X77.103 Y70.337 E0.03004
G1 X77.782 Y69.908 E0.03004
G1 X78.475 Y69.503 E0.03004
G1 X79.182 Y69.121 E0.03004
G1 X79.901 Y68.764 E0.03004
G1 X80.632 Y68.432 E0.03004
G1 X81.373 Y68.124 E0.03004
G1 X82.125 Y67.843 E0.03004
G1 X82.886 Y67.587 E0.03004
G1 X83.656 Y67.357 E0.03004
G1 X84.432 Y67.154 E0.03004
G1 X85.216 Y66.977 E0.03004
G1 X86.005 Y66.827 E0.03004
G1 X86.798 Y66.704 E0.03004
G1 X87.595 Y66.608 E0.03004
G1 X88.395 Y66.540 E0.03004
G1 X89.197 Y66.499 E0.03004
G1 X90.000 Y66.485 E0.03004
G1 X90.803 Y66.499 E0.03004
G1 X91.605 Y66.540 E0.03004
G1 X92.405 Y66.608 E0.03004
G1 X93.202 Y66.704 E0.03004
G1 X93.995 Y66.827 E0.03004
G1 X94.784 Y66.977 E0.03004
G1 X95.568 Y67.154 E0.03004
G1 X96.344 Y67.357 E0.03004
G1 X97.114 Y67.587 E0.03004
G1 X97.875 Y67.843 E0.03004
G1 X98.627 Y68.124 E0.03004
G1 X99.368 Y68.432 E0.03004
G1 X100.099 Y68.764 E0.03004
G1 X100.818 Y69.121 E0.03004
G1 X101.525 Y69.503 E0.03004
G1 X102.218 Y69.908 E0.03004
G1 X102.897 Y70.337 E0.03004
G1 X103.561 Y70.789 E0.03004
G1 X104.209 Y71.263 E0.03004
G1 X104.840 Y71.759 E0.03004
G1 X105.454 Y72.276 E0.03004
G1 X106.050 Y72.814 E0.03004
G1 X106.628 Y73.372 E0.03004
G1 X107.186 Y73.950 E0.03004
G1 X107.724 Y74.546 E0.03004
G1 X108.241 Y75.160 E0.03004
G1 X108.737 Y75.791 E0.03004
G1 X109.211 Y76.439 E0.03004
G1 X109.663 Y77.103 E0.03004
G1 X110.092 Y77.782 E0.03004
G1 X110.497 Y78.475 E0.03004
G1 X110.879 Y79.182 E0.03004
G1 X111.236 Y79.901 E0.03004
G1 X111.568 Y80.632 E0.03004
G1 X111.876 Y81.373 E0.03004
G1 X112.157 Y82.125 E0.03004
G1 X112.413 Y82.886 E0.03004
G1 X112.643 Y83.656 E0.03004
G1 X112.846 Y84.432 E0.03004
G1 X113.023 Y85.216 E0.03004
G1 X113.173 Y86.005 E0.03004
G1 X113.296 Y86.798 E0.03004
G1 X113.392 Y87.595 E0.03004
G1 X113.460 Y88.395 E0.03004
G1 X113.501 Y89.197 E0.03004
G1 X113.515 Y90.000 E0.03004
G1 E-0.70000 F2100
G1 X69.676 Y79.579 F9000
G1 E0.70000 F1500
;TYPE:Internal infill
G1 F5400
G1 X79.579 Y69.676 E0.52405
G1 X84.545 Y67.821 E0.19836
G1 X67.821 Y84.545 E0.88500
G1 X67.227 Y88.250 E0.14040
G1 X88.250 Y67.227 E1.11248
G1 X91.387 Y67.202 E0.11735
G1 X67.202 Y91.387 E1.27977
G1 X67.542 Y94.158 E0.10449
G1 X94.158 Y67.542 E1.40846
G1 X96.659 Y68.152 E0.09632
G1 X68.152 Y96.659 E1.50848
G1 X68.982 Y98.940 E0.09083
G1 X98.940 Y68.982 E1.58527
G1 X101.033 Y70.001 E0.08708
G1 X70.001 Y101.033 E1.64207
G1 X71.190 Y102.955 E0.08458
G1 X102.955 Y71.190 E1.68093
G1 X104.720 Y72.536 E0.08306
G1 X72.536 Y104.720 E1.70307
G1 X74.034 Y106.333 E0.08237
G1 X106.333 Y74.034 E1.70914
G1 X107.796 Y75.683 E0.08247
G1 X75.683 Y107.796 E1.69930
M73 P76 R4
G1 X77.484 Y109.106 E0.08334
G1 X109.106 Y77.484 E1.67329
G1 X110.255 Y79.446 E0.08508
G1 X79.446 Y110.255 E1.63033
G1 X81.581 Y111.232 E0.08784
G1 X111.232 Y81.581 E1.56902
G1 X112.013 Y83.911 E0.09195
G1 X83.911 Y112.013 E1.48711
G1 X86.470 Y112.566 E0.09796
G1 X112.566 Y86.470 E1.38091
G1 X112.830 Y89.317 E0.10699
G1 X89.317 Y112.830 E1.24424
G1 X92.562 Y112.696 E0.12153
G1 X112.696 Y92.562 E1.06544
G1 X111.907 Y96.462 E0.14890
G1 X96.462 Y111.907 E0.81728
G1 X102.123 Y109.357 E0.23231
G1 X109.357 Y102.123 E0.38281
;LAYER_CHANGE
;Z:14.40
;HEIGHT:0.2
G1 E-0.70000 F2100
G1 Z14.600 F720
G1 X112.743 Y90.000 F9000
G1 Z14.400 F720
G1 E0.70000 F1500
;TYPE:Perimeter
;WIDTH:0.45
G1 F2400
G1 X112.743 Y90.000 E0.00000
G1 X112.729 Y90.803 E0.03004
G1 X112.686 Y91.604 E0.03004
G1 X112.616 Y92.404 E0.03004
G1 X112.517 Y93.201 E0.03004
G1 X112.390 Y93.993 E0.03004
G1 X112.235 Y94.781 E0.03004
G1 X112.052 Y95.563 E0.03004
G1 X111.842 Y96.337 E0.03004
G1 X111.605 Y97.104 E0.03004
G1 X111.341 Y97.862 E0.03004
G1 X111.050 Y98.611 E0.03004
G1 X110.733 Y99.348 E0.03004
G1 X110.390 Y100.074 E0.03004
G1 X110.022 Y100.787 E0.03004
G1 X109.629 Y101.487 E0.03004
G1 X109.211 Y102.173 E0.03004
G1 X108.770 Y102.843 E0.03004
G1 X108.305 Y103.498 E0.03004
G1 X107.817 Y104.135 E0.03004
G1 X107.307 Y104.755 E0.03004
G1 X106.775 Y105.357 E0.03004
G1 X106.223 Y105.939 E0.03004
G1 X105.650 Y106.502 E0.03004
G1 X105.058 Y107.044 E0.03004
G1 X104.447 Y107.565 E0.03004
G1 X103.818 Y108.064 E0.03004
G1 X103.172 Y108.540 E0.03004
G1 X102.510 Y108.993 E0.03004
G1 X101.832 Y109.423 E0.03004
G1 X101.139 Y109.828 E0.03004
G1 X100.432 Y110.209 E0.03004
G1 X99.713 Y110.565 E0.03004
G1 X98.981 Y110.895 E0.03004
G1 X98.238 Y111.199 E0.03004
G1 X97.484 Y111.476 E0.03004
G1 X96.722 Y111.727 E0.03004
G1 X95.951 Y111.951 E0.03004
G1 X95.173 Y112.147 E0.03004
G1 X94.388 Y112.316 E0.03004
G1 X93.597 Y112.457 E0.03004
G1 X92.803 Y112.570 E0.03004
G1 X92.004 Y112.654 E0.03004
G1 X91.204 Y112.711 E0.03004
G1 X90.401 Y112.739 E0.03004
G1 X89.599 Y112.739 E0.03004
G1 X88.796 Y112.711 E0.03004
G1 X87.996 Y112.654 E0.03004
G1 X87.197 Y112.570 E0.03004
G1 X86.403 Y112.457 E0.03004
G1 X85.612 Y112.316 E0.03004
G1 X84.827 Y112.147 E0.03004
G1 X84.049 Y111.951 E0.03004
G1 X83.278 Y111.727 E0.03004
G1 X82.516 Y111.476 E0.03004
G1 X81.762 Y111.199 E0.03004
G1 X81.019 Y110.895 E0.03004
G1 X80.287 Y110.565 E0.03004
G1 X79.568 Y110.209 E0.03004
G1 X78.861 Y109.828 E0.03004
G1 X78.168 Y109.423 E0.03004
G1 X77.490 Y108.993 E0.03004
G1 X76.828 Y108.540 E0.03004
G1 X76.182 Y108.064 E0.03004
G1 X75.553 Y107.565 E0.03004
G1 X74.942 Y107.044 E0.03004
G1 X74.350 Y106.502 E0.03004
G1 X73.777 Y105.939 E0.03004
G1 X73.225 Y105.357 E0.03004
G1 X72.693 Y104.755 E0.03004
G1 X72.183 Y104.135 E0.03004
G1 X71.695 Y103.498 E0.03004
G1 X71.230 Y102.843 E0.03004
G1 X70.789 Y102.173 E0.03004
G1 X70.371 Y101.487 E0.03004
G1 X69.978 Y100.787 E0.03004
G1 X69.610 Y100.074 E0.03004
G1 X69.267 Y99.348 E0.03004
G1 X68.950 Y98.611 E0.03004
G1 X68.659 Y97.862 E0.03004
G1 X68.395 Y97.104 E0.03004
G1 X68.158 Y96.337 E0.03004
G1 X67.948 Y95.563 E0.03004
G1 X67.765 Y94.781 E0.03004
G1 X67.610 Y93.993 E0.03004
G1 X67.483 Y93.201 E0.03004
G1 X67.384 Y92.404 E0.03004
G1 X67.314 Y91.604 E0.03004
G1 X67.271 Y90.803 E0.03004
G1 X67.257 Y90.000 E0.03004
G1 X67.271 Y89.197 E0.03004
G1 X67.314 Y88.396 E0.03004
G1 X67.384 Y87.596 E0.03004
G1 X67.483 Y86.799 E0.03004
G1 X67.610 Y86.007 E0.03004
G1 X67.765 Y85.219 E0.03004
G1 X67.948 Y84.437 E0.03004
G1 X68.158 Y83.663 E0.03004
G1 X68.395 Y82.896 E0.03004
G1 X68.659 Y82.138 E0.03004
G1 X68.950 Y81.389 E0.03004
G1 X69.267 Y80.652 E0.03004
G1 X69.610 Y79.926 E0.03004
G1 X69.978 Y79.213 E0.03004
G1 X70.371 Y78.513 E0.03004
G1 X70.789 Y77.827 E0.03004
G1 X71.230 Y77.157 E0.03004
G1 X71.695 Y76.502 E0.03004
G1 X72.183 Y75.865 E0.03004
G1 X72.693 Y75.245 E0.03004
G1 X73.225 Y74.643 E0.03004
G1 X73.777 Y74.061 E0.03004
G1 X74.350 Y73.498 E0.03004
G1 X74.942 Y72.956 E0.03004
G1 X75.553 Y72.435 E0.03004
G1 X76.182 Y71.936 E0.03004
G1 X76.828 Y71.460 E0.03004
G1 X77.490 Y71.007 E0.03004
G1 X78.168 Y70.577 E0.03004
G1 X78.861 Y70.172 E0.03004
G1 X79.568 Y69.791 E0.03004
G1 X80.287 Y69.435 E0.03004
G1 X81.019 Y69.105 E0.03004
G1 X81.762 Y68.801 E0.03004
G1 X82.516 Y68.524 E0.03004
G1 X83.278 Y68.273 E0.03004
G1 X84.049 Y68.049 E0.03004
G1 X84.827 Y67.853 E0.03004
G1 X85.612 Y67.684 E0.03004
G1 X86.403 Y67.543 E0.03004
G1 X87.197 Y67.430 E0.03004
G1 X87.996 Y67.346 E0.03004
G1 X88.796 Y67.289 E0.03004
G1 X89.599 Y67.261 E0.03004
G1 X90.401 Y67.261 E0.03004
G1 X91.204 Y67.289 E0.03004
G1 X92.004 Y67.346 E0.03004
G1 X92.803 Y67.430 E0.03004
G1 X93.597 Y67.543 E0.03004
G1 X94.388 Y67.684 E0.03004
G1 X95.173 Y67.853 E0.03004
G1 X95.951 Y68.049 E0.03004
G1 X96.722 Y68.273 E0.03004
G1 X97.484 Y68.524 E0.03004
G1 X98.238 Y68.801 E0.03004
G1 X98.981 Y69.105 E0.03004
G1 X99.713 Y69.435 E0.03004
G1 X100.432 Y69.791 E0.03004
G1 X101.139 Y70.172 E0.03004
G1 X101.832 Y70.577 E0.03004
G1 X102.510 Y71.007 E0.03004
G1 X103.172 Y71.460 E0.03004
G1 X103.818 Y71.936 E0.03004
G1 X104.447 Y72.435 E0.03004
G1 X105.058 Y72.956 E0.03004
G1 X105.650 Y73.498 E0.03004
G1 X106.223 Y74.061 E0.03004
G1 X106.775 Y74.643 E0.03004
G1 X107.307 Y75.245 E0.03004
G1 X107.817 Y75.865 E0.03004
G1 X108.305 Y76.502 E0.03004
G1 X108.770 Y77.157 E0.03004
G1 X109.211 Y77.827 E0.03004
G1 X109.629 Y78.513 E0.03004
G1 X110.022 Y79.213 E0.03004
G1 X110.390 Y79.926 E0.03004
G1 X110.733 Y80.652 E0.03004
G1 X111.050 Y81.389 E0.03004
G1 X111.341 Y82.138 E0.03004
G1 X111.605 Y82.896 E0.03004
G1 X111.842 Y83.663 E0.03004
G1 X112.052 Y84.437 E0.03004
G1 X112.235 Y85.219 E0.03004
G1 X112.390 Y86.007 E0.03004
G1 X112.517 Y86.799 E0.03004
G1 X112.616 Y87.596 E0.03004
G1 X112.686 Y88.396 E0.03004
G1 X112.729 Y89.197 E0.03004
G1 X112.743 Y90.000 E0.03004
G1 E-0.70000 F2100
G1 X113.193 Y90.000 F9000
G1 E0.70000 F1500
;TYPE:External perimeter
G1 F1800
G1 X113.193 Y90.000 E0.00000
G1 X113.179 Y90.801 E0.02996
G1 X113.138 Y91.600 E0.02996
G1 X113.069 Y92.398 E0.02996
G1 X112.972 Y93.193 E0.02996
G1 X112.848 Y93.984 E0.02996
G1 X112.697 Y94.770 E0.02996
G1 X112.519 Y95.550 E0.02996
G1 X112.314 Y96.324 E0.02996
G1 X112.082 Y97.091 E0.02996
G1 X111.825 Y97.849 E0.02996
G1 X111.541 Y98.597 E0.02996
G1 X111.231 Y99.336 E0.02996
G1 X110.896 Y100.063 E0.02996
G1 X110.536 Y100.778 E0.02996
G1 X110.152 Y101.481 E0.02996
G1 X109.744 Y102.169 E0.02996
G1 X109.312 Y102.844 E0.02996
G1 X108.857 Y103.503 E0.02996
G1 X108.380 Y104.145 E0.02996
G1 X107.881 Y104.771 E0.02996
G1 X107.360 Y105.380 E0.02996
G1 X106.819 Y105.970 E0.02996
G1 X106.258 Y106.541 E0.02996
G1 X105.677 Y107.092 E0.02996
G1 X105.078 Y107.623 E0.02996
G1 X104.461 Y108.133 E0.02996
G1 X103.826 Y108.621 E0.02996
G1 X103.175 Y109.087 E0.02996
G1 X102.508 Y109.531 E0.02996
G1 X101.827 Y109.951 E0.02996
G1 X101.131 Y110.347 E0.02996
G1 X100.422 Y110.719 E0.02996
G1 X99.701 Y111.067 E0.02996
G1 X98.968 Y111.389 E0.02996
G1 X98.224 Y111.686 E0.02996
G1 X97.471 Y111.957 E0.02996
G1 X96.709 Y112.202 E0.02996
M73 P77 R4
G1 X95.938 Y112.420 E0.02996
G1 X95.161 Y112.611 E0.02996
G1 X94.377 Y112.776 E0.02996
G1 X93.589 Y112.914 E0.02996
G1 X92.796 Y113.024 E0.02996
G1 X91.999 Y113.107 E0.02996
G1 X91.200 Y113.162 E0.02996
G1 X90.400 Y113.190 E0.02996
G1 X89.600 Y113.190 E0.02996
G1 X88.800 Y113.162 E0.02996
G1 X88.001 Y113.107 E0.02996
G1 X87.204 Y113.024 E0.02996
G1 X86.411 Y112.914 E0.02996
G1 X85.623 Y112.776 E0.02996
G1 X84.839 Y112.611 E0.02996
G1 X84.062 Y112.420 E0.02996
G1 X83.291 Y112.202 E0.02996
G1 X82.529 Y111.957 E0.02996
G1 X81.776 Y111.686 E0.02996
G1 X81.032 Y111.389 E0.02996
G1 X80.299 Y111.067 E0.02996
G1 X79.578 Y110.719 E0.02996
G1 X78.869 Y110.347 E0.02996
G1 X78.173 Y109.951 E0.02996
G1 X77.492 Y109.531 E0.02996
G1 X76.825 Y109.087 E0.02996
G1 X76.174 Y108.621 E0.02996
G1 X75.539 Y108.133 E0.02996
G1 X74.922 Y107.623 E0.02996
G1 X74.323 Y107.092 E0.02996
G1 X73.742 Y106.541 E0.02996
G1 X73.181 Y105.970 E0.02996
G1 X72.640 Y105.380 E0.02996
G1 X72.119 Y104.771 E0.02996
G1 X71.620 Y104.145 E0.02996
G1 X71.143 Y103.503 E0.02996
G1 X70.688 Y102.844 E0.02996
G1 X70.256 Y102.169 E0.02996
G1 X69.848 Y101.481 E0.02996
G1 X69.464 Y100.778 E0.02996
G1 X69.104 Y100.063 E0.02996
G1 X68.769 Y99.336 E0.02996
G1 X68.459 Y98.597 E0.02996
G1 X68.175 Y97.849 E0.02996
G1 X67.918 Y97.091 E0.02996
G1 X67.686 Y96.324 E0.02996
G1 X67.481 Y95.550 E0.02996
G1 X67.303 Y94.770 E0.02996
G1 X67.152 Y93.984 E0.02996
G1 X67.028 Y93.193 E0.02996
G1 X66.931 Y92.398 E0.02996
G1 X66.862 Y91.600 E0.02996
G1 X66.821 Y90.801 E0.02996
G1 X66.807 Y90.000 E0.02996
G1 X66.821 Y89.199 E0.02996
G1 X66.862 Y88.400 E0.02996
G1 X66.931 Y87.602 E0.02996
G1 X67.028 Y86.807 E0.02996
G1 X67.152 Y86.016 E0.02996
G1 X67.303 Y85.230 E0.02996
G1 X67.481 Y84.450 E0.02996
G1 X67.686 Y83.676 E0.02996
G1 X67.918 Y82.909 E0.02996
G1 X68.175 Y82.151 E0.02996
G1 X68.459 Y81.403 E0.02996
G1 X68.769 Y80.664 E0.02996
G1 X69.104 Y79.937 E0.02996
G1 X69.464 Y79.222 E0.02996
G1 X69.848 Y78.519 E0.02996
G1 X70.256 Y77.831 E0.02996
G1 X70.688 Y77.156 E0.02996
G1 X71.143 Y76.497 E0.02996
G1 X71.620 Y75.855 E0.02996
G1 X72.119 Y75.229 E0.02996
G1 X72.640 Y74.620 E0.02996
G1 X73.181 Y74.030 E0.02996
G1 X73.742 Y73.459 E0.02996
G1 X74.323 Y72.908 E0.02996
G1 X74.922 Y72.377 E0.02996
G1 X75.539 Y71.867 E0.02996
G1 X76.174 Y71.379 E0.02996
G1 X76.825 Y70.913 E0.02996
G1 X77.492 Y70.469 E0.02996
G1 X78.173 Y70.049 E0.02996
G1 X78.869 Y69.653 E0.02996
G1 X79.578 Y69.281 E0.02996
G1 X80.299 Y68.933 E0.02996
G1 X81.032 Y68.611 E0.02996
G1 X81.776 Y68.314 E0.02996
G1 X82.529 Y68.043 E0.02996
G1 X83.291 Y67.798 E0.02996
G1 X84.062 Y67.580 E0.02996
G1 X84.839 Y67.389 E0.02996
G1 X85.623 Y67.224 E0.02996
G1 X86.411 Y67.086 E0.02996
G1 X87.204 Y66.976 E0.02996
G1 X88.001 Y66.893 E0.02996
G1 X88.800 Y66.838 E0.02996
G1 X89.600 Y66.810 E0.02996
G1 X90.400 Y66.810 E0.02996
G1 X91.200 Y66.838 E0.02996
G1 X91.999 Y66.893 E0.02996
G1 X92.796 Y66.976 E0.02996
G1 X93.589 Y67.086 E0.02996
G1 X94.377 Y67.224 E0.02996
G1 X95.161 Y67.389 E0.02996
G1 X95.938 Y67.580 E0.02996
G1 X96.709 Y67.798 E0.02996
G1 X97.471 Y68.043 E0.02996
G1 X98.224 Y68.314 E0.02996
G1 X98.968 Y68.611 E0.02996
G1 X99.701 Y68.933 E0.02996
G1 X100.422 Y69.281 E0.02996
G1 X101.131 Y69.653 E0.02996
G1 X101.827 Y70.049 E0.02996
G1 X102.508 Y70.469 E0.02996
G1 X103.175 Y70.913 E0.02996
G1 X103.826 Y71.379 E0.02996
G1 X104.461 Y71.867 E0.02996
G1 X105.078 Y72.377 E0.02996
G1 X105.677 Y72.908 E0.02996
G1 X106.258 Y73.459 E0.02996
G1 X106.819 Y74.030 E0.02996
G1 X107.360 Y74.620 E0.02996
G1 X107.881 Y75.229 E0.02996
G1 X108.380 Y75.855 E0.02996
G1 X108.857 Y76.497 E0.02996
G1 X109.312 Y77.156 E0.02996
G1 X109.744 Y77.831 E0.02996
G1 X110.152 Y78.519 E0.02996
G1 X110.536 Y79.222 E0.02996
G1 X110.896 Y79.937 E0.02996
G1 X111.231 Y80.664 E0.02996
G1 X111.541 Y81.403 E0.02996
G1 X111.825 Y82.151 E0.02996
G1 X112.082 Y82.909 E0.02996
G1 X112.314 Y83.676 E0.02996
G1 X112.519 Y84.450 E0.02996
G1 X112.697 Y85.230 E0.02996
G1 X112.848 Y86.016 E0.02996
G1 X112.972 Y86.807 E0.02996
G1 X113.069 Y87.602 E0.02996
G1 X113.138 Y88.400 E0.02996
G1 X113.179 Y89.199 E0.02996
G1 X113.193 Y90.000 E0.02996
G1 E-0.70000 F2100
G1 X100.229 Y69.939 F9000
G1 E0.70000 F1500
;TYPE:Internal infill
G1 F5400
G1 X110.061 Y79.771 E0.52025
G1 X111.888 Y84.709 E0.19702
G1 X95.291 Y68.112 E0.87825
G1 X91.606 Y67.539 E0.13951
G1 X112.461 Y88.394 E1.10353
G1 X112.467 Y91.511 E0.11666
G1 X88.489 Y67.533 E1.26886
G1 X85.734 Y67.890 E0.10392
G1 X112.110 Y94.266 E1.39572
G1 X111.483 Y96.749 E0.09585
G1 X83.251 Y68.517 E1.49394
G1 X80.987 Y69.365 E0.09045
G1 X110.635 Y99.013 E1.56891
G1 X109.599 Y101.088 E0.08678
G1 X78.912 Y70.401 E1.62384
G1 X77.008 Y71.608 E0.08436
G1 X108.392 Y102.992 E1.66074
G1 X107.026 Y104.737 E0.08293
G1 X75.263 Y72.974 E1.68078
G1 X73.671 Y74.494 E0.08234
M73 P78 R4
G1 X105.506 Y106.329 E1.68458
G1 X103.833 Y107.768 E0.08255
G1 X72.232 Y76.167 E1.67223
G1 X70.949 Y77.995 E0.08357
G1 X102.005 Y109.051 E1.64338
G1 X100.013 Y110.169 E0.08551
G1 X69.831 Y79.987 E1.59713
G1 X68.891 Y82.159 E0.08854
G1 X97.841 Y111.109 E1.53191
G1 X95.465 Y111.845 E0.09305
G1 X68.155 Y84.535 E1.44515
G1 X67.663 Y87.153 E0.09970
G1 X92.847 Y112.337 E1.33264
G1 X89.916 Y112.518 E0.10987
G1 X67.482 Y90.084 E1.18711
G1 X67.750 Y93.463 E0.12683
G1 X86.537 Y112.250 E0.99413
G1 X82.356 Y111.181 E0.16145
G1 X68.819 Y97.644 E0.71635
;LAYER_CHANGE
;Z:14.60
;HEIGHT:0.2
G1 E-0.70000 F2100
G1 Z14.800 F720
G1 X112.334 Y90.000 F9000
G1 Z14.600 F720
G1 E0.70000 F1500
;TYPE:Perimeter
;WIDTH:0.45
G1 F2400
G1 X112.334 Y90.000 E0.00000
G1 X112.319 Y90.802 E0.03000
G1 X112.276 Y91.602 E0.03000
G1 X112.204 Y92.401 E0.03000
G1 X112.104 Y93.196 E0.03000
G1 X111.975 Y93.988 E0.03000
G1 X111.818 Y94.774 E0.03000
G1 X111.632 Y95.554 E0.03000
G1 X111.419 Y96.327 E0.03000
G1 X111.178 Y97.092 E0.03000
G1 X110.910 Y97.848 E0.03000
G1 X110.615 Y98.593 E0.03000
G1 X110.293 Y99.328 E0.03000
G1 X109.945 Y100.050 E0.03000
G1 X109.571 Y100.759 E0.03000
G1 X109.172 Y101.455 E0.03000
G1 X108.749 Y102.136 E0.03000
G1 X108.301 Y102.801 E0.03000
G1 X107.830 Y103.450 E0.03000
G1 X107.336 Y104.081 E0.03000
G1 X106.819 Y104.694 E0.03000
G1 X106.281 Y105.289 E0.03000
G1 X105.721 Y105.863 E0.03000
G1 X105.142 Y106.417 E0.03000
G1 X104.543 Y106.950 E0.03000
G1 X103.925 Y107.461 E0.03000
G1 X103.289 Y107.950 E0.03000
G1 X102.636 Y108.415 E0.03000
G1 X101.967 Y108.857 E0.03000
G1 X101.282 Y109.275 E0.03000
G1 X100.583 Y109.667 E0.03000
G1 X99.871 Y110.034 E0.03000
G1 X99.145 Y110.376 E0.03000
G1 X98.408 Y110.691 E0.03000
G1 X97.660 Y110.979 E0.03000
G1 X96.902 Y111.241 E0.03000
G1 X96.135 Y111.475 E0.03000
G1 X95.360 Y111.681 E0.03000
G1 X94.578 Y111.860 E0.03000
G1 X93.790 Y112.010 E0.03000
G1 X92.998 Y112.132 E0.03000
G1 X92.202 Y112.225 E0.03000
G1 X91.402 Y112.290 E0.03000
G1 X90.601 Y112.326 E0.03000
G1 X89.800 Y112.333 E0.03000
G1 X88.998 Y112.311 E0.03000
G1 X88.198 Y112.261 E0.03000
G1 X87.400 Y112.182 E0.03000
G1 X86.605 Y112.074 E0.03000
G1 X85.815 Y111.938 E0.03000
G1 X85.030 Y111.774 E0.03000
G1 X84.252 Y111.581 E0.03000
G1 X83.481 Y111.361 E0.03000
G1 X82.718 Y111.113 E0.03000
G1 X81.965 Y110.838 E0.03000
G1 X81.222 Y110.537 E0.03000
G1 X80.491 Y110.208 E0.03000
G1 X79.771 Y109.854 E0.03000
G1 X79.065 Y109.474 E0.03000
G1 X78.373 Y109.069 E0.03000
G1 X77.696 Y108.639 E0.03000
G1 X77.035 Y108.186 E0.03000
G1 X76.391 Y107.708 E0.03000
G1 X75.764 Y107.209 E0.03000
G1 X75.155 Y106.686 E0.03000
G1 X74.566 Y106.143 E0.03000
G1 X73.996 Y105.578 E0.03000
G1 X73.447 Y104.994 E0.03000
G1 X72.920 Y104.390 E0.03000
G1 X72.414 Y103.768 E0.03000
G1 X71.932 Y103.128 E0.03000
G1 X71.472 Y102.470 E0.03000
G1 X71.036 Y101.797 E0.03000
G1 X70.625 Y101.109 E0.03000
G1 X70.239 Y100.406 E0.03000
G1 X69.878 Y99.690 E0.03000
G1 X69.543 Y98.962 E0.03000
G1 X69.234 Y98.222 E0.03000
G1 X68.953 Y97.471 E0.03000
G1 X68.698 Y96.711 E0.03000
G1 X68.471 Y95.942 E0.03000
G1 X68.272 Y95.165 E0.03000
G1 X68.100 Y94.382 E0.03000
G1 X67.957 Y93.593 E0.03000
G1 X67.842 Y92.799 E0.03000
G1 X67.756 Y92.002 E0.03000
G1 X67.698 Y91.202 E0.03000
G1 X67.670 Y90.401 E0.03000
G1 X67.670 Y89.599 E0.03000
G1 X67.698 Y88.798 E0.03000
G1 X67.756 Y87.998 E0.03000
G1 X67.842 Y87.201 E0.03000
G1 X67.957 Y86.407 E0.03000
G1 X68.100 Y85.618 E0.03000
G1 X68.272 Y84.835 E0.03000
G1 X68.471 Y84.058 E0.03000
G1 X68.698 Y83.289 E0.03000
G1 X68.953 Y82.529 E0.03000
G1 X69.234 Y81.778 E0.03000
G1 X69.543 Y81.038 E0.03000
G1 X69.878 Y80.310 E0.03000
G1 X70.239 Y79.594 E0.03000
G1 X70.625 Y78.891 E0.03000
G1 X71.036 Y78.203 E0.03000
G1 X71.472 Y77.530 E0.03000
G1 X71.932 Y76.872 E0.03000
G1 X72.414 Y76.232 E0.03000
G1 X72.920 Y75.610 E0.03000
G1 X73.447 Y75.006 E0.03000
G1 X73.996 Y74.422 E0.03000
G1 X74.566 Y73.857 E0.03000
G1 X75.155 Y73.314 E0.03000
G1 X75.764 Y72.791 E0.03000
G1 X76.391 Y72.292 E0.03000
G1 X77.035 Y71.814 E0.03000
G1 X77.696 Y71.361 E0.03000
G1 X78.373 Y70.931 E0.03000
G1 X79.065 Y70.526 E0.03000
G1 X79.771 Y70.146 E0.03000
G1 X80.491 Y69.792 E0.03000
G1 X81.222 Y69.463 E0.03000
G1 X81.965 Y69.162 E0.03000
G1 X82.718 Y68.887 E0.03000
G1 X83.481 Y68.639 E0.03000
G1 X84.252 Y68.419 E0.03000
G1 X85.030 Y68.226 E0.03000
G1 X85.815 Y68.062 E0.03000
G1 X86.605 Y67.926 E0.03000
G1 X87.400 Y67.818 E0.03000
G1 X88.198 Y67.739 E0.03000
G1 X88.998 Y67.689 E0.03000
G1 X89.800 Y67.667 E0.03000
G1 X90.601 Y67.674 E0.03000
G1 X91.402 Y67.710 E0.03000
G1 X92.202 Y67.775 E0.03000
G1 X92.998 Y67.868 E0.03000
G1 X93.790 Y67.990 E0.03000
G1 X94.578 Y68.140 E0.03000
G1 X95.360 Y68.319 E0.03000
G1 X96.135 Y68.525 E0.03000
G1 X96.902 Y68.759 E0.03000
G1 X97.660 Y69.021 E0.03000
G1 X98.408 Y69.309 E0.03000
G1 X99.145 Y69.624 E0.03000
G1 X99.871 Y69.966 E0.03000
G1 X100.583 Y70.333 E0.03000
G1 X101.282 Y70.725 E0.03000
G1 X101.967 Y71.143 E0.03000
G1 X102.636 Y71.585 E0.03000
G1 X103.289 Y72.050 E0.03000
G1 X103.925 Y72.539 E0.03000
G1 X104.543 Y73.050 E0.03000
G1 X105.142 Y73.583 E0.03000
G1 X105.721 Y74.137 E0.03000
G1 X106.281 Y74.711 E0.03000
G1 X106.819 Y75.306 E0.03000
G1 X107.336 Y75.919 E0.03000
G1 X107.830 Y76.550 E0.03000
G1 X108.301 Y77.199 E0.03000
G1 X108.749 Y77.864 E0.03000
G1 X109.172 Y78.545 E0.03000
G1 X109.571 Y79.241 E0.03000
G1 X109.945 Y79.950 E0.03000
G1 X110.293 Y80.672 E0.03000
G1 X110.615 Y81.407 E0.03000
G1 X110.910 Y82.152 E0.03000
G1 X111.178 Y82.908 E0.03000
G1 X111.419 Y83.673 E0.03000
G1 X111.632 Y84.446 E0.03000
G1 X111.818 Y85.226 E0.03000
G1 X111.975 Y86.012 E0.03000
G1 X112.104 Y86.804 E0.03000
G1 X112.204 Y87.599 E0.03000
G1 X112.276 Y88.398 E0.03000
G1 X112.319 Y89.198 E0.03000
G1 X112.334 Y90.000 E0.03000
G1 E-0.70000 F2100
G1 X112.784 Y90.000 F9000
G1 E0.70000 F1500
;TYPE:External perimeter
G1 F1800
G1 X112.784 Y90.000 E0.00000
G1 X112.770 Y90.804 E0.03009
G1 X112.727 Y91.607 E0.03009
G1 X112.656 Y92.408 E0.03009
G1 X112.557 Y93.206 E0.03009
G1 X112.430 Y94.000 E0.03009
G1 X112.275 Y94.789 E0.03009
G1 X112.092 Y95.573 E0.03009
G1 X111.881 Y96.349 E0.03009
G1 X111.644 Y97.117 E0.03009
G1 X111.379 Y97.876 E0.03009
G1 X111.088 Y98.626 E0.03009
G1 X110.770 Y99.365 E0.03009
G1 X110.427 Y100.092 E0.03009
G1 X110.058 Y100.807 E0.03009
G1 X109.664 Y101.508 E0.03009
G1 X109.246 Y102.195 E0.03009
M73 P79 R4
G1 X108.803 Y102.866 E0.03009
G1 X108.338 Y103.522 E0.03009
G1 X107.849 Y104.161 E0.03009
G1 X107.338 Y104.782 E0.03009
G1 X106.806 Y105.384 E0.03009
G1 X106.252 Y105.968 E0.03009
G1 X105.679 Y106.531 E0.03009
G1 X105.085 Y107.074 E0.03009
G1 X104.473 Y107.596 E0.03009
G1 X103.843 Y108.096 E0.03009
G1 X103.196 Y108.573 E0.03009
G1 X102.532 Y109.027 E0.03009
G1 X101.853 Y109.458 E0.03009
G1 X101.159 Y109.864 E0.03009
G1 X100.451 Y110.246 E0.03009
G1 X99.730 Y110.602 E0.03009
G1 X98.997 Y110.932 E0.03009
G1 X98.253 Y111.237 E0.03009
G1 X97.498 Y111.515 E0.03009
G1 X96.734 Y111.766 E0.03009
G1 X95.962 Y111.990 E0.03009
G1 X95.182 Y112.187 E0.03009
G1 X94.396 Y112.356 E0.03009
G1 X93.604 Y112.497 E0.03009
G1 X92.808 Y112.610 E0.03009
G1 X92.008 Y112.695 E0.03009
G1 X91.206 Y112.752 E0.03009
G1 X90.402 Y112.780 E0.03009
G1 X89.598 Y112.780 E0.03009
G1 X88.794 Y112.752 E0.03009
G1 X87.992 Y112.695 E0.03009
G1 X87.192 Y112.610 E0.03009
G1 X86.396 Y112.497 E0.03009
G1 X85.604 Y112.356 E0.03009
G1 X84.818 Y112.187 E0.03009
G1 X84.038 Y111.990 E0.03009
G1 X83.266 Y111.766 E0.03009
G1 X82.502 Y111.515 E0.03009
G1 X81.747 Y111.237 E0.03009
G1 X81.003 Y110.932 E0.03009
G1 X80.270 Y110.602 E0.03009
G1 X79.549 Y110.246 E0.03009
G1 X78.841 Y109.864 E0.03009
G1 X78.147 Y109.458 E0.03009
G1 X77.468 Y109.027 E0.03009
G1 X76.804 Y108.573 E0.03009
G1 X76.157 Y108.096 E0.03009
G1 X75.527 Y107.596 E0.03009
G1 X74.915 Y107.074 E0.03009
G1 X74.321 Y106.531 E0.03009
G1 X73.748 Y105.968 E0.03009
G1 X73.194 Y105.384 E0.03009
G1 X72.662 Y104.782 E0.03009
G1 X72.151 Y104.161 E0.03009
G1 X71.662 Y103.522 E0.03009
G1 X71.197 Y102.866 E0.03009
G1 X70.754 Y102.195 E0.03009
G1 X70.336 Y101.508 E0.03009
G1 X69.942 Y100.807 E0.03009
G1 X69.573 Y100.092 E0.03009
G1 X69.230 Y99.365 E0.03009
G1 X68.912 Y98.626 E0.03009
G1 X68.621 Y97.876 E0.03009
G1 X68.356 Y97.117 E0.03009
G1 X68.119 Y96.349 E0.03009
G1 X67.908 Y95.573 E0.03009
G1 X67.725 Y94.789 E0.03009
G1 X67.570 Y94.000 E0.03009
G1 X67.443 Y93.206 E0.03009
G1 X67.344 Y92.408 E0.03009
G1 X67.273 Y91.607 E0.03009
G1 X67.230 Y90.804 E0.03009
G1 X67.216 Y90.000 E0.03009
G1 X67.230 Y89.196 E0.03009
G1 X67.273 Y88.393 E0.03009
G1 X67.344 Y87.592 E0.03009
G1 X67.443 Y86.794 E0.03009
G1 X67.570 Y86.000 E0.03009
G1 X67.725 Y85.211 E0.03009
G1 X67.908 Y84.427 E0.03009
G1 X68.119 Y83.651 E0.03009
G1 X68.356 Y82.883 E0.03009
G1 X68.621 Y82.124 E0.03009
G1 X68.912 Y81.374 E0.03009
G1 X69.230 Y80.635 E0.03009
G1 X69.573 Y79.908 E0.03009
G1 X69.942 Y79.193 E0.03009
G1 X70.336 Y78.492 E0.03009
G1 X70.754 Y77.805 E0.03009
G1 X71.197 Y77.134 E0.03009
G1 X71.662 Y76.478 E0.03009
G1 X72.151 Y75.839 E0.03009
G1 X72.662 Y75.218 E0.03009
G1 X73.194 Y74.616 E0.03009
G1 X73.748 Y74.032 E0.03009
G1 X74.321 Y73.469 E0.03009
G1 X74.915 Y72.926 E0.03009
G1 X75.527 Y72.404 E0.03009
G1 X76.157 Y71.904 E0.03009
G1 X76.804 Y71.427 E0.03009
G1 X77.468 Y70.973 E0.03009
G1 X78.147 Y70.542 E0.03009
G1 X78.841 Y70.136 E0.03009
G1 X79.549 Y69.754 E0.03009
G1 X80.270 Y69.398 E0.03009
G1 X81.003 Y69.068 E0.03009
G1 X81.747 Y68.763 E0.03009
G1 X82.502 Y68.485 E0.03009
G1 X83.266 Y68.234 E0.03009
G1 X84.038 Y68.010 E0.03009
G1 X84.818 Y67.813 E0.03009
G1 X85.604 Y67.644 E0.03009
G1 X86.396 Y67.503 E0.03009
G1 X87.192 Y67.390 E0.03009
G1 X87.992 Y67.305 E0.03009
G1 X88.794 Y67.248 E0.03009
G1 X89.598 Y67.220 E0.03009
G1 X90.402 Y67.220 E0.03009
G1 X91.206 Y67.248 E0.03009
G1 X92.008 Y67.305 E0.03009
G1 X92.808 Y67.390 E0.03009
G1 X93.604 Y67.503 E0.03009
G1 X94.396 Y67.644 E0.03009
G1 X95.182 Y67.813 E0.03009
G1 X95.962 Y68.010 E0.03009
G1 X96.734 Y68.234 E0.03009
G1 X97.498 Y68.485 E0.03009
G1 X98.253 Y68.763 E0.03009
G1 X98.997 Y69.068 E0.03009
G1 X99.730 Y69.398 E0.03009
G1 X100.451 Y69.754 E0.03009
G1 X101.159 Y70.136 E0.03009
G1 X101.853 Y70.542 E0.03009
G1 X102.532 Y70.973 E0.03009
G1 X103.196 Y71.427 E0.03009
G1 X103.843 Y71.904 E0.03009
G1 X104.473 Y72.404 E0.03009
G1 X105.085 Y72.926 E0.03009
G1 X105.679 Y73.469 E0.03009
G1 X106.252 Y74.032 E0.03009
G1 X106.806 Y74.616 E0.03009
G1 X107.338 Y75.218 E0.03009
G1 X107.849 Y75.839 E0.03009
G1 X108.338 Y76.478 E0.03009
G1 X108.803 Y77.134 E0.03009
G1 X109.246 Y77.805 E0.03009
G1 X109.664 Y78.492 E0.03009
G1 X110.058 Y79.193 E0.03009
G1 X110.427 Y79.908 E0.03009
G1 X110.770 Y80.635 E0.03009
G1 X111.088 Y81.374 E0.03009
G1 X111.379 Y82.124 E0.03009
G1 X111.644 Y82.883 E0.03009
G1 X111.881 Y83.651 E0.03009
G1 X112.092 Y84.427 E0.03009
G1 X112.275 Y85.211 E0.03009
G1 X112.430 Y86.000 E0.03009
G1 X112.557 Y86.794 E0.03009
G1 X112.656 Y87.592 E0.03009
G1 X112.727 Y88.393 E0.03009
G1 X112.770 Y89.196 E0.03009
G1 X112.784 Y90.000 E0.03009
G1 E-0.70000 F2100
G1 X70.275 Y80.014 F9000
G1 E0.70000 F1500
;TYPE:Internal infill
G1 F5400
G1 X80.014 Y70.275 E0.51538
G1 X84.917 Y68.483 E0.19530
G1 X68.483 Y84.917 E0.86960
G1 X67.937 Y88.574 E0.13837
G1 X88.574 Y67.937 E1.09205
G1 X91.669 Y67.954 E0.11578
G1 X67.954 Y91.669 E1.25489
G1 X68.333 Y94.401 E0.10320
G1 X94.401 Y68.333 E1.37938
G1 X96.862 Y68.983 E0.09526
G1 X68.983 Y96.862 E1.47527
G1 X69.853 Y99.104 E0.08997
G1 X99.104 Y69.853 E1.54789
G1 X101.156 Y70.912 E0.08640
G1 X70.912 Y101.156 E1.60040
G1 X72.143 Y103.036 E0.08409
G1 X103.036 Y72.143 E1.63474
G1 X104.755 Y73.535 E0.08277
M73 P80 R3
G1 X73.535 Y104.755 E1.65205
G1 X75.083 Y106.318 E0.08232
G1 X106.318 Y75.083 E1.65286
G1 X107.726 Y76.787 E0.08269
G1 X76.787 Y107.726 E1.63720
G1 X78.651 Y108.974 E0.08392
G1 X108.974 Y78.651 E1.60458
G1 X110.051 Y80.685 E0.08612
G1 X80.685 Y110.051 E1.55394
G1 X82.907 Y110.940 E0.08955
G1 X110.940 Y82.907 E1.48343
G1 X111.613 Y85.345 E0.09464
G1 X85.345 Y111.613 E1.39004
G1 X88.047 Y112.022 E0.10226
G1 X112.022 Y88.047 E1.26871
G1 X112.082 Y91.099 E0.11423
G1 X91.099 Y112.082 E1.11032
G1 X94.685 Y111.607 E0.13535
G1 X111.607 Y94.685 E0.89544
G1 X110.018 Y99.385 E0.18564
G1 X99.385 Y110.018 E0.56267
;LAYER_CHANGE
;Z:14.80
;HEIGHT:0.2
G1 E-0.70000 F2100
G1 Z15.000 F720
G1 X111.833 Y90.000 F9000
G1 Z14.800 F720
G1 E0.70000 F1500
;TYPE:Perimeter
;WIDTH:0.45
G1 F2400
G1 X111.833 Y90.000 E0.00000
G1 X111.818 Y90.802 E0.03002
G1 X111.774 Y91.603 E0.03002
G1 X111.701 Y92.402 E0.03002
G1 X111.598 Y93.197 E0.03002
G1 X111.466 Y93.989 E0.03002
G1 X111.305 Y94.774 E0.03002
G1 X111.115 Y95.554 E0.03002
G1 X110.897 Y96.326 E0.03002
G1 X110.650 Y97.089 E0.03002
G1 X110.376 Y97.843 E0.03002
G1 X110.074 Y98.586 E0.03002
G1 X109.745 Y99.318 E0.03002
G1 X109.389 Y100.037 E0.03002
G1 X109.007 Y100.742 E0.03002
G1 X108.600 Y101.433 E0.03002
G1 X108.167 Y102.109 E0.03002
G1 X107.710 Y102.768 E0.03002
G1 X107.229 Y103.410 E0.03002
G1 X106.725 Y104.034 E0.03002
G1 X106.198 Y104.639 E0.03002
G1 X105.650 Y105.224 E0.03002
G1 X105.080 Y105.789 E0.03002
G1 X104.490 Y106.332 E0.03002
G1 X103.880 Y106.853 E0.03002
G1 X103.251 Y107.352 E0.03002
G1 X102.605 Y107.827 E0.03002
G1 X101.942 Y108.278 E0.03002
G1 X101.262 Y108.704 E0.03002
G1 X100.567 Y109.105 E0.03002
G1 X99.858 Y109.481 E0.03002
G1 X99.136 Y109.830 E0.03002
G1 X98.401 Y110.152 E0.03002
G1 X97.655 Y110.447 E0.03002
G1 X96.899 Y110.714 E0.03002
G1 X96.134 Y110.954 E0.03002
G1 X95.360 Y111.165 E0.03002
G1 X94.579 Y111.348 E0.03002
G1 X93.791 Y111.501 E0.03002
G1 X92.999 Y111.626 E0.03002
G1 X92.202 Y111.722 E0.03002
G1 X91.403 Y111.788 E0.03002
G1 X90.602 Y111.825 E0.03002
G1 X89.799 Y111.832 E0.03002
G1 X88.998 Y111.810 E0.03002
G1 X88.197 Y111.759 E0.03002
G1 X87.399 Y111.678 E0.03002
G1 X86.604 Y111.567 E0.03002
G1 X85.814 Y111.428 E0.03002
G1 X85.030 Y111.260 E0.03002
G1 X84.252 Y111.063 E0.03002
G1 X83.483 Y110.838 E0.03002
G1 X82.721 Y110.584 E0.03002
G1 X81.970 Y110.303 E0.03002
G1 X81.230 Y109.994 E0.03002
G1 X80.501 Y109.658 E0.03002
G1 X79.785 Y109.296 E0.03002
G1 X79.083 Y108.908 E0.03002
G1 X78.396 Y108.494 E0.03002
G1 X77.725 Y108.055 E0.03002
G1 X77.070 Y107.592 E0.03002
G1 X76.432 Y107.105 E0.03002
G1 X75.813 Y106.595 E0.03002
G1 X75.213 Y106.063 E0.03002
G1 X74.633 Y105.509 E0.03002
G1 X74.073 Y104.934 E0.03002
G1 X73.536 Y104.339 E0.03002
G1 X73.020 Y103.724 E0.03002
G1 X72.527 Y103.091 E0.03002
G1 X72.058 Y102.441 E0.03002
G1 X71.613 Y101.773 E0.03002
G1 X71.193 Y101.090 E0.03002
G1 X70.798 Y100.391 E0.03002
G1 X70.430 Y99.679 E0.03002
G1 X70.087 Y98.954 E0.03002
G1 X69.772 Y98.216 E0.03002
G1 X69.484 Y97.467 E0.03002
G1 X69.223 Y96.709 E0.03002
G1 X68.991 Y95.941 E0.03002
G1 X68.787 Y95.165 E0.03002
G1 X68.611 Y94.382 E0.03002
G1 X68.465 Y93.594 E0.03002
G1 X68.347 Y92.800 E0.03002
G1 X68.259 Y92.003 E0.03002
G1 X68.200 Y91.203 E0.03002
G1 X68.171 Y90.401 E0.03002
G1 X68.171 Y89.599 E0.03002
G1 X68.200 Y88.797 E0.03002
G1 X68.259 Y87.997 E0.03002
G1 X68.347 Y87.200 E0.03002
G1 X68.465 Y86.406 E0.03002
G1 X68.611 Y85.618 E0.03002
G1 X68.787 Y84.835 E0.03002
G1 X68.991 Y84.059 E0.03002
G1 X69.223 Y83.291 E0.03002
G1 X69.484 Y82.533 E0.03002
G1 X69.772 Y81.784 E0.03002
G1 X70.087 Y81.046 E0.03002
G1 X70.430 Y80.321 E0.03002
G1 X70.798 Y79.609 E0.03002
G1 X71.193 Y78.910 E0.03002
G1 X71.613 Y78.227 E0.03002
G1 X72.058 Y77.559 E0.03002
G1 X72.527 Y76.909 E0.03002
G1 X73.020 Y76.276 E0.03002
G1 X73.536 Y75.661 E0.03002
G1 X74.073 Y75.066 E0.03002
G1 X74.633 Y74.491 E0.03002
G1 X75.213 Y73.937 E0.03002
G1 X75.813 Y73.405 E0.03002
G1 X76.432 Y72.895 E0.03002
G1 X77.070 Y72.408 E0.03002
G1 X77.725 Y71.945 E0.03002
G1 X78.396 Y71.506 E0.03002
G1 X79.083 Y71.092 E0.03002
G1 X79.785 Y70.704 E0.03002
G1 X80.501 Y70.342 E0.03002
G1 X81.230 Y70.006 E0.03002
G1 X81.970 Y69.697 E0.03002
G1 X82.721 Y69.416 E0.03002
G1 X83.483 Y69.162 E0.03002
G1 X84.252 Y68.937 E0.03002
G1 X85.030 Y68.740 E0.03002
G1 X85.814 Y68.572 E0.03002
G1 X86.604 Y68.433 E0.03002
G1 X87.399 Y68.322 E0.03002
G1 X88.197 Y68.241 E0.03002
G1 X88.998 Y68.190 E0.03002
G1 X89.799 Y68.168 E0.03002
G1 X90.602 Y68.175 E0.03002
G1 X91.403 Y68.212 E0.03002
G1 X92.202 Y68.278 E0.03002
G1 X92.999 Y68.374 E0.03002
G1 X93.791 Y68.499 E0.03002
G1 X94.579 Y68.652 E0.03002
G1 X95.360 Y68.835 E0.03002
G1 X96.134 Y69.046 E0.03002
G1 X96.899 Y69.286 E0.03002
G1 X97.655 Y69.553 E0.03002
G1 X98.401 Y69.848 E0.03002
G1 X99.136 Y70.170 E0.03002
G1 X99.858 Y70.519 E0.03002
G1 X100.567 Y70.895 E0.03002
G1 X101.262 Y71.296 E0.03002
G1 X101.942 Y71.722 E0.03002
G1 X102.605 Y72.173 E0.03002
G1 X103.251 Y72.648 E0.03002
G1 X103.880 Y73.147 E0.03002
G1 X104.490 Y73.668 E0.03002
G1 X105.080 Y74.211 E0.03002
G1 X105.650 Y74.776 E0.03002
G1 X106.198 Y75.361 E0.03002
G1 X106.725 Y75.966 E0.03002
G1 X107.229 Y76.590 E0.03002
G1 X107.710 Y77.232 E0.03002
G1 X108.167 Y77.891 E0.03002
G1 X108.600 Y78.567 E0.03002
G1 X109.007 Y79.258 E0.03002
G1 X109.389 Y79.963 E0.03002
G1 X109.745 Y80.682 E0.03002
G1 X110.074 Y81.414 E0.03002
G1 X110.376 Y82.157 E0.03002
G1 X110.650 Y82.911 E0.03002
G1 X110.897 Y83.674 E0.03002
G1 X111.115 Y84.446 E0.03002
G1 X111.305 Y85.226 E0.03002
G1 X111.466 Y86.011 E0.03002
G1 X111.598 Y86.803 E0.03002
G1 X111.701 Y87.598 E0.03002
G1 X111.774 Y88.397 E0.03002
G1 X111.818 Y89.198 E0.03002
G1 X111.833 Y90.000 E0.03002
G1 E-0.70000 F2100
G1 X112.283 Y90.000 F9000
G1 E0.70000 F1500
;TYPE:External perimeter
G1 F1800
G1 X112.283 Y90.000 E0.00000
G1 X112.269 Y90.800 E0.02993
G1 X112.226 Y91.599 E0.02993
G1 X112.154 Y92.396 E0.02993
G1 X112.054 Y93.189 E0.02993
G1 X111.925 Y93.979 E0.02993
G1 X111.768 Y94.763 E0.02993
G1 X111.583 Y95.542 E0.02993
G1 X111.370 Y96.313 E0.02993
G1 X111.130 Y97.076 E0.02993
G1 X110.862 Y97.830 E0.02993
M73 P81 R3
G1 X110.568 Y98.574 E0.02993
G1 X110.247 Y99.306 E0.02993
G1 X109.900 Y100.027 E0.02993
G1 X109.527 Y100.735 E0.02993
G1 X109.129 Y101.429 E0.02993
G1 X108.706 Y102.108 E0.02993
G1 X108.260 Y102.772 E0.02993
G1 X107.789 Y103.419 E0.02993
G1 X107.296 Y104.049 E0.02993
G1 X106.781 Y104.661 E0.02993
G1 X106.244 Y105.254 E0.02993
G1 X105.686 Y105.827 E0.02993
G1 X105.107 Y106.380 E0.02993
G1 X104.510 Y106.912 E0.02993
G1 X103.893 Y107.422 E0.02993
G1 X103.259 Y107.909 E0.02993
G1 X102.608 Y108.374 E0.02993
G1 X101.940 Y108.814 E0.02993
G1 X101.257 Y109.231 E0.02993
G1 X100.559 Y109.622 E0.02993
G1 X99.848 Y109.989 E0.02993
G1 X99.124 Y110.329 E0.02993
G1 X98.389 Y110.644 E0.02993
G1 X97.642 Y110.932 E0.02993
G1 X96.886 Y111.192 E0.02993
G1 X96.121 Y111.426 E0.02993
G1 X95.348 Y111.632 E0.02993
G1 X94.568 Y111.810 E0.02993
G1 X93.782 Y111.960 E0.02993
G1 X92.991 Y112.081 E0.02993
G1 X92.197 Y112.175 E0.02993
G1 X91.399 Y112.239 E0.02993
G1 X90.600 Y112.275 E0.02993
G1 X89.800 Y112.282 E0.02993
G1 X89.000 Y112.261 E0.02993
G1 X88.202 Y112.210 E0.02993
G1 X87.406 Y112.132 E0.02993
G1 X86.613 Y112.024 E0.02993
G1 X85.825 Y111.888 E0.02993
G1 X85.042 Y111.724 E0.02993
G1 X84.265 Y111.532 E0.02993
G1 X83.496 Y111.313 E0.02993
G1 X82.735 Y111.065 E0.02993
G1 X81.983 Y110.791 E0.02993
G1 X81.242 Y110.490 E0.02993
G1 X80.512 Y110.162 E0.02993
G1 X79.795 Y109.809 E0.02993
G1 X79.090 Y109.430 E0.02993
G1 X78.400 Y109.026 E0.02993
G1 X77.724 Y108.597 E0.02993
G1 X77.065 Y108.144 E0.02993
G1 X76.422 Y107.668 E0.02993
G1 X75.796 Y107.169 E0.02993
G1 X75.189 Y106.648 E0.02993
G1 X74.601 Y106.106 E0.02993
G1 X74.033 Y105.543 E0.02993
G1 X73.485 Y104.960 E0.02993
G1 X72.959 Y104.357 E0.02993
G1 X72.454 Y103.736 E0.02993
G1 X71.973 Y103.098 E0.02993
G1 X71.514 Y102.442 E0.02993
G1 X71.079 Y101.771 E0.02993
G1 X70.669 Y101.084 E0.02993
G1 X70.284 Y100.383 E0.02993
G1 X69.924 Y99.668 E0.02993
G1 X69.590 Y98.941 E0.02993
G1 X69.282 Y98.203 E0.02993
G1 X69.001 Y97.454 E0.02993
G1 X68.747 Y96.695 E0.02993
G1 X68.520 Y95.928 E0.02993
G1 X68.321 Y95.153 E0.02993
G1 X68.150 Y94.372 E0.02993
G1 X68.007 Y93.585 E0.02993
G1 X67.893 Y92.793 E0.02993
G1 X67.807 Y91.997 E0.02993
G1 X67.749 Y91.199 E0.02993
G1 X67.721 Y90.400 E0.02993
G1 X67.721 Y89.600 E0.02993
G1 X67.749 Y88.801 E0.02993
G1 X67.807 Y88.003 E0.02993
G1 X67.893 Y87.207 E0.02993
G1 X68.007 Y86.415 E0.02993
G1 X68.150 Y85.628 E0.02993
G1 X68.321 Y84.847 E0.02993
G1 X68.520 Y84.072 E0.02993
G1 X68.747 Y83.305 E0.02993
G1 X69.001 Y82.546 E0.02993
G1 X69.282 Y81.797 E0.02993
G1 X69.590 Y81.059 E0.02993
G1 X69.924 Y80.332 E0.02993
G1 X70.284 Y79.617 E0.02993
G1 X70.669 Y78.916 E0.02993
G1 X71.079 Y78.229 E0.02993
G1 X71.514 Y77.558 E0.02993
G1 X71.973 Y76.902 E0.02993
G1 X72.454 Y76.264 E0.02993
G1 X72.959 Y75.643 E0.02993
G1 X73.485 Y75.040 E0.02993
G1 X74.033 Y74.457 E0.02993
G1 X74.601 Y73.894 E0.02993
G1 X75.189 Y73.352 E0.02993
G1 X75.796 Y72.831 E0.02993
G1 X76.422 Y72.332 E0.02993
G1 X77.065 Y71.856 E0.02993
G1 X77.724 Y71.403 E0.02993
G1 X78.400 Y70.974 E0.02993
G1 X79.090 Y70.570 E0.02993
G1 X79.795 Y70.191 E0.02993
G1 X80.512 Y69.838 E0.02993
G1 X81.242 Y69.510 E0.02993
G1 X81.983 Y69.209 E0.02993
G1 X82.735 Y68.935 E0.02993
G1 X83.496 Y68.687 E0.02993
G1 X84.265 Y68.468 E0.02993
G1 X85.042 Y68.276 E0.02993
G1 X85.825 Y68.112 E0.02993
G1 X86.613 Y67.976 E0.02993
G1 X87.406 Y67.868 E0.02993
G1 X88.202 Y67.790 E0.02993
G1 X89.000 Y67.739 E0.02993
G1 X89.800 Y67.718 E0.02993
G1 X90.600 Y67.725 E0.02993
G1 X91.399 Y67.761 E0.02993
G1 X92.197 Y67.825 E0.02993
G1 X92.991 Y67.919 E0.02993
G1 X93.782 Y68.040 E0.02993
G1 X94.568 Y68.190 E0.02993
G1 X95.348 Y68.368 E0.02993
G1 X96.121 Y68.574 E0.02993
G1 X96.886 Y68.808 E0.02993
G1 X97.642 Y69.068 E0.02993
G1 X98.389 Y69.356 E0.02993
G1 X99.124 Y69.671 E0.02993
G1 X99.848 Y70.011 E0.02993
G1 X100.559 Y70.378 E0.02993
G1 X101.257 Y70.769 E0.02993
G1 X101.940 Y71.186 E0.02993
G1 X102.608 Y71.626 E0.02993
G1 X103.259 Y72.091 E0.02993
G1 X103.893 Y72.578 E0.02993
G1 X104.510 Y73.088 E0.02993
G1 X105.107 Y73.620 E0.02993
G1 X105.686 Y74.173 E0.02993
G1 X106.244 Y74.746 E0.02993
G1 X106.781 Y75.339 E0.02993
G1 X107.296 Y75.951 E0.02993
G1 X107.789 Y76.581 E0.02993
G1 X108.260 Y77.228 E0.02993
G1 X108.706 Y77.892 E0.02993
G1 X109.129 Y78.571 E0.02993
G1 X109.527 Y79.265 E0.02993
G1 X109.900 Y79.973 E0.02993
G1 X110.247 Y80.694 E0.02993
G1 X110.568 Y81.426 E0.02993
G1 X110.862 Y82.170 E0.02993
G1 X111.130 Y82.924 E0.02993
G1 X111.370 Y83.687 E0.02993
G1 X111.583 Y84.458 E0.02993
G1 X111.768 Y85.237 E0.02993
G1 X111.925 Y86.021 E0.02993
G1 X112.054 Y86.811 E0.02993
G1 X112.154 Y87.604 E0.02993
G1 X112.226 Y88.401 E0.02993
G1 X112.269 Y89.200 E0.02993
G1 X112.283 Y90.000 E0.02993
G1 E-0.70000 F2100
G1 X99.689 Y70.686 F9000
G1 E0.70000 F1500
;TYPE:Internal infill
G1 F5400
G1 X109.314 Y80.311 E0.50936
G1 X111.061 Y85.170 E0.19318
G1 X94.830 Y68.939 E0.85889
G1 X91.206 Y68.426 E0.13697
G1 X111.574 Y88.794 E1.07783
G1 X111.528 Y91.859 E0.11469
G1 X88.141 Y68.472 E1.23756
G1 X85.437 Y68.879 E0.10232
G1 X111.121 Y94.563 E1.35910
G1 X110.444 Y96.997 E0.09454
G1 X83.003 Y69.556 E1.45209
G1 X80.789 Y70.454 E0.08939
G1 X109.546 Y99.211 E1.52176
G1 X108.458 Y101.234 E0.08595
G1 X78.766 Y71.542 E1.57121
G1 X76.916 Y72.803 E0.08378
G1 X107.197 Y103.084 E1.60234
G1 X105.772 Y104.770 E0.08261
M73 P82 R3
G1 X75.230 Y74.228 E1.61618
G1 X73.702 Y75.812 E0.08233
G1 X104.188 Y106.298 E1.61319
G1 X102.444 Y107.665 E0.08292
G1 X72.335 Y77.556 E1.59327
G1 X71.134 Y79.466 E0.08443
G1 X100.534 Y108.866 E1.55577
G1 X98.446 Y109.889 E0.08701
G1 X70.111 Y81.554 E1.49938
G1 X69.288 Y83.843 E0.09099
G1 X96.157 Y110.712 E1.42184
G1 X93.634 Y111.300 E0.09694
G1 X68.700 Y86.366 E1.31944
G1 X68.407 Y89.185 E0.10604
G1 X90.815 Y111.593 E1.18575
G1 X87.584 Y111.473 E0.12100
G1 X68.527 Y92.416 E1.00840
G1 X69.344 Y96.344 E0.15013
G1 X83.656 Y110.656 E0.75731
G1 X77.548 Y107.660 E0.25453
G1 X72.340 Y102.452 E0.27560
;LAYER_CHANGE
;Z:15.00
;HEIGHT:0.2
G1 E-0.70000 F2100
G1 Z15.200 F720
G1 X111.234 Y90.000 F9000
G1 Z15.000 F720
G1 E0.70000 F1500
;TYPE:Perimeter
;WIDTH:0.45
G1 F2400
G1 X111.234 Y90.000 E0.00000
G1 X111.219 Y90.804 E0.03007
G1 X111.173 Y91.606 E0.03007
G1 X111.097 Y92.406 E0.03007
G1 X110.991 Y93.203 E0.03007
G1 X110.855 Y93.995 E0.03007
G1 X110.689 Y94.781 E0.03007
G1 X110.493 Y95.560 E0.03007
G1 X110.268 Y96.332 E0.03007
G1 X110.014 Y97.094 E0.03007
G1 X109.731 Y97.847 E0.03007
G1 X109.420 Y98.588 E0.03007
G1 X109.081 Y99.316 E0.03007
G1 X108.715 Y100.032 E0.03007
G1 X108.322 Y100.733 E0.03007
G1 X107.903 Y101.419 E0.03007
G1 X107.458 Y102.088 E0.03007
G1 X106.988 Y102.740 E0.03007
G1 X106.494 Y103.374 E0.03007
G1 X105.976 Y103.988 E0.03007
G1 X105.435 Y104.583 E0.03007
G1 X104.872 Y105.156 E0.03007
G1 X104.288 Y105.708 E0.03007
G1 X103.683 Y106.238 E0.03007
G1 X103.059 Y106.744 E0.03007
G1 X102.416 Y107.226 E0.03007
G1 X101.755 Y107.683 E0.03007
G1 X101.078 Y108.116 E0.03007
G1 X100.384 Y108.522 E0.03007
G1 X99.676 Y108.902 E0.03007
G1 X98.954 Y109.254 E0.03007
G1 X98.219 Y109.579 E0.03007
G1 X97.472 Y109.876 E0.03007
G1 X96.714 Y110.145 E0.03007
G1 X95.947 Y110.384 E0.03007
G1 X95.172 Y110.595 E0.03007
G1 X94.389 Y110.776 E0.03007
G1 X93.599 Y110.927 E0.03007
G1 X92.805 Y111.048 E0.03007
G1 X92.006 Y111.139 E0.03007
G1 X91.205 Y111.200 E0.03007
G1 X90.402 Y111.230 E0.03007
G1 X89.598 Y111.230 E0.03007
G1 X88.795 Y111.200 E0.03007
G1 X87.994 Y111.139 E0.03007
G1 X87.195 Y111.048 E0.03007
G1 X86.401 Y110.927 E0.03007
G1 X85.611 Y110.776 E0.03007
G1 X84.828 Y110.595 E0.03007
G1 X84.053 Y110.384 E0.03007
G1 X83.286 Y110.145 E0.03007
G1 X82.528 Y109.876 E0.03007
G1 X81.781 Y109.579 E0.03007
G1 X81.046 Y109.254 E0.03007
G1 X80.324 Y108.902 E0.03007
G1 X79.616 Y108.522 E0.03007
G1 X78.922 Y108.116 E0.03007
G1 X78.245 Y107.683 E0.03007
G1 X77.584 Y107.226 E0.03007
G1 X76.941 Y106.744 E0.03007
G1 X76.317 Y106.238 E0.03007
G1 X75.712 Y105.708 E0.03007
G1 X75.128 Y105.156 E0.03007
G1 X74.565 Y104.583 E0.03007
G1 X74.024 Y103.988 E0.03007
G1 X73.506 Y103.374 E0.03007
G1 X73.012 Y102.740 E0.03007
G1 X72.542 Y102.088 E0.03007
G1 X72.097 Y101.419 E0.03007
G1 X71.678 Y100.733 E0.03007
G1 X71.285 Y100.032 E0.03007
G1 X70.919 Y99.316 E0.03007
G1 X70.580 Y98.588 E0.03007
G1 X70.269 Y97.847 E0.03007
G1 X69.986 Y97.094 E0.03007
G1 X69.732 Y96.332 E0.03007
G1 X69.507 Y95.560 E0.03007
G1 X69.311 Y94.781 E0.03007
G1 X69.145 Y93.995 E0.03007
G1 X69.009 Y93.203 E0.03007
G1 X68.903 Y92.406 E0.03007
G1 X68.827 Y91.606 E0.03007
G1 X68.781 Y90.804 E0.03007
G1 X68.766 Y90.000 E0.03007
G1 X68.781 Y89.196 E0.03007
G1 X68.827 Y88.394 E0.03007
G1 X68.903 Y87.594 E0.03007
G1 X69.009 Y86.797 E0.03007
G1 X69.145 Y86.005 E0.03007
G1 X69.311 Y85.219 E0.03007
G1 X69.507 Y84.440 E0.03007
G1 X69.732 Y83.668 E0.03007
G1 X69.986 Y82.906 E0.03007
G1 X70.269 Y82.153 E0.03007
G1 X70.580 Y81.412 E0.03007
G1 X70.919 Y80.684 E0.03007
G1 X71.285 Y79.968 E0.03007
G1 X71.678 Y79.267 E0.03007
G1 X72.097 Y78.581 E0.03007
G1 X72.542 Y77.912 E0.03007
G1 X73.012 Y77.260 E0.03007
G1 X73.506 Y76.626 E0.03007
G1 X74.024 Y76.012 E0.03007
G1 X74.565 Y75.417 E0.03007
G1 X75.128 Y74.844 E0.03007
G1 X75.712 Y74.292 E0.03007
G1 X76.317 Y73.762 E0.03007
G1 X76.941 Y73.256 E0.03007
G1 X77.584 Y72.774 E0.03007
G1 X78.245 Y72.317 E0.03007
G1 X78.922 Y71.884 E0.03007
G1 X79.616 Y71.478 E0.03007
G1 X80.324 Y71.098 E0.03007
G1 X81.046 Y70.746 E0.03007
G1 X81.781 Y70.421 E0.03007
G1 X82.528 Y70.124 E0.03007
G1 X83.286 Y69.855 E0.03007
G1 X84.053 Y69.616 E0.03007
G1 X84.828 Y69.405 E0.03007
G1 X85.611 Y69.224 E0.03007
G1 X86.401 Y69.073 E0.03007
G1 X87.195 Y68.952 E0.03007
G1 X87.994 Y68.861 E0.03007
G1 X88.795 Y68.800 E0.03007
G1 X89.598 Y68.770 E0.03007
G1 X90.402 Y68.770 E0.03007
G1 X91.205 Y68.800 E0.03007
G1 X92.006 Y68.861 E0.03007
G1 X92.805 Y68.952 E0.03007
G1 X93.599 Y69.073 E0.03007
G1 X94.389 Y69.224 E0.03007
G1 X95.172 Y69.405 E0.03007
G1 X95.947 Y69.616 E0.03007
G1 X96.714 Y69.855 E0.03007
G1 X97.472 Y70.124 E0.03007
G1 X98.219 Y70.421 E0.03007
G1 X98.954 Y70.746 E0.03007
G1 X99.676 Y71.098 E0.03007
G1 X100.384 Y71.478 E0.03007
G1 X101.078 Y71.884 E0.03007
G1 X101.755 Y72.317 E0.03007
G1 X102.416 Y72.774 E0.03007
G1 X103.059 Y73.256 E0.03007
G1 X103.683 Y73.762 E0.03007
G1 X104.288 Y74.292 E0.03007
G1 X104.872 Y74.844 E0.03007
G1 X105.435 Y75.417 E0.03007
G1 X105.976 Y76.012 E0.03007
G1 X106.494 Y76.626 E0.03007
G1 X106.988 Y77.260 E0.03007
G1 X107.458 Y77.912 E0.03007
G1 X107.903 Y78.581 E0.03007
G1 X108.322 Y79.267 E0.03007
G1 X108.715 Y79.968 E0.03007
G1 X109.081 Y80.684 E0.03007
G1 X109.420 Y81.412 E0.03007
G1 X109.731 Y82.153 E0.03007
G1 X110.014 Y82.906 E0.03007
G1 X110.268 Y83.668 E0.03007
G1 X110.493 Y84.440 E0.03007
G1 X110.689 Y85.219 E0.03007
G1 X110.855 Y86.005 E0.03007
G1 X110.991 Y86.797 E0.03007
G1 X111.097 Y87.594 E0.03007
G1 X111.173 Y88.394 E0.03007
G1 X111.219 Y89.196 E0.03007
G1 X111.234 Y90.000 E0.03007
G1 E-0.70000 F2100
G1 X111.684 Y90.000 F9000
G1 E0.70000 F1500
;TYPE:External perimeter
G1 F1800
G1 X111.684 Y90.000 E0.00000
G1 X111.669 Y90.801 E0.02999
G1 X111.625 Y91.601 E0.02999
G1 X111.551 Y92.399 E0.02999
G1 X111.448 Y93.194 E0.02999
G1 X111.315 Y93.984 E0.02999
G1 X111.153 Y94.769 E0.02999
G1 X110.963 Y95.548 E0.02999
G1 X110.743 Y96.319 E0.02999
G1 X110.496 Y97.081 E0.02999
G1 X110.220 Y97.833 E0.02999
G1 X109.917 Y98.575 E0.02999
G1 X109.586 Y99.305 E0.02999
G1 X109.229 Y100.023 E0.02999
G1 X108.845 Y100.726 E0.02999
G1 X108.436 Y101.415 E0.02999
G1 X108.002 Y102.089 E0.02999
G1 X107.543 Y102.746 E0.02999
G1 X107.060 Y103.385 E0.02999
G1 X106.554 Y104.006 E0.02999
G1 X106.025 Y104.609 E0.02999
G1 X105.474 Y105.191 E0.02999
G1 X104.902 Y105.752 E0.02999
G1 X104.310 Y106.292 E0.02999
G1 X103.698 Y106.810 E0.02999
M73 P83 R3
G1 X103.068 Y107.304 E0.02999
G1 X102.419 Y107.775 E0.02999
G1 X101.754 Y108.222 E0.02999
G1 X101.073 Y108.644 E0.02999
G1 X100.376 Y109.040 E0.02999
G1 X99.665 Y109.411 E0.02999
G1 X98.942 Y109.755 E0.02999
G1 X98.206 Y110.072 E0.02999
G1 X97.458 Y110.361 E0.02999
G1 X96.701 Y110.623 E0.02999
G1 X95.934 Y110.856 E0.02999
G1 X95.159 Y111.061 E0.02999
G1 X94.378 Y111.238 E0.02999
G1 X93.590 Y111.385 E0.02999
G1 X92.797 Y111.503 E0.02999
G1 X92.001 Y111.592 E0.02999
G1 X91.202 Y111.651 E0.02999
G1 X90.401 Y111.680 E0.02999
G1 X89.599 Y111.680 E0.02999
G1 X88.798 Y111.651 E0.02999
G1 X87.999 Y111.592 E0.02999
G1 X87.203 Y111.503 E0.02999
G1 X86.410 Y111.385 E0.02999
G1 X85.622 Y111.238 E0.02999
G1 X84.841 Y111.061 E0.02999
G1 X84.066 Y110.856 E0.02999
G1 X83.299 Y110.623 E0.02999
G1 X82.542 Y110.361 E0.02999
G1 X81.794 Y110.072 E0.02999
G1 X81.058 Y109.755 E0.02999
G1 X80.335 Y109.411 E0.02999
G1 X79.624 Y109.040 E0.02999
G1 X78.927 Y108.644 E0.02999
G1 X78.246 Y108.222 E0.02999
G1 X77.581 Y107.775 E0.02999
G1 X76.932 Y107.304 E0.02999
G1 X76.302 Y106.810 E0.02999
G1 X75.690 Y106.292 E0.02999
G1 X75.098 Y105.752 E0.02999
G1 X74.526 Y105.191 E0.02999
G1 X73.975 Y104.609 E0.02999
G1 X73.446 Y104.006 E0.02999
G1 X72.940 Y103.385 E0.02999
G1 X72.457 Y102.746 E0.02999
G1 X71.998 Y102.089 E0.02999
G1 X71.564 Y101.415 E0.02999
G1 X71.155 Y100.726 E0.02999
G1 X70.771 Y100.023 E0.02999
G1 X70.414 Y99.305 E0.02999
G1 X70.083 Y98.575 E0.02999
G1 X69.780 Y97.833 E0.02999
G1 X69.504 Y97.081 E0.02999
G1 X69.257 Y96.319 E0.02999
G1 X69.037 Y95.548 E0.02999
G1 X68.847 Y94.769 E0.02999
G1 X68.685 Y93.984 E0.02999
G1 X68.552 Y93.194 E0.02999
G1 X68.449 Y92.399 E0.02999
G1 X68.375 Y91.601 E0.02999
G1 X68.331 Y90.801 E0.02999
G1 X68.316 Y90.000 E0.02999
G1 X68.331 Y89.199 E0.02999
G1 X68.375 Y88.399 E0.02999
G1 X68.449 Y87.601 E0.02999
G1 X68.552 Y86.806 E0.02999
G1 X68.685 Y86.016 E0.02999
G1 X68.847 Y85.231 E0.02999
G1 X69.037 Y84.452 E0.02999
G1 X69.257 Y83.681 E0.02999
G1 X69.504 Y82.919 E0.02999
G1 X69.780 Y82.167 E0.02999
G1 X70.083 Y81.425 E0.02999
G1 X70.414 Y80.695 E0.02999
G1 X70.771 Y79.977 E0.02999
G1 X71.155 Y79.274 E0.02999
G1 X71.564 Y78.585 E0.02999
G1 X71.998 Y77.911 E0.02999
G1 X72.457 Y77.254 E0.02999
G1 X72.940 Y76.615 E0.02999
G1 X73.446 Y75.994 E0.02999
G1 X73.975 Y75.391 E0.02999
G1 X74.526 Y74.809 E0.02999
G1 X75.098 Y74.248 E0.02999
G1 X75.690 Y73.708 E0.02999
G1 X76.302 Y73.190 E0.02999
G1 X76.932 Y72.696 E0.02999
G1 X77.581 Y72.225 E0.02999
G1 X78.246 Y71.778 E0.02999
G1 X78.927 Y71.356 E0.02999
G1 X79.624 Y70.960 E0.02999
G1 X80.335 Y70.589 E0.02999
G1 X81.058 Y70.245 E0.02999
G1 X81.794 Y69.928 E0.02999
G1 X82.542 Y69.639 E0.02999
G1 X83.299 Y69.377 E0.02999
G1 X84.066 Y69.144 E0.02999
G1 X84.841 Y68.939 E0.02999
G1 X85.622 Y68.762 E0.02999
G1 X86.410 Y68.615 E0.02999
G1 X87.203 Y68.497 E0.02999
G1 X87.999 Y68.408 E0.02999
G1 X88.798 Y68.349 E0.02999
G1 X89.599 Y68.320 E0.02999
G1 X90.401 Y68.320 E0.02999
G1 X91.202 Y68.349 E0.02999
G1 X92.001 Y68.408 E0.02999
G1 X92.797 Y68.497 E0.02999
G1 X93.590 Y68.615 E0.02999
G1 X94.378 Y68.762 E0.02999
G1 X95.159 Y68.939 E0.02999
G1 X95.934 Y69.144 E0.02999
G1 X96.701 Y69.377 E0.02999
G1 X97.458 Y69.639 E0.02999
G1 X98.206 Y69.928 E0.02999
G1 X98.942 Y70.245 E0.02999
G1 X99.665 Y70.589 E0.02999
G1 X100.376 Y70.960 E0.02999
G1 X101.073 Y71.356 E0.02999
G1 X101.754 Y71.778 E0.02999
G1 X102.419 Y72.225 E0.02999
G1 X103.068 Y72.696 E0.02999
G1 X103.698 Y73.190 E0.02999
G1 X104.310 Y73.708 E0.02999
G1 X104.902 Y74.248 E0.02999
G1 X105.474 Y74.809 E0.02999
G1 X106.025 Y75.391 E0.02999
G1 X106.554 Y75.994 E0.02999
G1 X107.060 Y76.615 E0.02999
G1 X107.543 Y77.254 E0.02999
G1 X108.002 Y77.911 E0.02999
G1 X108.436 Y78.585 E0.02999
G1 X108.845 Y79.274 E0.02999
G1 X109.229 Y79.977 E0.02999
G1 X109.586 Y80.695 E0.02999
G1 X109.917 Y81.425 E0.02999
G1 X110.220 Y82.167 E0.02999
G1 X110.496 Y82.919 E0.02999
G1 X110.743 Y83.681 E0.02999
G1 X110.963 Y84.452 E0.02999
G1 X111.153 Y85.231 E0.02999
G1 X111.315 Y86.016 E0.02999
G1 X111.448 Y86.806 E0.02999
G1 X111.551 Y87.601 E0.02999
G1 X111.625 Y88.399 E0.02999
G1 X111.669 Y89.199 E0.02999
G1 X111.684 Y90.000 E0.02999
G1 E-0.70000 F2100
G1 X71.178 Y80.666 F9000
G1 E0.70000 F1500
;TYPE:Internal infill
G1 F5400
G1 X80.666 Y71.178 E0.50207
G1 X85.471 Y69.485 E0.19061
G1 X69.485 Y85.471 E0.84591
G1 X69.012 Y89.055 E0.13527
G1 X89.055 Y69.012 E1.06058
G1 X92.084 Y69.094 E0.11338
G1 X69.094 Y92.084 E1.21651
G1 X69.536 Y94.754 E0.10126
G1 X94.754 Y69.536 E1.33445
G1 X97.154 Y70.246 E0.09368
G1 X70.246 Y97.154 E1.42386
G1 X71.178 Y99.334 E0.08869
G1 X99.334 Y71.178 E1.48990
G1 X101.321 Y72.302 E0.08543
G1 X72.302 Y101.321 E1.53559
G1 X73.601 Y103.133 E0.08343
G1 X103.133 Y73.601 E1.56270
G1 X104.778 Y75.067 E0.08246
G1 X75.067 Y104.778 E1.57221
G1 X76.696 Y106.260 E0.08241
M73 P84 R3
G1 X106.260 Y76.696 E1.56442
G1 X107.577 Y78.491 E0.08329
G1 X78.491 Y107.577 E1.53909
G1 X80.461 Y108.719 E0.08518
G1 X108.719 Y80.461 E1.49531
G1 X109.670 Y82.620 E0.08830
G1 X82.620 Y109.670 E1.43140
G1 X84.997 Y110.405 E0.09309
G1 X110.405 Y84.997 E1.34449
G1 X110.876 Y87.637 E0.10035
G1 X87.637 Y110.876 E1.22971
G1 X90.625 Y111.000 E0.11187
G1 X111.000 Y90.625 E1.07819
G1 X110.598 Y94.138 E0.13233
G1 X94.138 Y110.598 E0.87098
G1 X98.744 Y109.103 E0.18118
G1 X109.103 Y98.744 E0.54818
;LAYER_CHANGE
;Z:15.20
;HEIGHT:0.2
G1 E-0.70000 F2100
G1 Z15.400 F720
G1 X110.529 Y90.000 F9000
G1 Z15.200 F720
G1 E0.70000 F1500
;TYPE:Perimeter
;WIDTH:0.45
G1 F2400
G1 X110.529 Y90.000 E0.00000
G1 X110.513 Y90.801 E0.02998
G1 X110.466 Y91.601 E0.02998
G1 X110.388 Y92.398 E0.02998
G1 X110.279 Y93.192 E0.02998
G1 X110.139 Y93.980 E0.02998
G1 X109.969 Y94.763 E0.02998
G1 X109.768 Y95.539 E0.02998
G1 X109.536 Y96.306 E0.02998
G1 X109.276 Y97.063 E0.02998
G1 X108.985 Y97.810 E0.02998
G1 X108.666 Y98.545 E0.02998
G1 X108.319 Y99.266 E0.02998
G1 X107.943 Y99.974 E0.02998
G1 X107.540 Y100.666 E0.02998
G1 X107.111 Y101.343 E0.02998
G1 X106.655 Y102.002 E0.02998
G1 X106.174 Y102.642 E0.02998
G1 X105.669 Y103.264 E0.02998
G1 X105.139 Y103.865 E0.02998
G1 X104.587 Y104.445 E0.02998
G1 X104.012 Y105.003 E0.02998
G1 X103.416 Y105.538 E0.02998
G1 X102.800 Y106.050 E0.02998
G1 X102.164 Y106.537 E0.02998
G1 X101.509 Y106.999 E0.02998
G1 X100.837 Y107.435 E0.02998
G1 X100.149 Y107.845 E0.02998
G1 X99.445 Y108.227 E0.02998
G1 X98.726 Y108.582 E0.02998
G1 X97.995 Y108.908 E0.02998
G1 X97.251 Y109.206 E0.02998
G1 X96.496 Y109.474 E0.02998
G1 X95.731 Y109.713 E0.02998
G1 X94.958 Y109.921 E0.02998
G1 X94.177 Y110.099 E0.02998
G1 X93.389 Y110.247 E0.02998
G1 X92.597 Y110.364 E0.02998
G1 X91.800 Y110.450 E0.02998
G1 X91.001 Y110.504 E0.02998
G1 X90.200 Y110.528 E0.02998
G1 X89.399 Y110.520 E0.02998
G1 X88.599 Y110.481 E0.02998
G1 X87.801 Y110.411 E0.02998
G1 X87.006 Y110.309 E0.02998
G1 X86.216 Y110.177 E0.02998
G1 X85.432 Y110.014 E0.02998
G1 X84.655 Y109.821 E0.02998
G1 X83.885 Y109.597 E0.02998
G1 X83.125 Y109.344 E0.02998
G1 X82.376 Y109.061 E0.02998
G1 X81.638 Y108.749 E0.02998
G1 X80.913 Y108.408 E0.02998
G1 X80.202 Y108.039 E0.02998
G1 X79.505 Y107.643 E0.02998
G1 X78.825 Y107.221 E0.02998
G1 X78.161 Y106.771 E0.02998
G1 X77.516 Y106.297 E0.02998
G1 X76.890 Y105.797 E0.02998
G1 X76.283 Y105.274 E0.02998
G1 X75.698 Y104.727 E0.02998
G1 X75.134 Y104.158 E0.02998
G1 X74.593 Y103.567 E0.02998
G1 X74.076 Y102.955 E0.02998
G1 X73.582 Y102.324 E0.02998
G1 X73.114 Y101.674 E0.02998
G1 X72.671 Y101.007 E0.02998
G1 X72.255 Y100.322 E0.02998
G1 X71.866 Y99.622 E0.02998
G1 X71.504 Y98.907 E0.02998
G1 X71.171 Y98.179 E0.02998
G1 X70.866 Y97.438 E0.02998
G1 X70.590 Y96.686 E0.02998
G1 X70.344 Y95.923 E0.02998
G1 X70.128 Y95.152 E0.02998
G1 X69.942 Y94.373 E0.02998
G1 X69.787 Y93.587 E0.02998
G1 X69.662 Y92.795 E0.02998
G1 X69.569 Y92.000 E0.02998
G1 X69.506 Y91.201 E0.02998
G1 X69.475 Y90.401 E0.02998
G1 X69.475 Y89.599 E0.02998
G1 X69.506 Y88.799 E0.02998
G1 X69.569 Y88.000 E0.02998
G1 X69.662 Y87.205 E0.02998
G1 X69.787 Y86.413 E0.02998
G1 X69.942 Y85.627 E0.02998
G1 X70.128 Y84.848 E0.02998
G1 X70.344 Y84.077 E0.02998
G1 X70.590 Y83.314 E0.02998
G1 X70.866 Y82.562 E0.02998
G1 X71.171 Y81.821 E0.02998
G1 X71.504 Y81.093 E0.02998
G1 X71.866 Y80.378 E0.02998
G1 X72.255 Y79.678 E0.02998
G1 X72.671 Y78.993 E0.02998
G1 X73.114 Y78.326 E0.02998
G1 X73.582 Y77.676 E0.02998
G1 X74.076 Y77.045 E0.02998
G1 X74.593 Y76.433 E0.02998
G1 X75.134 Y75.842 E0.02998
G1 X75.698 Y75.273 E0.02998
G1 X76.283 Y74.726 E0.02998
G1 X76.890 Y74.203 E0.02998
G1 X77.516 Y73.703 E0.02998
G1 X78.161 Y73.229 E0.02998
G1 X78.825 Y72.779 E0.02998
G1 X79.505 Y72.357 E0.02998
G1 X80.202 Y71.961 E0.02998
G1 X80.913 Y71.592 E0.02998
G1 X81.638 Y71.251 E0.02998
G1 X82.376 Y70.939 E0.02998
G1 X83.125 Y70.656 E0.02998
G1 X83.885 Y70.403 E0.02998
G1 X84.655 Y70.179 E0.02998
G1 X85.432 Y69.986 E0.02998
G1 X86.216 Y69.823 E0.02998
G1 X87.006 Y69.691 E0.02998
G1 X87.801 Y69.589 E0.02998
G1 X88.599 Y69.519 E0.02998
G1 X89.399 Y69.480 E0.02998
G1 X90.200 Y69.472 E0.02998
G1 X91.001 Y69.496 E0.02998
G1 X91.800 Y69.550 E0.02998
G1 X92.597 Y69.636 E0.02998
G1 X93.389 Y69.753 E0.02998
G1 X94.177 Y69.901 E0.02998
G1 X94.958 Y70.079 E0.02998
G1 X95.731 Y70.287 E0.02998
G1 X96.496 Y70.526 E0.02998
G1 X97.251 Y70.794 E0.02998
G1 X97.995 Y71.092 E0.02998
G1 X98.726 Y71.418 E0.02998
G1 X99.445 Y71.773 E0.02998
G1 X100.149 Y72.155 E0.02998
G1 X100.837 Y72.565 E0.02998
G1 X101.509 Y73.001 E0.02998
G1 X102.164 Y73.463 E0.02998
G1 X102.800 Y73.950 E0.02998
G1 X103.416 Y74.462 E0.02998
G1 X104.012 Y74.997 E0.02998
G1 X104.587 Y75.555 E0.02998
G1 X105.139 Y76.135 E0.02998
G1 X105.669 Y76.736 E0.02998
G1 X106.174 Y77.358 E0.02998
G1 X106.655 Y77.998 E0.02998
G1 X107.111 Y78.657 E0.02998
G1 X107.540 Y79.334 E0.02998
G1 X107.943 Y80.026 E0.02998
G1 X108.319 Y80.734 E0.02998
G1 X108.666 Y81.455 E0.02998
G1 X108.985 Y82.190 E0.02998
G1 X109.276 Y82.937 E0.02998
G1 X109.536 Y83.694 E0.02998
G1 X109.768 Y84.461 E0.02998
G1 X109.969 Y85.237 E0.02998
G1 X110.139 Y86.020 E0.02998
G1 X110.279 Y86.808 E0.02998
G1 X110.388 Y87.602 E0.02998
G1 X110.466 Y88.399 E0.02998
G1 X110.513 Y89.199 E0.02998
G1 X110.529 Y90.000 E0.02998
G1 E-0.70000 F2100
G1 X110.979 Y90.000 F9000
G1 E0.70000 F1500
;TYPE:External perimeter
G1 F1800
G1 X110.979 Y90.000 E0.00000
G1 X110.963 Y90.804 E0.03007
G1 X110.917 Y91.606 E0.03007
G1 X110.840 Y92.406 E0.03007
G1 X110.733 Y93.202 E0.03007
G1 X110.595 Y93.994 E0.03007
G1 X110.427 Y94.780 E0.03007
G1 X110.229 Y95.559 E0.03007
G1 X110.001 Y96.330 E0.03007
G1 X109.744 Y97.091 E0.03007
G1 X109.458 Y97.842 E0.03007
G1 X109.143 Y98.582 E0.03007
G1 X108.800 Y99.309 E0.03007
G1 X108.430 Y100.022 E0.03007
G1 X108.033 Y100.721 E0.03007
G1 X107.609 Y101.403 E0.03007
G1 X107.159 Y102.070 E0.03007
G1 X106.684 Y102.718 E0.03007
G1 X106.185 Y103.348 E0.03007
G1 X105.662 Y103.958 E0.03007
G1 X105.116 Y104.547 E0.03007
G1 X104.547 Y105.116 E0.03007
G1 X103.958 Y105.662 E0.03007
G1 X103.348 Y106.185 E0.03007
G1 X102.718 Y106.684 E0.03007
G1 X102.070 Y107.159 E0.03007
G1 X101.403 Y107.609 E0.03007
G1 X100.721 Y108.033 E0.03007
G1 X100.022 Y108.430 E0.03007
G1 X99.309 Y108.800 E0.03007
G1 X98.582 Y109.143 E0.03007
G1 X97.842 Y109.458 E0.03007
G1 X97.091 Y109.744 E0.03007
G1 X96.330 Y110.001 E0.03007
G1 X95.559 Y110.229 E0.03007
G1 X94.780 Y110.427 E0.03007
G1 X93.994 Y110.595 E0.03007
G1 X93.202 Y110.733 E0.03007
G1 X92.406 Y110.840 E0.03007
G1 X91.606 Y110.917 E0.03007
G1 X90.804 Y110.963 E0.03007
G1 X90.000 Y110.979 E0.03007
G1 X89.196 Y110.963 E0.03007
G1 X88.394 Y110.917 E0.03007
G1 X87.594 Y110.840 E0.03007
G1 X86.798 Y110.733 E0.03007
G1 X86.006 Y110.595 E0.03007
G1 X85.220 Y110.427 E0.03007
G1 X84.441 Y110.229 E0.03007
G1 X83.670 Y110.001 E0.03007
G1 X82.909 Y109.744 E0.03007
G1 X82.158 Y109.458 E0.03007
G1 X81.418 Y109.143 E0.03007
G1 X80.691 Y108.800 E0.03007
G1 X79.978 Y108.430 E0.03007
G1 X79.279 Y108.033 E0.03007
G1 X78.597 Y107.609 E0.03007
G1 X77.930 Y107.159 E0.03007
G1 X77.282 Y106.684 E0.03007
G1 X76.652 Y106.185 E0.03007
G1 X76.042 Y105.662 E0.03007
G1 X75.453 Y105.116 E0.03007
G1 X74.884 Y104.547 E0.03007
G1 X74.338 Y103.958 E0.03007
G1 X73.815 Y103.348 E0.03007
G1 X73.316 Y102.718 E0.03007
M73 P85 R3
G1 X72.841 Y102.070 E0.03007
G1 X72.391 Y101.403 E0.03007
G1 X71.967 Y100.721 E0.03007
G1 X71.570 Y100.022 E0.03007
G1 X71.200 Y99.309 E0.03007
G1 X70.857 Y98.582 E0.03007
G1 X70.542 Y97.842 E0.03007
G1 X70.256 Y97.091 E0.03007
G1 X69.999 Y96.330 E0.03007
G1 X69.771 Y95.559 E0.03007
G1 X69.573 Y94.780 E0.03007
G1 X69.405 Y93.994 E0.03007
G1 X69.267 Y93.202 E0.03007
G1 X69.160 Y92.406 E0.03007
G1 X69.083 Y91.606 E0.03007
G1 X69.037 Y90.804 E0.03007
G1 X69.021 Y90.000 E0.03007
G1 X69.037 Y89.196 E0.03007
G1 X69.083 Y88.394 E0.03007
G1 X69.160 Y87.594 E0.03007
G1 X69.267 Y86.798 E0.03007
G1 X69.405 Y86.006 E0.03007
G1 X69.573 Y85.220 E0.03007
G1 X69.771 Y84.441 E0.03007
G1 X69.999 Y83.670 E0.03007
G1 X70.256 Y82.909 E0.03007
G1 X70.542 Y82.158 E0.03007
G1 X70.857 Y81.418 E0.03007
G1 X71.200 Y80.691 E0.03007
G1 X71.570 Y79.978 E0.03007
G1 X71.967 Y79.279 E0.03007
G1 X72.391 Y78.597 E0.03007
G1 X72.841 Y77.930 E0.03007
G1 X73.316 Y77.282 E0.03007
G1 X73.815 Y76.652 E0.03007
G1 X74.338 Y76.042 E0.03007
G1 X74.884 Y75.453 E0.03007
G1 X75.453 Y74.884 E0.03007
G1 X76.042 Y74.338 E0.03007
G1 X76.652 Y73.815 E0.03007
G1 X77.282 Y73.316 E0.03007
G1 X77.930 Y72.841 E0.03007
G1 X78.597 Y72.391 E0.03007
G1 X79.279 Y71.967 E0.03007
G1 X79.978 Y71.570 E0.03007
G1 X80.691 Y71.200 E0.03007
G1 X81.418 Y70.857 E0.03007
G1 X82.158 Y70.542 E0.03007
G1 X82.909 Y70.256 E0.03007
G1 X83.670 Y69.999 E0.03007
G1 X84.441 Y69.771 E0.03007
G1 X85.220 Y69.573 E0.03007
G1 X86.006 Y69.405 E0.03007
G1 X86.798 Y69.267 E0.03007
G1 X87.594 Y69.160 E0.03007
G1 X88.394 Y69.083 E0.03007
G1 X89.196 Y69.037 E0.03007
G1 X90.000 Y69.021 E0.03007
G1 X90.804 Y69.037 E0.03007
G1 X91.606 Y69.083 E0.03007
G1 X92.406 Y69.160 E0.03007
G1 X93.202 Y69.267 E0.03007
G1 X93.994 Y69.405 E0.03007
G1 X94.780 Y69.573 E0.03007
G1 X95.559 Y69.771 E0.03007
G1 X96.330 Y69.999 E0.03007
G1 X97.091 Y70.256 E0.03007
G1 X97.842 Y70.542 E0.03007
G1 X98.582 Y70.857 E0.03007
G1 X99.309 Y71.200 E0.03007
G1 X100.022 Y71.570 E0.03007
G1 X100.721 Y71.967 E0.03007
G1 X101.403 Y72.391 E0.03007
G1 X102.070 Y72.841 E0.03007
G1 X102.718 Y73.316 E0.03007
G1 X103.348 Y73.815 E0.03007
G1 X103.958 Y74.338 E0.03007
G1 X104.547 Y74.884 E0.03007
G1 X105.116 Y75.453 E0.03007
G1 X105.662 Y76.042 E0.03007
G1 X106.185 Y76.652 E0.03007
G1 X106.684 Y77.282 E0.03007
G1 X107.159 Y77.930 E0.03007
G1 X107.609 Y78.597 E0.03007
G1 X108.033 Y79.279 E0.03007
G1 X108.430 Y79.978 E0.03007
G1 X108.800 Y80.691 E0.03007
G1 X109.143 Y81.418 E0.03007
G1 X109.458 Y82.158 E0.03007
G1 X109.744 Y82.909 E0.03007
G1 X110.001 Y83.670 E0.03007
G1 X110.229 Y84.441 E0.03007
G1 X110.427 Y85.220 E0.03007
G1 X110.595 Y86.006 E0.03007
G1 X110.733 Y86.798 E0.03007
G1 X110.840 Y87.594 E0.03007
G1 X110.917 Y88.394 E0.03007
G1 X110.963 Y89.196 E0.03007
G1 X110.979 Y90.000 E0.03007
G1 E-0.70000 F2100
G1 X98.918 Y71.759 F9000
G1 E0.70000 F1500
;TYPE:Internal infill
G1 F5400
G1 X108.241 Y81.082 E0.49334
G1 X109.869 Y85.822 E0.18754
G1 X94.178 Y70.131 E0.83035
G1 X90.642 Y69.706 E0.13324
G1 X110.294 Y89.358 E1.03989
G1 X110.168 Y92.344 E0.11182
G1 X87.656 Y69.832 E1.19124
G1 X85.028 Y70.314 E0.10000
G1 X109.686 Y94.972 E1.30481
G1 X108.934 Y97.332 E0.09266
G1 X82.668 Y71.066 E1.38989
G1 X80.530 Y72.040 E0.08789
G1 X107.960 Y99.470 E1.45149
G1 X106.792 Y101.413 E0.08484
G1 X78.587 Y73.208 E1.49254
G1 X76.822 Y74.554 E0.08306
G1 X105.446 Y103.178 E1.51469
G1 X103.929 Y104.772 E0.08234
G1 X75.228 Y76.071 E1.51879
G1 X73.803 Y77.757 E0.08261
G1 X102.243 Y106.197 E1.50496
G1 X100.383 Y107.448 E0.08388
G1 X72.552 Y79.617 E1.47272
G1 X71.487 Y81.663 E0.08631
G1 X98.337 Y108.513 E1.42081
G1 X96.083 Y109.371 E0.09022
G1 X70.629 Y83.917 E1.34695
G1 X70.015 Y86.415 E0.09624
M73 P86 R3
G1 X93.585 Y109.985 E1.24725
G1 X90.778 Y110.289 E0.10565
G1 X69.711 Y89.222 E1.11480
G1 X69.847 Y92.469 E0.12160
G1 X87.531 Y110.153 E0.93579
G1 X83.503 Y109.236 E0.15458
G1 X70.764 Y96.497 E0.67412
;LAYER_CHANGE
;Z:15.40
;HEIGHT:0.2
G1 E-0.70000 F2100
G1 Z15.600 F720
G1 X109.706 Y90.000 F9000
G1 Z15.400 F720
G1 E0.70000 F1500
;TYPE:Perimeter
;WIDTH:0.45
G1 F2400
G1 X109.706 Y90.000 E0.00000
G1 X109.689 Y90.804 E0.03008
G1 X109.640 Y91.606 E0.03008
G1 X109.558 Y92.406 E0.03008
G1 X109.444 Y93.202 E0.03008
G1 X109.297 Y93.992 E0.03008
G1 X109.118 Y94.776 E0.03008
G1 X108.908 Y95.552 E0.03008
G1 X108.665 Y96.318 E0.03008
G1 X108.392 Y97.074 E0.03008
G1 X108.088 Y97.819 E0.03008
G1 X107.754 Y98.550 E0.03008
G1 X107.391 Y99.267 E0.03008
G1 X106.998 Y99.969 E0.03008
G1 X106.578 Y100.654 E0.03008
G1 X106.129 Y101.321 E0.03008
G1 X105.654 Y101.970 E0.03008
G1 X105.153 Y102.598 E0.03008
G1 X104.626 Y103.206 E0.03008
G1 X104.076 Y103.791 E0.03008
G1 X103.501 Y104.354 E0.03008
G1 X102.905 Y104.893 E0.03008
G1 X102.286 Y105.407 E0.03008
G1 X101.648 Y105.895 E0.03008
G1 X100.990 Y106.357 E0.03008
G1 X100.313 Y106.791 E0.03008
G1 X99.620 Y107.198 E0.03008
G1 X98.910 Y107.576 E0.03008
G1 X98.186 Y107.925 E0.03008
G1 X97.448 Y108.244 E0.03008
G1 X96.698 Y108.533 E0.03008
G1 X95.936 Y108.790 E0.03008
G1 X95.165 Y109.017 E0.03008
G1 X94.385 Y109.212 E0.03008
G1 X93.598 Y109.375 E0.03008
G1 X92.804 Y109.505 E0.03008
G1 X92.007 Y109.603 E0.03008
G1 X91.205 Y109.669 E0.03008
G1 X90.402 Y109.702 E0.03008
G1 X89.598 Y109.702 E0.03008
G1 X88.795 Y109.669 E0.03008
G1 X87.993 Y109.603 E0.03008
G1 X87.196 Y109.505 E0.03008
G1 X86.402 Y109.375 E0.03008
G1 X85.615 Y109.212 E0.03008
G1 X84.835 Y109.017 E0.03008
G1 X84.064 Y108.790 E0.03008
G1 X83.302 Y108.533 E0.03008
G1 X82.552 Y108.244 E0.03008
G1 X81.814 Y107.925 E0.03008
G1 X81.090 Y107.576 E0.03008
G1 X80.380 Y107.198 E0.03008
G1 X79.687 Y106.791 E0.03008
G1 X79.010 Y106.357 E0.03008
G1 X78.352 Y105.895 E0.03008
G1 X77.714 Y105.407 E0.03008
G1 X77.095 Y104.893 E0.03008
G1 X76.499 Y104.354 E0.03008
G1 X75.924 Y103.791 E0.03008
G1 X75.374 Y103.206 E0.03008
G1 X74.847 Y102.598 E0.03008
G1 X74.346 Y101.970 E0.03008
G1 X73.871 Y101.321 E0.03008
G1 X73.422 Y100.654 E0.03008
G1 X73.002 Y99.969 E0.03008
G1 X72.609 Y99.267 E0.03008
G1 X72.246 Y98.550 E0.03008
G1 X71.912 Y97.819 E0.03008
G1 X71.608 Y97.074 E0.03008
G1 X71.335 Y96.318 E0.03008
G1 X71.092 Y95.552 E0.03008
G1 X70.882 Y94.776 E0.03008
G1 X70.703 Y93.992 E0.03008
G1 X70.556 Y93.202 E0.03008
G1 X70.442 Y92.406 E0.03008
G1 X70.360 Y91.606 E0.03008
G1 X70.311 Y90.804 E0.03008
G1 X70.294 Y90.000 E0.03008
G1 X70.311 Y89.196 E0.03008
G1 X70.360 Y88.394 E0.03008
G1 X70.442 Y87.594 E0.03008
G1 X70.556 Y86.798 E0.03008
G1 X70.703 Y86.008 E0.03008
G1 X70.882 Y85.224 E0.03008
G1 X71.092 Y84.448 E0.03008
G1 X71.335 Y83.682 E0.03008
G1 X71.608 Y82.926 E0.03008
G1 X71.912 Y82.181 E0.03008
G1 X72.246 Y81.450 E0.03008
G1 X72.609 Y80.733 E0.03008
G1 X73.002 Y80.031 E0.03008
G1 X73.422 Y79.346 E0.03008
G1 X73.871 Y78.679 E0.03008
G1 X74.346 Y78.030 E0.03008
G1 X74.847 Y77.402 E0.03008
G1 X75.374 Y76.794 E0.03008
G1 X75.924 Y76.209 E0.03008
G1 X76.499 Y75.646 E0.03008
G1 X77.095 Y75.107 E0.03008
G1 X77.714 Y74.593 E0.03008
G1 X78.352 Y74.105 E0.03008
G1 X79.010 Y73.643 E0.03008
G1 X79.687 Y73.209 E0.03008
G1 X80.380 Y72.802 E0.03008
G1 X81.090 Y72.424 E0.03008
G1 X81.814 Y72.075 E0.03008
G1 X82.552 Y71.756 E0.03008
G1 X83.302 Y71.467 E0.03008
G1 X84.064 Y71.210 E0.03008
G1 X84.835 Y70.983 E0.03008
G1 X85.615 Y70.788 E0.03008
G1 X86.402 Y70.625 E0.03008
G1 X87.196 Y70.495 E0.03008
G1 X87.993 Y70.397 E0.03008
G1 X88.795 Y70.331 E0.03008
G1 X89.598 Y70.298 E0.03008
G1 X90.402 Y70.298 E0.03008
G1 X91.205 Y70.331 E0.03008
G1 X92.007 Y70.397 E0.03008
G1 X92.804 Y70.495 E0.03008
G1 X93.598 Y70.625 E0.03008
G1 X94.385 Y70.788 E0.03008
G1 X95.165 Y70.983 E0.03008
G1 X95.936 Y71.210 E0.03008
G1 X96.698 Y71.467 E0.03008
G1 X97.448 Y71.756 E0.03008
G1 X98.186 Y72.075 E0.03008
G1 X98.910 Y72.424 E0.03008
G1 X99.620 Y72.802 E0.03008
G1 X100.313 Y73.209 E0.03008
G1 X100.990 Y73.643 E0.03008
G1 X101.648 Y74.105 E0.03008
G1 X102.286 Y74.593 E0.03008
G1 X102.905 Y75.107 E0.03008
G1 X103.501 Y75.646 E0.03008
G1 X104.076 Y76.209 E0.03008
G1 X104.626 Y76.794 E0.03008
G1 X105.153 Y77.402 E0.03008
G1 X105.654 Y78.030 E0.03008
G1 X106.129 Y78.679 E0.03008
G1 X106.578 Y79.346 E0.03008
G1 X106.998 Y80.031 E0.03008
G1 X107.391 Y80.733 E0.03008
G1 X107.754 Y81.450 E0.03008
G1 X108.088 Y82.181 E0.03008
G1 X108.392 Y82.926 E0.03008
G1 X108.665 Y83.682 E0.03008
G1 X108.908 Y84.448 E0.03008
G1 X109.118 Y85.224 E0.03008
G1 X109.297 Y86.008 E0.03008
G1 X109.444 Y86.798 E0.03008
G1 X109.558 Y87.594 E0.03008
G1 X109.640 Y88.394 E0.03008
G1 X109.689 Y89.196 E0.03008
G1 X109.706 Y90.000 E0.03008
G1 E-0.70000 F2100
G1 X110.156 Y90.000 F9000
G1 E0.70000 F1500
;TYPE:External perimeter
G1 F1800
G1 X110.156 Y90.000 E0.00000
G1 X110.140 Y90.801 E0.02999
G1 X110.092 Y91.601 E0.02999
G1 X110.013 Y92.399 E0.02999
G1 X109.901 Y93.193 E0.02999
G1 X109.759 Y93.981 E0.02999
G1 X109.585 Y94.764 E0.02999
G1 X109.380 Y95.539 E0.02999
G1 X109.144 Y96.305 E0.02999
G1 X108.879 Y97.061 E0.02999
G1 X108.583 Y97.806 E0.02999
G1 X108.258 Y98.538 E0.02999
G1 X107.904 Y99.258 E0.02999
G1 X107.522 Y99.962 E0.02999
G1 X107.112 Y100.651 E0.02999
G1 X106.675 Y101.323 E0.02999
G1 X106.212 Y101.977 E0.02999
G1 X105.723 Y102.612 E0.02999
G1 X105.209 Y103.227 E0.02999
G1 X104.671 Y103.821 E0.02999
G1 X104.110 Y104.393 E0.02999
G1 X103.527 Y104.943 E0.02999
G1 X102.922 Y105.469 E0.02999
G1 X102.297 Y105.970 E0.02999
G1 X101.652 Y106.447 E0.02999
G1 X100.989 Y106.897 E0.02999
G1 X100.308 Y107.320 E0.02999
G1 X99.612 Y107.716 E0.02999
G1 X98.900 Y108.085 E0.02999
G1 X98.174 Y108.424 E0.02999
G1 X97.435 Y108.734 E0.02999
G1 X96.684 Y109.015 E0.02999
G1 X95.923 Y109.266 E0.02999
G1 X95.152 Y109.486 E0.02999
G1 X94.373 Y109.676 E0.02999
G1 X93.588 Y109.834 E0.02999
G1 X92.796 Y109.961 E0.02999
G1 X92.001 Y110.056 E0.02999
G1 X91.202 Y110.120 E0.02999
G1 X90.401 Y110.152 E0.02999
G1 X89.599 Y110.152 E0.02999
G1 X88.798 Y110.120 E0.02999
G1 X87.999 Y110.056 E0.02999
G1 X87.204 Y109.961 E0.02999
G1 X86.412 Y109.834 E0.02999
G1 X85.627 Y109.676 E0.02999
G1 X84.848 Y109.486 E0.02999
G1 X84.077 Y109.266 E0.02999
G1 X83.316 Y109.015 E0.02999
G1 X82.565 Y108.734 E0.02999
G1 X81.826 Y108.424 E0.02999
G1 X81.100 Y108.085 E0.02999
G1 X80.388 Y107.716 E0.02999
G1 X79.692 Y107.320 E0.02999
G1 X79.011 Y106.897 E0.02999
G1 X78.348 Y106.447 E0.02999
G1 X77.703 Y105.970 E0.02999
G1 X77.078 Y105.469 E0.02999
G1 X76.473 Y104.943 E0.02999
G1 X75.890 Y104.393 E0.02999
G1 X75.329 Y103.821 E0.02999
G1 X74.791 Y103.227 E0.02999
G1 X74.277 Y102.612 E0.02999
G1 X73.788 Y101.977 E0.02999
G1 X73.325 Y101.323 E0.02999
G1 X72.888 Y100.651 E0.02999
G1 X72.478 Y99.962 E0.02999
G1 X72.096 Y99.258 E0.02999
G1 X71.742 Y98.538 E0.02999
G1 X71.417 Y97.806 E0.02999
G1 X71.121 Y97.061 E0.02999
G1 X70.856 Y96.305 E0.02999
G1 X70.620 Y95.539 E0.02999
G1 X70.415 Y94.764 E0.02999
G1 X70.241 Y93.981 E0.02999
G1 X70.099 Y93.193 E0.02999
G1 X69.987 Y92.399 E0.02999
G1 X69.908 Y91.601 E0.02999
G1 X69.860 Y90.801 E0.02999
G1 X69.844 Y90.000 E0.02999
G1 X69.860 Y89.199 E0.02999
G1 X69.908 Y88.399 E0.02999
G1 X69.987 Y87.601 E0.02999
G1 X70.099 Y86.807 E0.02999
G1 X70.241 Y86.019 E0.02999
G1 X70.415 Y85.236 E0.02999
G1 X70.620 Y84.461 E0.02999
G1 X70.856 Y83.695 E0.02999
G1 X71.121 Y82.939 E0.02999
G1 X71.417 Y82.194 E0.02999
G1 X71.742 Y81.462 E0.02999
G1 X72.096 Y80.742 E0.02999
G1 X72.478 Y80.038 E0.02999
G1 X72.888 Y79.349 E0.02999
G1 X73.325 Y78.677 E0.02999
G1 X73.788 Y78.023 E0.02999
G1 X74.277 Y77.388 E0.02999
G1 X74.791 Y76.773 E0.02999
G1 X75.329 Y76.179 E0.02999
G1 X75.890 Y75.607 E0.02999
G1 X76.473 Y75.057 E0.02999
G1 X77.078 Y74.531 E0.02999
G1 X77.703 Y74.030 E0.02999
G1 X78.348 Y73.553 E0.02999
G1 X79.011 Y73.103 E0.02999
G1 X79.692 Y72.680 E0.02999
G1 X80.388 Y72.284 E0.02999
G1 X81.100 Y71.915 E0.02999
G1 X81.826 Y71.576 E0.02999
G1 X82.565 Y71.266 E0.02999
G1 X83.316 Y70.985 E0.02999
G1 X84.077 Y70.734 E0.02999
G1 X84.848 Y70.514 E0.02999
G1 X85.627 Y70.324 E0.02999
G1 X86.412 Y70.166 E0.02999
G1 X87.204 Y70.039 E0.02999
G1 X87.999 Y69.944 E0.02999
G1 X88.798 Y69.880 E0.02999
G1 X89.599 Y69.848 E0.02999
G1 X90.401 Y69.848 E0.02999
G1 X91.202 Y69.880 E0.02999
G1 X92.001 Y69.944 E0.02999
G1 X92.796 Y70.039 E0.02999
G1 X93.588 Y70.166 E0.02999
G1 X94.373 Y70.324 E0.02999
G1 X95.152 Y70.514 E0.02999
G1 X95.923 Y70.734 E0.02999
G1 X96.684 Y70.985 E0.02999
G1 X97.435 Y71.266 E0.02999
G1 X98.174 Y71.576 E0.02999
G1 X98.900 Y71.915 E0.02999
G1 X99.612 Y72.284 E0.02999
G1 X100.308 Y72.680 E0.02999
G1 X100.989 Y73.103 E0.02999
G1 X101.652 Y73.553 E0.02999
G1 X102.297 Y74.030 E0.02999
M73 P87 R2
G1 X102.922 Y74.531 E0.02999
G1 X103.527 Y75.057 E0.02999
G1 X104.110 Y75.607 E0.02999
G1 X104.671 Y76.179 E0.02999
G1 X105.209 Y76.773 E0.02999
G1 X105.723 Y77.388 E0.02999
G1 X106.212 Y78.023 E0.02999
G1 X106.675 Y78.677 E0.02999
G1 X107.112 Y79.349 E0.02999
G1 X107.522 Y80.038 E0.02999
G1 X107.904 Y80.742 E0.02999
G1 X108.258 Y81.462 E0.02999
G1 X108.583 Y82.194 E0.02999
G1 X108.879 Y82.939 E0.02999
G1 X109.144 Y83.695 E0.02999
G1 X109.380 Y84.461 E0.02999
G1 X109.585 Y85.236 E0.02999
G1 X109.759 Y86.019 E0.02999
G1 X109.901 Y86.807 E0.02999
G1 X110.013 Y87.601 E0.02999
G1 X110.092 Y88.399 E0.02999
G1 X110.140 Y89.199 E0.02999
G1 X110.156 Y90.000 E0.02999
G1 E-0.70000 F2100
G1 X72.439 Y81.566 F9000
G1 E0.70000 F1500
;TYPE:Internal infill
G1 F5400
G1 X81.566 Y72.439 E0.48295
G1 X86.229 Y70.888 E0.18389
G1 X70.888 Y86.229 E0.81183
G1 X70.521 Y89.707 E0.13084
G1 X89.707 Y70.521 E1.01522
G1 X92.640 Y70.699 E0.10997
G1 X70.699 Y92.640 E1.16107
G1 X71.231 Y95.219 E0.09853
G1 X95.219 Y71.231 E1.26936
G1 X97.529 Y72.033 E0.09148
G1 X72.033 Y97.529 E1.34917
G1 X73.058 Y99.616 E0.08698
G1 X99.616 Y73.058 E1.40535
G1 X101.505 Y74.279 E0.08419
G1 X74.279 Y101.505 E1.44068
G1 X75.684 Y103.212 E0.08271
G1 X103.212 Y75.684 E1.45668
G1 X104.742 Y77.265 E0.08233
G1 X77.265 Y104.742 E1.45398
G1 X79.024 Y106.094 E0.08302
G1 X106.094 Y79.024 E1.43247
G1 X107.261 Y80.969 E0.08486
G1 X80.969 Y107.261 E1.39129
G1 X83.117 Y108.224 E0.08808
G1 X108.224 Y83.117 E1.32860
G1 X108.954 Y85.499 E0.09321
G1 X85.499 Y108.954 E1.24116
G1 X88.169 Y109.395 E0.10127
G1 X109.395 Y88.169 E1.12319
G1 X109.442 Y91.233 E0.11466
G1 X91.233 Y109.442 E0.96355
G1 X94.943 Y108.843 E0.14060
G1 X108.843 Y94.943 E0.73558
G1 X106.430 Y100.468 E0.22561
G1 X100.468 Y106.430 E0.31548
;LAYER_CHANGE
;Z:15.60
;HEIGHT:0.2
G1 E-0.70000 F2100
G1 Z15.800 F720
G1 X108.750 Y90.000 F9000
G1 Z15.600 F720
G1 E0.70000 F1500
;TYPE:Perimeter
;WIDTH:0.45
G1 F2400
G1 X108.750 Y90.000 E0.00000
G1 X108.733 Y90.801 E0.02999
G1 X108.682 Y91.601 E0.02999
G1 X108.596 Y92.398 E0.02999
G1 X108.477 Y93.190 E0.02999
G1 X108.323 Y93.977 E0.02999
G1 X108.137 Y94.756 E0.02999
G1 X107.917 Y95.527 E0.02999
G1 X107.664 Y96.287 E0.02999
G1 X107.380 Y97.036 E0.02999
G1 X107.063 Y97.772 E0.02999
G1 X106.715 Y98.494 E0.02999
G1 X106.337 Y99.201 E0.02999
G1 X105.929 Y99.891 E0.02999
G1 X105.492 Y100.562 E0.02999
G1 X105.027 Y101.215 E0.02999
G1 X104.534 Y101.846 E0.02999
G1 X104.014 Y102.457 E0.02999
G1 X103.469 Y103.044 E0.02999
G1 X102.899 Y103.608 E0.02999
G1 X102.306 Y104.146 E0.02999
G1 X101.690 Y104.659 E0.02999
G1 X101.053 Y105.145 E0.02999
G1 X100.396 Y105.604 E0.02999
G1 X99.720 Y106.034 E0.02999
G1 X99.026 Y106.435 E0.02999
G1 X98.315 Y106.805 E0.02999
G1 X97.590 Y107.145 E0.02999
G1 X96.850 Y107.454 E0.02999
G1 X96.098 Y107.731 E0.02999
G1 X95.335 Y107.975 E0.02999
G1 X94.562 Y108.187 E0.02999
G1 X93.781 Y108.365 E0.02999
G1 X92.992 Y108.510 E0.02999
G1 X92.199 Y108.621 E0.02999
G1 X91.401 Y108.698 E0.02999
G1 X90.601 Y108.740 E0.02999
G1 X89.800 Y108.749 E0.02999
G1 X88.999 Y108.723 E0.02999
G1 X88.200 Y108.663 E0.02999
G1 X87.404 Y108.569 E0.02999
G1 X86.613 Y108.441 E0.02999
G1 X85.828 Y108.280 E0.02999
G1 X85.050 Y108.085 E0.02999
G1 X84.282 Y107.857 E0.02999
G1 X83.524 Y107.596 E0.02999
G1 X82.778 Y107.304 E0.02999
G1 X82.046 Y106.979 E0.02999
M73 P88 R2
G1 X81.327 Y106.624 E0.02999
G1 X80.625 Y106.238 E0.02999
G1 X79.940 Y105.823 E0.02999
G1 X79.273 Y105.378 E0.02999
G1 X78.626 Y104.906 E0.02999
G1 X77.999 Y104.406 E0.02999
G1 X77.394 Y103.880 E0.02999
G1 X76.813 Y103.329 E0.02999
G1 X76.255 Y102.753 E0.02999
G1 X75.723 Y102.154 E0.02999
G1 X75.217 Y101.533 E0.02999
G1 X74.737 Y100.891 E0.02999
G1 X74.286 Y100.229 E0.02999
G1 X73.863 Y99.548 E0.02999
G1 X73.470 Y98.850 E0.02999
G1 X73.107 Y98.135 E0.02999
G1 X72.775 Y97.406 E0.02999
G1 X72.474 Y96.663 E0.02999
G1 X72.205 Y95.908 E0.02999
G1 X71.969 Y95.143 E0.02999
G1 X71.766 Y94.367 E0.02999
G1 X71.596 Y93.584 E0.02999
G1 X71.459 Y92.795 E0.02999
G1 X71.357 Y92.000 E0.02999
G1 X71.289 Y91.201 E0.02999
G1 X71.254 Y90.401 E0.02999
G1 X71.254 Y89.599 E0.02999
G1 X71.289 Y88.799 E0.02999
G1 X71.357 Y88.000 E0.02999
G1 X71.459 Y87.205 E0.02999
G1 X71.596 Y86.416 E0.02999
G1 X71.766 Y85.633 E0.02999
G1 X71.969 Y84.857 E0.02999
G1 X72.205 Y84.092 E0.02999
G1 X72.474 Y83.337 E0.02999
G1 X72.775 Y82.594 E0.02999
G1 X73.107 Y81.865 E0.02999
G1 X73.470 Y81.150 E0.02999
G1 X73.863 Y80.452 E0.02999
G1 X74.286 Y79.771 E0.02999
G1 X74.737 Y79.109 E0.02999
G1 X75.217 Y78.467 E0.02999
G1 X75.723 Y77.846 E0.02999
G1 X76.255 Y77.247 E0.02999
G1 X76.813 Y76.671 E0.02999
G1 X77.394 Y76.120 E0.02999
G1 X77.999 Y75.594 E0.02999
G1 X78.626 Y75.094 E0.02999
G1 X79.273 Y74.622 E0.02999
G1 X79.940 Y74.177 E0.02999
G1 X80.625 Y73.762 E0.02999
G1 X81.327 Y73.376 E0.02999
G1 X82.046 Y73.021 E0.02999
G1 X82.778 Y72.696 E0.02999
G1 X83.524 Y72.404 E0.02999
G1 X84.282 Y72.143 E0.02999
G1 X85.050 Y71.915 E0.02999
G1 X85.828 Y71.720 E0.02999
G1 X86.613 Y71.559 E0.02999
G1 X87.404 Y71.431 E0.02999
G1 X88.200 Y71.337 E0.02999
G1 X88.999 Y71.277 E0.02999
G1 X89.800 Y71.251 E0.02999
G1 X90.601 Y71.260 E0.02999
G1 X91.401 Y71.302 E0.02999
G1 X92.199 Y71.379 E0.02999
G1 X92.992 Y71.490 E0.02999
G1 X93.781 Y71.635 E0.02999
G1 X94.562 Y71.813 E0.02999
G1 X95.335 Y72.025 E0.02999
G1 X96.098 Y72.269 E0.02999
G1 X96.850 Y72.546 E0.02999
G1 X97.590 Y72.855 E0.02999
G1 X98.315 Y73.195 E0.02999
G1 X99.026 Y73.565 E0.02999
G1 X99.720 Y73.966 E0.02999
G1 X100.396 Y74.396 E0.02999
G1 X101.053 Y74.855 E0.02999
G1 X101.690 Y75.341 E0.02999
G1 X102.306 Y75.854 E0.02999
G1 X102.899 Y76.392 E0.02999
G1 X103.469 Y76.956 E0.02999
G1 X104.014 Y77.543 E0.02999
G1 X104.534 Y78.154 E0.02999
G1 X105.027 Y78.785 E0.02999
G1 X105.492 Y79.438 E0.02999
G1 X105.929 Y80.109 E0.02999
G1 X106.337 Y80.799 E0.02999
G1 X106.715 Y81.506 E0.02999
G1 X107.063 Y82.228 E0.02999
G1 X107.380 Y82.964 E0.02999
G1 X107.664 Y83.713 E0.02999
G1 X107.917 Y84.473 E0.02999
G1 X108.137 Y85.244 E0.02999
G1 X108.323 Y86.023 E0.02999
G1 X108.477 Y86.810 E0.02999
G1 X108.596 Y87.602 E0.02999
G1 X108.682 Y88.399 E0.02999
G1 X108.733 Y89.199 E0.02999
G1 X108.750 Y90.000 E0.02999
G1 E-0.70000 F2100
G1 X109.200 Y90.000 F9000
G1 E0.70000 F1500
;TYPE:External perimeter
G1 F1800
G1 X109.200 Y90.000 E0.00000
G1 X109.183 Y90.804 E0.03009
G1 X109.133 Y91.607 E0.03009
G1 X109.049 Y92.406 E0.03009
G1 X108.931 Y93.202 E0.03009
G1 X108.780 Y93.992 E0.03009
G1 X108.597 Y94.775 E0.03009
G1 X108.381 Y95.549 E0.03009
G1 X108.132 Y96.314 E0.03009
G1 X107.852 Y97.068 E0.03009
G1 X107.540 Y97.809 E0.03009
G1 X107.198 Y98.537 E0.03009
G1 X106.825 Y99.250 E0.03009
G1 X106.423 Y99.946 E0.03009
G1 X105.992 Y100.625 E0.03009
G1 X105.533 Y101.285 E0.03009
G1 X105.047 Y101.926 E0.03009
G1 X104.534 Y102.546 E0.03009
G1 X103.996 Y103.143 E0.03009
G1 X103.434 Y103.718 E0.03009
G1 X102.847 Y104.268 E0.03009
G1 X102.239 Y104.794 E0.03009
G1 X101.608 Y105.293 E0.03009
G1 X100.958 Y105.766 E0.03009
G1 X100.288 Y106.211 E0.03009
G1 X99.600 Y106.628 E0.03009
G1 X98.895 Y107.015 E0.03009
G1 X98.175 Y107.373 E0.03009
G1 X97.440 Y107.700 E0.03009
G1 X96.693 Y107.996 E0.03009
G1 X95.933 Y108.260 E0.03009
G1 X95.163 Y108.493 E0.03009
G1 X94.384 Y108.693 E0.03009
G1 X93.598 Y108.860 E0.03009
G1 X92.805 Y108.994 E0.03009
G1 X92.007 Y109.095 E0.03009
G1 X91.206 Y109.162 E0.03009
G1 X90.402 Y109.196 E0.03009
G1 X89.598 Y109.196 E0.03009
G1 X88.794 Y109.162 E0.03009
G1 X87.993 Y109.095 E0.03009
G1 X87.195 Y108.994 E0.03009
G1 X86.402 Y108.860 E0.03009
G1 X85.616 Y108.693 E0.03009
G1 X84.837 Y108.493 E0.03009
G1 X84.067 Y108.260 E0.03009
G1 X83.307 Y107.996 E0.03009
G1 X82.560 Y107.700 E0.03009
G1 X81.825 Y107.373 E0.03009
G1 X81.105 Y107.015 E0.03009
G1 X80.400 Y106.628 E0.03009
G1 X79.712 Y106.211 E0.03009
G1 X79.042 Y105.766 E0.03009
G1 X78.392 Y105.293 E0.03009
G1 X77.761 Y104.794 E0.03009
G1 X77.153 Y104.268 E0.03009
G1 X76.566 Y103.718 E0.03009
G1 X76.004 Y103.143 E0.03009
G1 X75.466 Y102.546 E0.03009
G1 X74.953 Y101.926 E0.03009
G1 X74.467 Y101.285 E0.03009
G1 X74.008 Y100.625 E0.03009
G1 X73.577 Y99.946 E0.03009
G1 X73.175 Y99.250 E0.03009
G1 X72.802 Y98.537 E0.03009
G1 X72.460 Y97.809 E0.03009
G1 X72.148 Y97.068 E0.03009
G1 X71.868 Y96.314 E0.03009
G1 X71.619 Y95.549 E0.03009
G1 X71.403 Y94.775 E0.03009
G1 X71.220 Y93.992 E0.03009
G1 X71.069 Y93.202 E0.03009
G1 X70.951 Y92.406 E0.03009
G1 X70.867 Y91.607 E0.03009
G1 X70.817 Y90.804 E0.03009
G1 X70.800 Y90.000 E0.03009
G1 X70.817 Y89.196 E0.03009
G1 X70.867 Y88.393 E0.03009
G1 X70.951 Y87.594 E0.03009
G1 X71.069 Y86.798 E0.03009
G1 X71.220 Y86.008 E0.03009
G1 X71.403 Y85.225 E0.03009
G1 X71.619 Y84.451 E0.03009
G1 X71.868 Y83.686 E0.03009
G1 X72.148 Y82.932 E0.03009
G1 X72.460 Y82.191 E0.03009
G1 X72.802 Y81.463 E0.03009
G1 X73.175 Y80.750 E0.03009
G1 X73.577 Y80.054 E0.03009
G1 X74.008 Y79.375 E0.03009
G1 X74.467 Y78.715 E0.03009
G1 X74.953 Y78.074 E0.03009
G1 X75.466 Y77.454 E0.03009
G1 X76.004 Y76.857 E0.03009
G1 X76.566 Y76.282 E0.03009
G1 X77.153 Y75.732 E0.03009
G1 X77.761 Y75.206 E0.03009
G1 X78.392 Y74.707 E0.03009
G1 X79.042 Y74.234 E0.03009
G1 X79.712 Y73.789 E0.03009
G1 X80.400 Y73.372 E0.03009
G1 X81.105 Y72.985 E0.03009
G1 X81.825 Y72.627 E0.03009
G1 X82.560 Y72.300 E0.03009
G1 X83.307 Y72.004 E0.03009
G1 X84.067 Y71.740 E0.03009
G1 X84.837 Y71.507 E0.03009
G1 X85.616 Y71.307 E0.03009
G1 X86.402 Y71.140 E0.03009
G1 X87.195 Y71.006 E0.03009
G1 X87.993 Y70.905 E0.03009
G1 X88.794 Y70.838 E0.03009
G1 X89.598 Y70.804 E0.03009
G1 X90.402 Y70.804 E0.03009
G1 X91.206 Y70.838 E0.03009
G1 X92.007 Y70.905 E0.03009
G1 X92.805 Y71.006 E0.03009
G1 X93.598 Y71.140 E0.03009
G1 X94.384 Y71.307 E0.03009
G1 X95.163 Y71.507 E0.03009
G1 X95.933 Y71.740 E0.03009
G1 X96.693 Y72.004 E0.03009
G1 X97.440 Y72.300 E0.03009
G1 X98.175 Y72.627 E0.03009
G1 X98.895 Y72.985 E0.03009
G1 X99.600 Y73.372 E0.03009
G1 X100.288 Y73.789 E0.03009
G1 X100.958 Y74.234 E0.03009
G1 X101.608 Y74.707 E0.03009
G1 X102.239 Y75.206 E0.03009
G1 X102.847 Y75.732 E0.03009
G1 X103.434 Y76.282 E0.03009
G1 X103.996 Y76.857 E0.03009
G1 X104.534 Y77.454 E0.03009
G1 X105.047 Y78.074 E0.03009
G1 X105.533 Y78.715 E0.03009
G1 X105.992 Y79.375 E0.03009
G1 X106.423 Y80.054 E0.03009
G1 X106.825 Y80.750 E0.03009
G1 X107.198 Y81.463 E0.03009
G1 X107.540 Y82.191 E0.03009
G1 X107.852 Y82.932 E0.03009
G1 X108.132 Y83.686 E0.03009
G1 X108.381 Y84.451 E0.03009
G1 X108.597 Y85.225 E0.03009
G1 X108.780 Y86.008 E0.03009
G1 X108.931 Y86.798 E0.03009
G1 X109.049 Y87.594 E0.03009
G1 X109.133 Y88.393 E0.03009
G1 X109.183 Y89.196 E0.03009
G1 X109.200 Y90.000 E0.03009
G1 E-0.70000 F2100
G1 X97.875 Y73.232 F9000
G1 E0.70000 F1500
;TYPE:Internal infill
G1 F5400
G1 X106.768 Y82.125 E0.47060
G1 X108.228 Y86.697 E0.17957
G1 X93.303 Y71.772 E0.78977
G1 X89.895 Y71.475 E0.12800
G1 X108.525 Y90.105 E0.98580
G1 X108.284 Y92.976 E0.10780
G1 X87.024 Y71.716 E1.12501
G1 X84.506 Y72.308 E0.09681
G1 X107.692 Y95.494 E1.22690
G1 X106.829 Y97.743 E0.09012
G1 X82.257 Y73.171 E1.30027
G1 X80.234 Y74.259 E0.08596
M73 P89 R2
G1 X105.741 Y99.766 E1.34979
G1 X104.453 Y101.589 E0.08352
G1 X78.411 Y75.547 E1.37802
G1 X76.778 Y77.025 E0.08242
G1 X102.975 Y103.222 E1.38626
G1 X101.312 Y104.670 E0.08252
G1 X75.330 Y78.688 E1.37488
G1 X74.072 Y80.542 E0.08381
G1 X99.458 Y105.928 E1.34338
G1 X97.401 Y106.982 E0.08649
G1 X73.018 Y82.599 E1.29029
G1 X72.195 Y84.887 E0.09099
G1 X95.113 Y107.805 E1.21276
G1 X92.545 Y108.349 E0.09820
G1 X71.651 Y87.455 E1.10568
G1 X71.479 Y90.394 E0.11019
G1 X89.606 Y108.521 E0.95919
G1 X86.079 Y108.105 E0.13288
G1 X71.895 Y93.921 E0.75058
G1 X73.742 Y98.879 E0.19798
G1 X81.121 Y106.258 E0.39047
;LAYER_CHANGE
;Z:15.80
;HEIGHT:0.2
G1 E-0.70000 F2100
G1 Z16.000 F720
G1 X107.640 Y90.000 F9000
G1 Z15.800 F720
G1 E0.70000 F1500
;TYPE:Perimeter
;WIDTH:0.45
G1 F2400
G1 X107.640 Y90.000 E0.00000
G1 X107.622 Y90.803 E0.03005
G1 X107.567 Y91.604 E0.03005
G1 X107.476 Y92.402 E0.03005
G1 X107.349 Y93.195 E0.03005
G1 X107.185 Y93.981 E0.03005
G1 X106.986 Y94.759 E0.03005
G1 X106.752 Y95.528 E0.03005
G1 X106.483 Y96.284 E0.03005
G1 X106.180 Y97.028 E0.03005
G1 X105.843 Y97.757 E0.03005
G1 X105.474 Y98.470 E0.03005
G1 X105.072 Y99.166 E0.03005
G1 X104.639 Y99.842 E0.03005
G1 X104.176 Y100.498 E0.03005
G1 X103.684 Y101.133 E0.03005
G1 X103.163 Y101.744 E0.03005
G1 X102.615 Y102.331 E0.03005
G1 X102.041 Y102.892 E0.03005
G1 X101.441 Y103.427 E0.03005
G1 X100.818 Y103.934 E0.03005
G1 X100.173 Y104.412 E0.03005
G1 X99.506 Y104.860 E0.03005
G1 X98.820 Y105.277 E0.03005
G1 X98.116 Y105.663 E0.03005
G1 X97.394 Y106.016 E0.03005
G1 X96.658 Y106.336 E0.03005
G1 X95.907 Y106.622 E0.03005
G1 X95.145 Y106.873 E0.03005
G1 X94.371 Y107.090 E0.03005
G1 X93.589 Y107.271 E0.03005
G1 X92.799 Y107.417 E0.03005
G1 X92.004 Y107.526 E0.03005
G1 X91.204 Y107.599 E0.03005
G1 X90.402 Y107.636 E0.03005
G1 X89.598 Y107.636 E0.03005
G1 X88.796 Y107.599 E0.03005
G1 X87.996 Y107.526 E0.03005
G1 X87.201 Y107.417 E0.03005
G1 X86.411 Y107.271 E0.03005
G1 X85.629 Y107.090 E0.03005
G1 X84.855 Y106.873 E0.03005
G1 X84.093 Y106.622 E0.03005
G1 X83.342 Y106.336 E0.03005
G1 X82.606 Y106.016 E0.03005
G1 X81.884 Y105.663 E0.03005
G1 X81.180 Y105.277 E0.03005
G1 X80.494 Y104.860 E0.03005
G1 X79.827 Y104.412 E0.03005
G1 X79.182 Y103.934 E0.03005
G1 X78.559 Y103.427 E0.03005
G1 X77.959 Y102.892 E0.03005
G1 X77.385 Y102.331 E0.03005
G1 X76.837 Y101.744 E0.03005
G1 X76.316 Y101.133 E0.03005
G1 X75.824 Y100.498 E0.03005
G1 X75.361 Y99.842 E0.03005
G1 X74.928 Y99.166 E0.03005
G1 X74.526 Y98.470 E0.03005
G1 X74.157 Y97.757 E0.03005
G1 X73.820 Y97.028 E0.03005
G1 X73.517 Y96.284 E0.03005
G1 X73.248 Y95.528 E0.03005
G1 X73.014 Y94.759 E0.03005
G1 X72.815 Y93.981 E0.03005
G1 X72.651 Y93.195 E0.03005
G1 X72.524 Y92.402 E0.03005
G1 X72.433 Y91.604 E0.03005
G1 X72.378 Y90.803 E0.03005
G1 X72.360 Y90.000 E0.03005
G1 X72.378 Y89.197 E0.03005
G1 X72.433 Y88.396 E0.03005
G1 X72.524 Y87.598 E0.03005
G1 X72.651 Y86.805 E0.03005
G1 X72.815 Y86.019 E0.03005
G1 X73.014 Y85.241 E0.03005
G1 X73.248 Y84.472 E0.03005
G1 X73.517 Y83.716 E0.03005
G1 X73.820 Y82.972 E0.03005
G1 X74.157 Y82.243 E0.03005
G1 X74.526 Y81.530 E0.03005
G1 X74.928 Y80.834 E0.03005
G1 X75.361 Y80.158 E0.03005
G1 X75.824 Y79.502 E0.03005
G1 X76.316 Y78.867 E0.03005
G1 X76.837 Y78.256 E0.03005
G1 X77.385 Y77.669 E0.03005
G1 X77.959 Y77.108 E0.03005
G1 X78.559 Y76.573 E0.03005
G1 X79.182 Y76.066 E0.03005
G1 X79.827 Y75.588 E0.03005
G1 X80.494 Y75.140 E0.03005
G1 X81.180 Y74.723 E0.03005
G1 X81.884 Y74.337 E0.03005
G1 X82.606 Y73.984 E0.03005
G1 X83.342 Y73.664 E0.03005
G1 X84.093 Y73.378 E0.03005
G1 X84.855 Y73.127 E0.03005
G1 X85.629 Y72.910 E0.03005
G1 X86.411 Y72.729 E0.03005
G1 X87.201 Y72.583 E0.03005
G1 X87.996 Y72.474 E0.03005
G1 X88.796 Y72.401 E0.03005
G1 X89.598 Y72.364 E0.03005
G1 X90.402 Y72.364 E0.03005
G1 X91.204 Y72.401 E0.03005
G1 X92.004 Y72.474 E0.03005
G1 X92.799 Y72.583 E0.03005
G1 X93.589 Y72.729 E0.03005
G1 X94.371 Y72.910 E0.03005
G1 X95.145 Y73.127 E0.03005
G1 X95.907 Y73.378 E0.03005
G1 X96.658 Y73.664 E0.03005
G1 X97.394 Y73.984 E0.03005
G1 X98.116 Y74.337 E0.03005
G1 X98.820 Y74.723 E0.03005
G1 X99.506 Y75.140 E0.03005
G1 X100.173 Y75.588 E0.03005
G1 X100.818 Y76.066 E0.03005
G1 X101.441 Y76.573 E0.03005
G1 X102.041 Y77.108 E0.03005
G1 X102.615 Y77.669 E0.03005
G1 X103.163 Y78.256 E0.03005
G1 X103.684 Y78.867 E0.03005
G1 X104.176 Y79.502 E0.03005
G1 X104.639 Y80.158 E0.03005
G1 X105.072 Y80.834 E0.03005
G1 X105.474 Y81.530 E0.03005
G1 X105.843 Y82.243 E0.03005
G1 X106.180 Y82.972 E0.03005
G1 X106.483 Y83.716 E0.03005
G1 X106.752 Y84.472 E0.03005
G1 X106.986 Y85.241 E0.03005
G1 X107.185 Y86.019 E0.03005
G1 X107.349 Y86.805 E0.03005
G1 X107.476 Y87.598 E0.03005
G1 X107.567 Y88.396 E0.03005
G1 X107.622 Y89.197 E0.03005
G1 X107.640 Y90.000 E0.03005
G1 E-0.70000 F2100
G1 X108.090 Y90.000 F9000
G1 E0.70000 F1500
;TYPE:External perimeter
G1 F1800
G1 X108.090 Y90.000 E0.00000
G1 X108.073 Y90.800 E0.02995
G1 X108.020 Y91.599 E0.02995
G1 X107.931 Y92.394 E0.02995
G1 X107.808 Y93.185 E0.02995
G1 X107.649 Y93.970 E0.02995
G1 X107.457 Y94.747 E0.02995
G1 X107.230 Y95.514 E0.02995
G1 X106.969 Y96.271 E0.02995
G1 X106.675 Y97.015 E0.02995
G1 X106.348 Y97.746 E0.02995
G1 X105.990 Y98.461 E0.02995
G1 X105.600 Y99.160 E0.02995
G1 X105.179 Y99.842 E0.02995
G1 X104.729 Y100.503 E0.02995
G1 X104.250 Y101.145 E0.02995
G1 X103.743 Y101.764 E0.02995
G1 X103.209 Y102.360 E0.02995
G1 X102.650 Y102.933 E0.02995
G1 X102.065 Y103.479 E0.02995
G1 X101.457 Y104.000 E0.02995
G1 X100.827 Y104.493 E0.02995
G1 X100.175 Y104.958 E0.02995
G1 X99.503 Y105.393 E0.02995
G1 X98.813 Y105.798 E0.02995
G1 X98.106 Y106.173 E0.02995
G1 X97.382 Y106.516 E0.02995
G1 X96.645 Y106.826 E0.02995
G1 X95.894 Y107.103 E0.02995
G1 X95.132 Y107.347 E0.02995
G1 X94.359 Y107.557 E0.02995
G1 X93.578 Y107.733 E0.02995
G1 X92.790 Y107.874 E0.02995
G1 X91.997 Y107.980 E0.02995
G1 X91.200 Y108.051 E0.02995
G1 X90.400 Y108.086 E0.02995
G1 X89.600 Y108.086 E0.02995
G1 X88.800 Y108.051 E0.02995
G1 X88.003 Y107.980 E0.02995
G1 X87.210 Y107.874 E0.02995
G1 X86.422 Y107.733 E0.02995
G1 X85.641 Y107.557 E0.02995
G1 X84.868 Y107.347 E0.02995
G1 X84.106 Y107.103 E0.02995
G1 X83.355 Y106.826 E0.02995
G1 X82.618 Y106.516 E0.02995
G1 X81.894 Y106.173 E0.02995
G1 X81.187 Y105.798 E0.02995
G1 X80.497 Y105.393 E0.02995
G1 X79.825 Y104.958 E0.02995
G1 X79.173 Y104.493 E0.02995
G1 X78.543 Y104.000 E0.02995
G1 X77.935 Y103.479 E0.02995
G1 X77.350 Y102.933 E0.02995
G1 X76.791 Y102.360 E0.02995
G1 X76.257 Y101.764 E0.02995
G1 X75.750 Y101.145 E0.02995
M73 P90 R2
G1 X75.271 Y100.503 E0.02995
G1 X74.821 Y99.842 E0.02995
G1 X74.400 Y99.160 E0.02995
G1 X74.010 Y98.461 E0.02995
G1 X73.652 Y97.746 E0.02995
G1 X73.325 Y97.015 E0.02995
G1 X73.031 Y96.271 E0.02995
G1 X72.770 Y95.514 E0.02995
G1 X72.543 Y94.747 E0.02995
G1 X72.351 Y93.970 E0.02995
G1 X72.192 Y93.185 E0.02995
G1 X72.069 Y92.394 E0.02995
G1 X71.980 Y91.599 E0.02995
G1 X71.927 Y90.800 E0.02995
G1 X71.910 Y90.000 E0.02995
G1 X71.927 Y89.200 E0.02995
G1 X71.980 Y88.401 E0.02995
G1 X72.069 Y87.606 E0.02995
G1 X72.192 Y86.815 E0.02995
G1 X72.351 Y86.030 E0.02995
G1 X72.543 Y85.253 E0.02995
G1 X72.770 Y84.486 E0.02995
G1 X73.031 Y83.729 E0.02995
G1 X73.325 Y82.985 E0.02995
G1 X73.652 Y82.254 E0.02995
G1 X74.010 Y81.539 E0.02995
G1 X74.400 Y80.840 E0.02995
G1 X74.821 Y80.158 E0.02995
G1 X75.271 Y79.497 E0.02995
G1 X75.750 Y78.855 E0.02995
G1 X76.257 Y78.236 E0.02995
G1 X76.791 Y77.640 E0.02995
G1 X77.350 Y77.067 E0.02995
G1 X77.935 Y76.521 E0.02995
G1 X78.543 Y76.000 E0.02995
G1 X79.173 Y75.507 E0.02995
G1 X79.825 Y75.042 E0.02995
G1 X80.497 Y74.607 E0.02995
G1 X81.187 Y74.202 E0.02995
G1 X81.894 Y73.827 E0.02995
G1 X82.618 Y73.484 E0.02995
G1 X83.355 Y73.174 E0.02995
G1 X84.106 Y72.897 E0.02995
G1 X84.868 Y72.653 E0.02995
G1 X85.641 Y72.443 E0.02995
G1 X86.422 Y72.267 E0.02995
G1 X87.210 Y72.126 E0.02995
G1 X88.003 Y72.020 E0.02995
G1 X88.800 Y71.949 E0.02995
G1 X89.600 Y71.914 E0.02995
G1 X90.400 Y71.914 E0.02995
G1 X91.200 Y71.949 E0.02995
G1 X91.997 Y72.020 E0.02995
G1 X92.790 Y72.126 E0.02995
G1 X93.578 Y72.267 E0.02995
G1 X94.359 Y72.443 E0.02995
G1 X95.132 Y72.653 E0.02995
G1 X95.894 Y72.897 E0.02995
G1 X96.645 Y73.174 E0.02995
G1 X97.382 Y73.484 E0.02995
G1 X98.106 Y73.827 E0.02995
G1 X98.813 Y74.202 E0.02995
G1 X99.503 Y74.607 E0.02995
G1 X100.175 Y75.042 E0.02995
G1 X100.827 Y75.507 E0.02995
G1 X101.457 Y76.000 E0.02995
G1 X102.065 Y76.521 E0.02995
G1 X102.650 Y77.067 E0.02995
G1 X103.209 Y77.640 E0.02995
G1 X103.743 Y78.236 E0.02995
G1 X104.250 Y78.855 E0.02995
G1 X104.729 Y79.497 E0.02995
G1 X105.179 Y80.158 E0.02995
G1 X105.600 Y80.840 E0.02995
G1 X105.990 Y81.539 E0.02995
G1 X106.348 Y82.254 E0.02995
G1 X106.675 Y82.985 E0.02995
G1 X106.969 Y83.729 E0.02995
G1 X107.230 Y84.486 E0.02995
G1 X107.457 Y85.253 E0.02995
G1 X107.649 Y86.030 E0.02995
G1 X107.808 Y86.815 E0.02995
G1 X107.931 Y87.606 E0.02995
G1 X108.020 Y88.401 E0.02995
G1 X108.073 Y89.200 E0.02995
G1 X108.090 Y90.000 E0.02995
G1 E-0.70000 F2100
G1 X74.156 Y82.770 F9000
G1 E0.70000 F1500
;TYPE:Internal infill
G1 F5400
G1 X82.770 Y74.156 E0.45584
G1 X87.232 Y72.806 E0.17441
G1 X72.806 Y87.232 E0.76336
G1 X72.593 Y90.556 E0.12462
G1 X90.556 Y72.593 E0.95049
G1 X93.350 Y72.910 E0.10524
G1 X72.910 Y93.350 E1.08164
G1 X73.577 Y95.795 E0.09480
G1 X95.795 Y73.577 E1.17569
G1 X97.968 Y74.515 E0.08858
G1 X74.515 Y97.968 E1.24110
G1 X75.681 Y99.913 E0.08485
G1 X99.913 Y75.681 E1.28226
G1 X101.650 Y77.055 E0.08288
G1 X77.055 Y101.650 E1.30148
G1 X78.627 Y103.189 E0.08232
G1 X103.189 Y78.627 E1.29974
G1 X104.530 Y80.398 E0.08310
G1 X80.398 Y104.530 E1.27693
G1 X82.380 Y105.660 E0.08534
G1 X105.660 Y82.380 E1.23190
G1 X106.555 Y84.595 E0.08942
G1 X84.595 Y106.555 E1.16207
G1 X87.091 Y107.171 E0.09619
G1 X107.171 Y87.091 E1.06255
G1 X107.415 Y89.958 E0.10765
G1 X89.958 Y107.415 E0.92380
G1 X93.405 Y107.079 E0.12960
G1 X107.079 Y93.405 E0.72359
G1 X105.328 Y98.268 E0.19340
G1 X98.268 Y105.328 E0.37357
;LAYER_CHANGE
;Z:16.00
;HEIGHT:0.2
G1 E-0.70000 F2100
G1 Z16.200 F720
G1 X106.347 Y90.000 F9000
G1 Z16.000 F720
G1 E0.70000 F1500
;TYPE:Perimeter
;WIDTH:0.45
G1 F2400
G1 X106.347 Y90.000 E0.00000
G1 X106.327 Y90.802 E0.03002
G1 X106.268 Y91.602 E0.03002
G1 X106.170 Y92.399 E0.03002
G1 X106.032 Y93.189 E0.03002
G1 X105.857 Y93.972 E0.03002
G1 X105.643 Y94.745 E0.03002
G1 X105.391 Y95.507 E0.03002
G1 X105.102 Y96.256 E0.03002
G1 X104.777 Y96.989 E0.03002
G1 X104.416 Y97.706 E0.03002
G1 X104.021 Y98.404 E0.03002
G1 X103.592 Y99.082 E0.03002
G1 X103.130 Y99.738 E0.03002
G1 X102.636 Y100.370 E0.03002
G1 X102.112 Y100.978 E0.03002
G1 X101.559 Y101.559 E0.03002
G1 X100.978 Y102.112 E0.03002
G1 X100.370 Y102.636 E0.03002
G1 X99.738 Y103.130 E0.03002
G1 X99.082 Y103.592 E0.03002
G1 X98.404 Y104.021 E0.03002
G1 X97.706 Y104.416 E0.03002
G1 X96.989 Y104.777 E0.03002
G1 X96.256 Y105.102 E0.03002
G1 X95.507 Y105.391 E0.03002
G1 X94.745 Y105.643 E0.03002
M73 P91 R2
G1 X93.972 Y105.857 E0.03002
G1 X93.189 Y106.032 E0.03002
G1 X92.399 Y106.170 E0.03002
G1 X91.602 Y106.268 E0.03002
G1 X90.802 Y106.327 E0.03002
G1 X90.000 Y106.347 E0.03002
G1 X89.198 Y106.327 E0.03002
G1 X88.398 Y106.268 E0.03002
G1 X87.601 Y106.170 E0.03002
G1 X86.811 Y106.032 E0.03002
G1 X86.028 Y105.857 E0.03002
G1 X85.255 Y105.643 E0.03002
G1 X84.493 Y105.391 E0.03002
G1 X83.744 Y105.102 E0.03002
G1 X83.011 Y104.777 E0.03002
G1 X82.294 Y104.416 E0.03002
G1 X81.596 Y104.021 E0.03002
G1 X80.918 Y103.592 E0.03002
G1 X80.262 Y103.130 E0.03002
G1 X79.630 Y102.636 E0.03002
G1 X79.022 Y102.112 E0.03002
G1 X78.441 Y101.559 E0.03002
G1 X77.888 Y100.978 E0.03002
G1 X77.364 Y100.370 E0.03002
G1 X76.870 Y99.738 E0.03002
G1 X76.408 Y99.082 E0.03002
G1 X75.979 Y98.404 E0.03002
G1 X75.584 Y97.706 E0.03002
G1 X75.223 Y96.989 E0.03002
G1 X74.898 Y96.256 E0.03002
G1 X74.609 Y95.507 E0.03002
G1 X74.357 Y94.745 E0.03002
G1 X74.143 Y93.972 E0.03002
G1 X73.968 Y93.189 E0.03002
G1 X73.830 Y92.399 E0.03002
G1 X73.732 Y91.602 E0.03002
G1 X73.673 Y90.802 E0.03002
G1 X73.653 Y90.000 E0.03002
G1 X73.673 Y89.198 E0.03002
G1 X73.732 Y88.398 E0.03002
G1 X73.830 Y87.601 E0.03002
G1 X73.968 Y86.811 E0.03002
G1 X74.143 Y86.028 E0.03002
G1 X74.357 Y85.255 E0.03002
G1 X74.609 Y84.493 E0.03002
G1 X74.898 Y83.744 E0.03002
G1 X75.223 Y83.011 E0.03002
G1 X75.584 Y82.294 E0.03002
G1 X75.979 Y81.596 E0.03002
G1 X76.408 Y80.918 E0.03002
G1 X76.870 Y80.262 E0.03002
G1 X77.364 Y79.630 E0.03002
G1 X77.888 Y79.022 E0.03002
G1 X78.441 Y78.441 E0.03002
G1 X79.022 Y77.888 E0.03002
G1 X79.630 Y77.364 E0.03002
G1 X80.262 Y76.870 E0.03002
G1 X80.918 Y76.408 E0.03002
G1 X81.596 Y75.979 E0.03002
G1 X82.294 Y75.584 E0.03002
G1 X83.011 Y75.223 E0.03002
G1 X83.744 Y74.898 E0.03002
G1 X84.493 Y74.609 E0.03002
G1 X85.255 Y74.357 E0.03002
G1 X86.028 Y74.143 E0.03002
G1 X86.811 Y73.968 E0.03002
G1 X87.601 Y73.830 E0.03002
G1 X88.398 Y73.732 E0.03002
G1 X89.198 Y73.673 E0.03002
G1 X90.000 Y73.653 E0.03002
G1 X90.802 Y73.673 E0.03002
G1 X91.602 Y73.732 E0.03002
G1 X92.399 Y73.830 E0.03002
G1 X93.189 Y73.968 E0.03002
G1 X93.972 Y74.143 E0.03002
G1 X94.745 Y74.357 E0.03002
G1 X95.507 Y74.609 E0.03002
G1 X96.256 Y74.898 E0.03002
G1 X96.989 Y75.223 E0.03002
G1 X97.706 Y75.584 E0.03002
G1 X98.404 Y75.979 E0.03002
G1 X99.082 Y76.408 E0.03002
G1 X99.738 Y76.870 E0.03002
G1 X100.370 Y77.364 E0.03002
G1 X100.978 Y77.888 E0.03002
G1 X101.559 Y78.441 E0.03002
G1 X102.112 Y79.022 E0.03002
G1 X102.636 Y79.630 E0.03002
G1 X103.130 Y80.262 E0.03002
G1 X103.592 Y80.918 E0.03002
G1 X104.021 Y81.596 E0.03002
G1 X104.416 Y82.294 E0.03002
G1 X104.777 Y83.011 E0.03002
G1 X105.102 Y83.744 E0.03002
G1 X105.391 Y84.493 E0.03002
G1 X105.643 Y85.255 E0.03002
G1 X105.857 Y86.028 E0.03002
G1 X106.032 Y86.811 E0.03002
G1 X106.170 Y87.601 E0.03002
G1 X106.268 Y88.398 E0.03002
G1 X106.327 Y89.198 E0.03002
G1 X106.347 Y90.000 E0.03002
G1 E-0.70000 F2100
G1 X106.797 Y90.000 F9000
G1 E0.70000 F1500
;TYPE:External perimeter
G1 F1800
G1 X106.797 Y90.000 E0.00000
G1 X106.777 Y90.805 E0.03014
G1 X106.719 Y91.609 E0.03014
G1 X106.623 Y92.409 E0.03014
G1 X106.488 Y93.203 E0.03014
G1 X106.316 Y93.990 E0.03014
G1 X106.106 Y94.767 E0.03014
G1 X105.859 Y95.534 E0.03014
G1 X105.575 Y96.288 E0.03014
G1 X105.256 Y97.027 E0.03014
G1 X104.901 Y97.751 E0.03014
G1 X104.513 Y98.456 E0.03014
G1 X104.090 Y99.142 E0.03014
G1 X103.636 Y99.807 E0.03014
G1 X103.150 Y100.450 E0.03014
G1 X102.634 Y101.068 E0.03014
G1 X102.089 Y101.661 E0.03014
G1 X101.516 Y102.228 E0.03014
G1 X100.916 Y102.766 E0.03014
G1 X100.292 Y103.274 E0.03014
G1 X99.643 Y103.752 E0.03014
G1 X98.973 Y104.199 E0.03014
G1 X98.282 Y104.613 E0.03014
G1 X97.572 Y104.993 E0.03014
G1 X96.844 Y105.339 E0.03014
G1 X96.101 Y105.649 E0.03014
G1 X95.343 Y105.924 E0.03014
G1 X94.574 Y106.162 E0.03014
G1 X93.794 Y106.362 E0.03014
G1 X93.005 Y106.526 E0.03014
G1 X92.209 Y106.651 E0.03014
G1 X91.408 Y106.737 E0.03014
G1 X90.604 Y106.786 E0.03014
G1 X89.799 Y106.795 E0.03014
G1 X88.994 Y106.766 E0.03014
G1 X88.191 Y106.699 E0.03014
G1 X87.392 Y106.593 E0.03014
G1 X86.600 Y106.449 E0.03014
G1 X85.815 Y106.267 E0.03014
G1 X85.040 Y106.047 E0.03014
G1 X84.276 Y105.791 E0.03014
G1 X83.526 Y105.499 E0.03014
G1 X82.790 Y105.170 E0.03014
G1 X82.071 Y104.807 E0.03014
G1 X81.370 Y104.410 E0.03014
G1 X80.689 Y103.980 E0.03014
G1 X80.030 Y103.517 E0.03014
G1 X79.393 Y103.024 E0.03014
G1 X78.781 Y102.500 E0.03014
G1 X78.195 Y101.948 E0.03014
G1 X77.635 Y101.368 E0.03014
G1 X77.104 Y100.762 E0.03014
G1 X76.603 Y100.132 E0.03014
G1 X76.133 Y99.478 E0.03014
G1 X75.694 Y98.802 E0.03014
G1 X75.289 Y98.106 E0.03014
G1 X74.917 Y97.391 E0.03014
G1 X74.580 Y96.660 E0.03014
G1 X74.279 Y95.913 E0.03014
G1 X74.013 Y95.152 E0.03014
G1 X73.785 Y94.380 E0.03014
G1 X73.593 Y93.597 E0.03014
G1 X73.440 Y92.806 E0.03014
G1 X73.324 Y92.009 E0.03014
G1 X73.247 Y91.207 E0.03014
G1 X73.208 Y90.403 E0.03014
G1 X73.208 Y89.597 E0.03014
G1 X73.247 Y88.793 E0.03014
G1 X73.324 Y87.991 E0.03014
G1 X73.440 Y87.194 E0.03014
G1 X73.593 Y86.403 E0.03014
G1 X73.785 Y85.620 E0.03014
G1 X74.013 Y84.848 E0.03014
G1 X74.279 Y84.087 E0.03014
G1 X74.580 Y83.340 E0.03014
G1 X74.917 Y82.609 E0.03014
G1 X75.289 Y81.894 E0.03014
G1 X75.694 Y81.198 E0.03014
G1 X76.133 Y80.522 E0.03014
G1 X76.603 Y79.868 E0.03014
G1 X77.104 Y79.238 E0.03014
G1 X77.635 Y78.632 E0.03014
G1 X78.195 Y78.052 E0.03014
G1 X78.781 Y77.500 E0.03014
G1 X79.393 Y76.976 E0.03014
G1 X80.030 Y76.483 E0.03014
G1 X80.689 Y76.020 E0.03014
G1 X81.370 Y75.590 E0.03014
G1 X82.071 Y75.193 E0.03014
G1 X82.790 Y74.830 E0.03014
G1 X83.526 Y74.501 E0.03014
G1 X84.276 Y74.209 E0.03014
G1 X85.040 Y73.953 E0.03014
G1 X85.815 Y73.733 E0.03014
G1 X86.600 Y73.551 E0.03014
G1 X87.392 Y73.407 E0.03014
G1 X88.191 Y73.301 E0.03014
G1 X88.994 Y73.234 E0.03014
G1 X89.799 Y73.205 E0.03014
G1 X90.604 Y73.214 E0.03014
G1 X91.408 Y73.263 E0.03014
G1 X92.209 Y73.349 E0.03014
G1 X93.005 Y73.474 E0.03014
G1 X93.794 Y73.638 E0.03014
G1 X94.574 Y73.838 E0.03014
G1 X95.343 Y74.076 E0.03014
G1 X96.101 Y74.351 E0.03014
G1 X96.844 Y74.661 E0.03014
G1 X97.572 Y75.007 E0.03014
G1 X98.282 Y75.387 E0.03014
G1 X98.973 Y75.801 E0.03014
G1 X99.643 Y76.248 E0.03014
G1 X100.292 Y76.726 E0.03014
G1 X100.916 Y77.234 E0.03014
G1 X101.516 Y77.772 E0.03014
G1 X102.089 Y78.339 E0.03014
G1 X102.634 Y78.932 E0.03014
G1 X103.150 Y79.550 E0.03014
G1 X103.636 Y80.193 E0.03014
G1 X104.090 Y80.858 E0.03014
G1 X104.513 Y81.544 E0.03014
G1 X104.901 Y82.249 E0.03014
G1 X105.256 Y82.973 E0.03014
G1 X105.575 Y83.712 E0.03014
G1 X105.859 Y84.466 E0.03014
G1 X106.106 Y85.233 E0.03014
G1 X106.316 Y86.010 E0.03014
G1 X106.488 Y86.797 E0.03014
G1 X106.623 Y87.591 E0.03014
G1 X106.719 Y88.391 E0.03014
G1 X106.777 Y89.195 E0.03014
G1 X106.797 Y90.000 E0.03014
G1 E-0.70000 F2100
G1 X96.483 Y75.240 F9000
G1 E0.70000 F1500
;TYPE:Internal infill
G1 F5400
G1 X104.760 Y83.517 E0.43801
G1 X105.977 Y87.844 E0.16820
G1 X92.156 Y74.023 E0.73137
G1 X88.935 Y73.914 E0.12058
G1 X106.086 Y91.065 E0.90760
G1 X105.676 Y93.766 E0.10221
G1 X86.234 Y74.324 E1.02876
G1 X83.883 Y75.084 E0.09247
G1 X104.916 Y96.117 E1.11300
G1 X103.883 Y98.196 E0.08684
G1 X81.804 Y76.117 E1.16832
G1 X79.961 Y77.385 E0.08371
G1 X102.615 Y100.039 E1.19873
G1 X101.129 Y101.664 E0.08240
G1 X78.336 Y78.871 E1.20612
G1 X76.924 Y80.570 E0.08267
M73 P92 R2
G1 X99.430 Y103.076 E1.19093
G1 X97.508 Y104.266 E0.08456
G1 X75.734 Y82.492 E1.15224
G1 X74.789 Y84.658 E0.08844
G1 X95.342 Y105.211 E1.08757
G1 X92.882 Y105.862 E0.09522
G1 X74.138 Y87.118 E0.99184
G1 X73.879 Y89.970 E0.10714
G1 X90.030 Y106.121 E0.85467
G1 X86.544 Y105.747 E0.13119
G1 X74.253 Y93.456 E0.65037
G1 X76.504 Y98.818 E0.21758
G1 X81.182 Y103.496 E0.24754
;LAYER_CHANGE
;Z:16.20
;HEIGHT:0.2
G1 E-0.70000 F2100
G1 Z16.400 F720
G1 X104.822 Y90.000 F9000
G1 Z16.200 F720
G1 E0.70000 F1500
;TYPE:Perimeter
;WIDTH:0.45
G1 F2400
G1 X104.822 Y90.000 E0.00000
G1 X104.800 Y90.802 E0.03004
G1 X104.735 Y91.602 E0.03004
G1 X104.626 Y92.398 E0.03004
G1 X104.475 Y93.186 E0.03004
G1 X104.281 Y93.965 E0.03004
G1 X104.046 Y94.733 E0.03004
G1 X103.769 Y95.486 E0.03004
G1 X103.452 Y96.223 E0.03004
G1 X103.095 Y96.943 E0.03004
G1 X102.700 Y97.641 E0.03004
G1 X102.268 Y98.318 E0.03004
G1 X101.799 Y98.970 E0.03004
G1 X101.296 Y99.595 E0.03004
G1 X100.760 Y100.193 E0.03004
G1 X100.193 Y100.760 E0.03004
G1 X99.595 Y101.296 E0.03004
G1 X98.970 Y101.799 E0.03004
G1 X98.318 Y102.268 E0.03004
G1 X97.641 Y102.700 E0.03004
G1 X96.943 Y103.095 E0.03004
G1 X96.223 Y103.452 E0.03004
G1 X95.486 Y103.769 E0.03004
G1 X94.733 Y104.046 E0.03004
G1 X93.965 Y104.281 E0.03004
G1 X93.186 Y104.475 E0.03004
G1 X92.398 Y104.626 E0.03004
G1 X91.602 Y104.735 E0.03004
G1 X90.802 Y104.800 E0.03004
G1 X90.000 Y104.822 E0.03004
G1 X89.198 Y104.800 E0.03004
G1 X88.398 Y104.735 E0.03004
G1 X87.602 Y104.626 E0.03004
G1 X86.814 Y104.475 E0.03004
G1 X86.035 Y104.281 E0.03004
G1 X85.267 Y104.046 E0.03004
G1 X84.514 Y103.769 E0.03004
G1 X83.777 Y103.452 E0.03004
G1 X83.057 Y103.095 E0.03004
G1 X82.359 Y102.700 E0.03004
G1 X81.682 Y102.268 E0.03004
G1 X81.030 Y101.799 E0.03004
G1 X80.405 Y101.296 E0.03004
G1 X79.807 Y100.760 E0.03004
G1 X79.240 Y100.193 E0.03004
G1 X78.704 Y99.595 E0.03004
G1 X78.201 Y98.970 E0.03004
G1 X77.732 Y98.318 E0.03004
G1 X77.300 Y97.641 E0.03004
G1 X76.905 Y96.943 E0.03004
G1 X76.548 Y96.223 E0.03004
G1 X76.231 Y95.486 E0.03004
G1 X75.954 Y94.733 E0.03004
G1 X75.719 Y93.965 E0.03004
G1 X75.525 Y93.186 E0.03004
G1 X75.374 Y92.398 E0.03004
G1 X75.265 Y91.602 E0.03004
G1 X75.200 Y90.802 E0.03004
G1 X75.178 Y90.000 E0.03004
G1 X75.200 Y89.198 E0.03004
G1 X75.265 Y88.398 E0.03004
G1 X75.374 Y87.602 E0.03004
G1 X75.525 Y86.814 E0.03004
G1 X75.719 Y86.035 E0.03004
G1 X75.954 Y85.267 E0.03004
G1 X76.231 Y84.514 E0.03004
G1 X76.548 Y83.777 E0.03004
G1 X76.905 Y83.057 E0.03004
G1 X77.300 Y82.359 E0.03004
G1 X77.732 Y81.682 E0.03004
G1 X78.201 Y81.030 E0.03004
G1 X78.704 Y80.405 E0.03004
G1 X79.240 Y79.807 E0.03004
G1 X79.807 Y79.240 E0.03004
G1 X80.405 Y78.704 E0.03004
G1 X81.030 Y78.201 E0.03004
G1 X81.682 Y77.732 E0.03004
G1 X82.359 Y77.300 E0.03004
G1 X83.057 Y76.905 E0.03004
G1 X83.777 Y76.548 E0.03004
G1 X84.514 Y76.231 E0.03004
G1 X85.267 Y75.954 E0.03004
G1 X86.035 Y75.719 E0.03004
G1 X86.814 Y75.525 E0.03004
G1 X87.602 Y75.374 E0.03004
G1 X88.398 Y75.265 E0.03004
G1 X89.198 Y75.200 E0.03004
G1 X90.000 Y75.178 E0.03004
G1 X90.802 Y75.200 E0.03004
G1 X91.602 Y75.265 E0.03004
G1 X92.398 Y75.374 E0.03004
G1 X93.186 Y75.525 E0.03004
G1 X93.965 Y75.719 E0.03004
G1 X94.733 Y75.954 E0.03004
G1 X95.486 Y76.231 E0.03004
G1 X96.223 Y76.548 E0.03004
G1 X96.943 Y76.905 E0.03004
G1 X97.641 Y77.300 E0.03004
G1 X98.318 Y77.732 E0.03004
G1 X98.970 Y78.201 E0.03004
G1 X99.595 Y78.704 E0.03004
G1 X100.193 Y79.240 E0.03004
G1 X100.760 Y79.807 E0.03004
G1 X101.296 Y80.405 E0.03004
G1 X101.799 Y81.030 E0.03004
G1 X102.268 Y81.682 E0.03004
G1 X102.700 Y82.359 E0.03004
G1 X103.095 Y83.057 E0.03004
G1 X103.452 Y83.777 E0.03004
G1 X103.769 Y84.514 E0.03004
G1 X104.046 Y85.267 E0.03004
G1 X104.281 Y86.035 E0.03004
G1 X104.475 Y86.814 E0.03004
G1 X104.626 Y87.602 E0.03004
G1 X104.735 Y88.398 E0.03004
G1 X104.800 Y89.198 E0.03004
G1 X104.822 Y90.000 E0.03004
G1 E-0.70000 F2100
G1 X105.272 Y90.000 F9000
G1 E0.70000 F1500
;TYPE:External perimeter
G1 F1800
G1 X105.272 Y90.000 E0.00000
G1 X105.250 Y90.806 E0.03017
G1 X105.187 Y91.610 E0.03017
G1 X105.080 Y92.409 E0.03017
G1 X104.932 Y93.201 E0.03017
G1 X104.742 Y93.985 E0.03017
G1 X104.512 Y94.758 E0.03017
G1 X104.240 Y95.517 E0.03017
G1 X103.929 Y96.261 E0.03017
G1 X103.580 Y96.987 E0.03017
G1 X103.192 Y97.694 E0.03017
G1 X102.767 Y98.379 E0.03017
G1 X102.307 Y99.042 E0.03017
G1 X101.813 Y99.678 E0.03017
G1 X101.286 Y100.288 E0.03017
G1 X100.727 Y100.870 E0.03017
G1 X100.139 Y101.421 E0.03017
G1 X99.522 Y101.940 E0.03017
G1 X98.878 Y102.426 E0.03017
G1 X98.210 Y102.877 E0.03017
G1 X97.519 Y103.292 E0.03017
G1 X96.807 Y103.671 E0.03017
G1 X96.076 Y104.011 E0.03017
G1 X95.328 Y104.312 E0.03017
G1 X94.566 Y104.573 E0.03017
G1 X93.790 Y104.794 E0.03017
G1 X93.004 Y104.973 E0.03017
G1 X92.210 Y105.111 E0.03017
G1 X91.409 Y105.206 E0.03017
G1 X90.605 Y105.260 E0.03017
G1 X89.798 Y105.270 E0.03017
G1 X88.993 Y105.238 E0.03017
G1 X88.190 Y105.164 E0.03017
G1 X87.392 Y105.047 E0.03017
G1 X86.602 Y104.889 E0.03017
G1 X85.821 Y104.689 E0.03017
G1 X85.051 Y104.448 E0.03017
G1 X84.296 Y104.166 E0.03017
G1 X83.556 Y103.845 E0.03017
G1 X82.834 Y103.486 E0.03017
G1 X82.133 Y103.089 E0.03017
G1 X81.453 Y102.656 E0.03017
G1 X80.797 Y102.187 E0.03017
G1 X80.166 Y101.684 E0.03017
G1 X79.564 Y101.149 E0.03017
G1 X78.990 Y100.583 E0.03017
G1 X78.447 Y99.987 E0.03017
G1 X77.936 Y99.363 E0.03017
G1 X77.458 Y98.713 E0.03017
G1 X77.016 Y98.039 E0.03017
G1 X76.610 Y97.343 E0.03017
G1 X76.241 Y96.626 E0.03017
G1 X75.910 Y95.891 E0.03017
G1 X75.619 Y95.139 E0.03017
G1 X75.368 Y94.373 E0.03017
G1 X75.157 Y93.594 E0.03017
G1 X74.988 Y92.806 E0.03017
G1 X74.861 Y92.010 E0.03017
G1 X74.776 Y91.208 E0.03017
G1 X74.734 Y90.403 E0.03017
G1 X74.734 Y89.597 E0.03017
G1 X74.776 Y88.792 E0.03017
G1 X74.861 Y87.990 E0.03017
G1 X74.988 Y87.194 E0.03017
G1 X75.157 Y86.406 E0.03017
G1 X75.368 Y85.627 E0.03017
G1 X75.619 Y84.861 E0.03017
G1 X75.910 Y84.109 E0.03017
G1 X76.241 Y83.374 E0.03017
G1 X76.610 Y82.657 E0.03017
G1 X77.016 Y81.961 E0.03017
G1 X77.458 Y81.287 E0.03017
G1 X77.936 Y80.637 E0.03017
G1 X78.447 Y80.013 E0.03017
G1 X78.990 Y79.417 E0.03017
G1 X79.564 Y78.851 E0.03017
G1 X80.166 Y78.316 E0.03017
G1 X80.797 Y77.813 E0.03017
G1 X81.453 Y77.344 E0.03017
G1 X82.133 Y76.911 E0.03017
G1 X82.834 Y76.514 E0.03017
G1 X83.556 Y76.155 E0.03017
G1 X84.296 Y75.834 E0.03017
G1 X85.051 Y75.552 E0.03017
G1 X85.821 Y75.311 E0.03017
G1 X86.602 Y75.111 E0.03017
G1 X87.392 Y74.953 E0.03017
G1 X88.190 Y74.836 E0.03017
G1 X88.993 Y74.762 E0.03017
G1 X89.798 Y74.730 E0.03017
G1 X90.605 Y74.740 E0.03017
G1 X91.409 Y74.794 E0.03017
G1 X92.210 Y74.889 E0.03017
G1 X93.004 Y75.027 E0.03017
G1 X93.790 Y75.206 E0.03017
G1 X94.566 Y75.427 E0.03017
G1 X95.328 Y75.688 E0.03017
G1 X96.076 Y75.989 E0.03017
G1 X96.807 Y76.329 E0.03017
G1 X97.519 Y76.708 E0.03017
G1 X98.210 Y77.123 E0.03017
G1 X98.878 Y77.574 E0.03017
G1 X99.522 Y78.060 E0.03017
G1 X100.139 Y78.579 E0.03017
G1 X100.727 Y79.130 E0.03017
G1 X101.286 Y79.712 E0.03017
G1 X101.813 Y80.322 E0.03017
G1 X102.307 Y80.958 E0.03017
G1 X102.767 Y81.621 E0.03017
G1 X103.192 Y82.306 E0.03017
G1 X103.580 Y83.013 E0.03017
G1 X103.929 Y83.739 E0.03017
G1 X104.240 Y84.483 E0.03017
G1 X104.512 Y85.242 E0.03017
G1 X104.742 Y86.015 E0.03017
G1 X104.932 Y86.799 E0.03017
G1 X105.080 Y87.591 E0.03017
G1 X105.187 Y88.390 E0.03017
G1 X105.250 Y89.194 E0.03017
G1 X105.272 Y90.000 E0.03017
G1 E-0.70000 F2100
G1 X76.526 Y84.387 F9000
G1 E0.70000 F1500
;TYPE:Internal infill
G1 F5400
G1 X84.387 Y76.526 E0.41601
G1 X88.548 Y75.476 E0.16058
M73 P93 R2
G1 X75.476 Y88.548 E0.69176
G1 X75.496 Y91.640 E0.11567
G1 X91.640 Y75.496 E0.85428
G1 X94.220 Y76.027 E0.09857
G1 X76.027 Y94.220 E0.96272
G1 X76.907 Y96.451 E0.08975
G1 X96.451 Y76.907 E1.03425
G1 X98.404 Y78.065 E0.08495
G1 X78.065 Y98.404 E1.07624
G1 X79.471 Y100.109 E0.08270
G1 X100.109 Y79.471 E1.09211
G1 X101.579 Y81.113 E0.08244
G1 X81.113 Y101.579 E1.08301
G1 X82.996 Y102.807 E0.08413
G1 X102.807 Y82.996 E1.04829
G1 X103.767 Y85.148 E0.08815
G1 X85.148 Y103.767 E0.98523
G1 X87.624 Y104.402 E0.09564
G1 X104.402 Y87.624 E0.88784
G1 X104.586 Y90.551 E0.10974
G1 X90.551 Y104.586 E0.74271
G1 X94.299 Y103.949 E0.14226
G1 X103.949 Y94.299 E0.51065
;LAYER_CHANGE
;Z:16.40
;HEIGHT:0.2
G1 E-0.70000 F2100
G1 Z16.600 F720
G1 X102.987 Y90.000 F9000
G1 Z16.400 F720
G1 E0.70000 F1500
;TYPE:Perimeter
;WIDTH:0.45
G1 F2400
G1 X102.987 Y90.000 E0.00000
G1 X102.963 Y90.800 E0.02993
G1 X102.889 Y91.596 E0.02993
G1 X102.766 Y92.386 E0.02993
G1 X102.595 Y93.168 E0.02993
G1 X102.376 Y93.937 E0.02993
G1 X102.110 Y94.692 E0.02993
G1 X101.798 Y95.428 E0.02993
G1 X101.442 Y96.144 E0.02993
G1 X101.042 Y96.837 E0.02993
G1 X100.600 Y97.504 E0.02993
G1 X100.118 Y98.142 E0.02993
G1 X99.598 Y98.749 E0.02993
G1 X99.041 Y99.324 E0.02993
G1 X98.450 Y99.863 E0.02993
G1 X97.827 Y100.364 E0.02993
G1 X97.174 Y100.826 E0.02993
G1 X96.494 Y101.247 E0.02993
G1 X95.789 Y101.626 E0.02993
G1 X95.062 Y101.960 E0.02993
G1 X94.316 Y102.249 E0.02993
G1 X93.554 Y102.491 E0.02993
G1 X92.778 Y102.687 E0.02993
G1 X91.992 Y102.834 E0.02993
G1 X91.198 Y102.932 E0.02993
G1 X90.400 Y102.981 E0.02993
G1 X89.600 Y102.981 E0.02993
G1 X88.802 Y102.932 E0.02993
G1 X88.008 Y102.834 E0.02993
G1 X87.222 Y102.687 E0.02993
G1 X86.446 Y102.491 E0.02993
G1 X85.684 Y102.249 E0.02993
G1 X84.938 Y101.960 E0.02993
G1 X84.211 Y101.626 E0.02993
G1 X83.506 Y101.247 E0.02993
G1 X82.826 Y100.826 E0.02993
G1 X82.173 Y100.364 E0.02993
G1 X81.550 Y99.863 E0.02993
G1 X80.959 Y99.324 E0.02993
G1 X80.402 Y98.749 E0.02993
G1 X79.882 Y98.142 E0.02993
G1 X79.400 Y97.504 E0.02993
G1 X78.958 Y96.837 E0.02993
G1 X78.558 Y96.144 E0.02993
G1 X78.202 Y95.428 E0.02993
G1 X77.890 Y94.692 E0.02993
G1 X77.624 Y93.937 E0.02993
G1 X77.405 Y93.168 E0.02993
G1 X77.234 Y92.386 E0.02993
G1 X77.111 Y91.596 E0.02993
G1 X77.037 Y90.800 E0.02993
G1 X77.013 Y90.000 E0.02993
G1 X77.037 Y89.200 E0.02993
G1 X77.111 Y88.404 E0.02993
G1 X77.234 Y87.614 E0.02993
G1 X77.405 Y86.832 E0.02993
G1 X77.624 Y86.063 E0.02993
G1 X77.890 Y85.308 E0.02993
G1 X78.202 Y84.572 E0.02993
G1 X78.558 Y83.856 E0.02993
G1 X78.958 Y83.163 E0.02993
G1 X79.400 Y82.496 E0.02993
G1 X79.882 Y81.858 E0.02993
G1 X80.402 Y81.251 E0.02993
G1 X80.959 Y80.676 E0.02993
G1 X81.550 Y80.137 E0.02993
G1 X82.173 Y79.636 E0.02993
G1 X82.826 Y79.174 E0.02993
G1 X83.506 Y78.753 E0.02993
G1 X84.211 Y78.374 E0.02993
G1 X84.938 Y78.040 E0.02993
G1 X85.684 Y77.751 E0.02993
G1 X86.446 Y77.509 E0.02993
G1 X87.222 Y77.313 E0.02993
G1 X88.008 Y77.166 E0.02993
G1 X88.802 Y77.068 E0.02993
G1 X89.600 Y77.019 E0.02993
G1 X90.400 Y77.019 E0.02993
G1 X91.198 Y77.068 E0.02993
G1 X91.992 Y77.166 E0.02993
G1 X92.778 Y77.313 E0.02993
G1 X93.554 Y77.509 E0.02993
G1 X94.316 Y77.751 E0.02993
G1 X95.062 Y78.040 E0.02993
G1 X95.789 Y78.374 E0.02993
G1 X96.494 Y78.753 E0.02993
G1 X97.174 Y79.174 E0.02993
G1 X97.827 Y79.636 E0.02993
G1 X98.450 Y80.137 E0.02993
G1 X99.041 Y80.676 E0.02993
G1 X99.598 Y81.251 E0.02993
G1 X100.118 Y81.858 E0.02993
G1 X100.600 Y82.496 E0.02993
G1 X101.042 Y83.163 E0.02993
G1 X101.442 Y83.856 E0.02993
G1 X101.798 Y84.572 E0.02993
G1 X102.110 Y85.308 E0.02993
G1 X102.376 Y86.063 E0.02993
G1 X102.595 Y86.832 E0.02993
G1 X102.766 Y87.614 E0.02993
G1 X102.889 Y88.404 E0.02993
G1 X102.963 Y89.200 E0.02993
G1 X102.987 Y90.000 E0.02993
G1 E-0.70000 F2100
G1 X103.437 Y90.000 F9000
G1 E0.70000 F1500
;TYPE:External perimeter
G1 F1800
G1 X103.437 Y90.000 E0.00000
G1 X103.413 Y90.804 E0.03008
G1 X103.341 Y91.604 E0.03008
G1 X103.221 Y92.399 E0.03008
G1 X103.054 Y93.186 E0.03008
G1 X102.840 Y93.961 E0.03008
G1 X102.580 Y94.721 E0.03008
G1 X102.275 Y95.465 E0.03008
G1 X101.927 Y96.190 E0.03008
G1 X101.535 Y96.892 E0.03008
G1 X101.102 Y97.569 E0.03008
G1 X100.630 Y98.220 E0.03008
G1 X100.119 Y98.841 E0.03008
G1 X99.572 Y99.430 E0.03008
G1 X98.991 Y99.986 E0.03008
G1 X98.378 Y100.506 E0.03008
G1 X97.735 Y100.988 E0.03008
G1 X97.064 Y101.431 E0.03008
G1 X96.367 Y101.833 E0.03008
G1 X95.648 Y102.192 E0.03008
G1 X94.909 Y102.508 E0.03008
G1 X94.152 Y102.780 E0.03008
G1 X93.381 Y103.005 E0.03008
G1 X92.597 Y103.184 E0.03008
G1 X91.804 Y103.316 E0.03008
G1 X91.004 Y103.400 E0.03008
G1 X90.201 Y103.436 E0.03008
G1 X89.397 Y103.424 E0.03008
G1 X88.595 Y103.364 E0.03008
G1 X87.799 Y103.256 E0.03008
G1 X87.010 Y103.100 E0.03008
G1 X86.232 Y102.898 E0.03008
G1 X85.467 Y102.650 E0.03008
G1 X84.719 Y102.356 E0.03008
G1 X83.989 Y102.018 E0.03008
G1 X83.281 Y101.637 E0.03008
G1 X82.597 Y101.214 E0.03008
G1 X81.940 Y100.752 E0.03008
G1 X81.312 Y100.250 E0.03008
G1 X80.714 Y99.712 E0.03008
G1 X80.150 Y99.140 E0.03008
G1 X79.621 Y98.534 E0.03008
G1 X79.129 Y97.898 E0.03008
G1 X78.676 Y97.234 E0.03008
G1 X78.264 Y96.544 E0.03008
G1 X77.894 Y95.830 E0.03008
G1 X77.567 Y95.096 E0.03008
G1 X77.284 Y94.343 E0.03008
G1 X77.047 Y93.575 E0.03008
G1 X76.856 Y92.794 E0.03008
G1 X76.713 Y92.003 E0.03008
G1 X76.617 Y91.205 E0.03008
G1 X76.569 Y90.402 E0.03008
G1 X76.569 Y89.598 E0.03008
G1 X76.617 Y88.795 E0.03008
G1 X76.713 Y87.997 E0.03008
G1 X76.856 Y87.206 E0.03008
G1 X77.047 Y86.425 E0.03008
G1 X77.284 Y85.657 E0.03008
G1 X77.567 Y84.904 E0.03008
G1 X77.894 Y84.170 E0.03008
G1 X78.264 Y83.456 E0.03008
G1 X78.676 Y82.766 E0.03008
G1 X79.129 Y82.102 E0.03008
G1 X79.621 Y81.466 E0.03008
G1 X80.150 Y80.860 E0.03008
G1 X80.714 Y80.288 E0.03008
G1 X81.312 Y79.750 E0.03008
G1 X81.940 Y79.248 E0.03008
G1 X82.597 Y78.786 E0.03008
G1 X83.281 Y78.363 E0.03008
G1 X83.989 Y77.982 E0.03008
G1 X84.719 Y77.644 E0.03008
G1 X85.467 Y77.350 E0.03008
G1 X86.232 Y77.102 E0.03008
G1 X87.010 Y76.900 E0.03008
G1 X87.799 Y76.744 E0.03008
G1 X88.595 Y76.636 E0.03008
G1 X89.397 Y76.576 E0.03008
G1 X90.201 Y76.564 E0.03008
G1 X91.004 Y76.600 E0.03008
G1 X91.804 Y76.684 E0.03008
G1 X92.597 Y76.816 E0.03008
G1 X93.381 Y76.995 E0.03008
G1 X94.152 Y77.220 E0.03008
G1 X94.909 Y77.492 E0.03008
G1 X95.648 Y77.808 E0.03008
G1 X96.367 Y78.167 E0.03008
G1 X97.064 Y78.569 E0.03008
G1 X97.735 Y79.012 E0.03008
G1 X98.378 Y79.494 E0.03008
G1 X98.991 Y80.014 E0.03008
G1 X99.572 Y80.570 E0.03008
G1 X100.119 Y81.159 E0.03008
G1 X100.630 Y81.780 E0.03008
G1 X101.102 Y82.431 E0.03008
G1 X101.535 Y83.108 E0.03008
G1 X101.927 Y83.810 E0.03008
G1 X102.275 Y84.535 E0.03008
G1 X102.580 Y85.279 E0.03008
G1 X102.840 Y86.039 E0.03008
G1 X103.054 Y86.814 E0.03008
G1 X103.221 Y87.601 E0.03008
G1 X103.341 Y88.396 E0.03008
G1 X103.413 Y89.196 E0.03008
G1 X103.437 Y90.000 E0.03008
M73 P94 R1
G1 E-0.70000 F2100
G1 X97.178 Y79.448 F9000
G1 E0.70000 F1500
;TYPE:Solid infill
G1 F3600
G1 X100.552 Y82.822 E0.17855
G1 X101.443 Y84.349 E0.06615
G1 X95.651 Y78.557 E0.30649
G1 X94.524 Y78.067 E0.04599
G1 X101.933 Y85.476 E0.39208
G1 X102.253 Y86.432 E0.03773
G1 X93.568 Y77.747 E0.45961
G1 X92.715 Y77.530 E0.03294
G1 X102.470 Y87.285 E0.51623
G1 X102.615 Y88.067 E0.02973
G1 X91.933 Y77.385 E0.56523
G1 X91.207 Y77.295 E0.02739
G1 X102.705 Y88.793 E0.60844
G1 X102.751 Y89.476 E0.02561
G1 X90.524 Y77.249 E0.64703
G1 X89.877 Y77.238 E0.02420
G1 X102.762 Y90.123 E0.68178
G1 X102.741 Y90.738 E0.02305
G1 X89.262 Y77.259 E0.71326
G1 X88.673 Y77.307 E0.02210
G1 X102.693 Y91.327 E0.74188
G1 X102.621 Y91.891 E0.02130
G1 X88.109 Y77.379 E0.76796
G1 X87.566 Y77.472 E0.02062
G1 X102.528 Y92.434 E0.79175
G1 X102.415 Y92.958 E0.02003
G1 X87.042 Y77.585 E0.81345
G1 X86.537 Y77.717 E0.01953
G1 X102.283 Y93.463 E0.83323
G1 X102.135 Y93.951 E0.01909
G1 X86.049 Y77.865 E0.85122
G1 X85.577 Y78.029 E0.01871
G1 X101.971 Y94.423 E0.86753
G1 X101.792 Y94.881 E0.01838
G1 X85.119 Y78.208 E0.88226
G1 X84.676 Y78.401 E0.01809
G1 X101.599 Y95.324 E0.89548
G1 X101.392 Y95.753 E0.01784
G1 X84.247 Y78.608 E0.90726
G1 X83.830 Y78.828 E0.01762
G1 X101.172 Y96.170 E0.91765
G1 X100.939 Y96.573 E0.01744
G1 X83.427 Y79.061 E0.92670
G1 X83.035 Y79.306 E0.01728
G1 X100.694 Y96.965 E0.93445
G1 X100.437 Y97.344 E0.01715
G1 X82.656 Y79.563 E0.94093
G1 X82.288 Y79.831 E0.01704
G1 X100.169 Y97.712 E0.94617
G1 X99.888 Y98.068 E0.01696
M73 P95 R1
G1 X81.932 Y80.112 E0.95019
G1 X81.587 Y80.403 E0.01690
G1 X99.597 Y98.413 E0.95301
G1 X99.294 Y98.746 E0.01686
G1 X81.254 Y80.706 E0.95462
G1 X80.931 Y81.020 E0.01684
G1 X98.980 Y99.069 E0.95505
G1 X98.654 Y99.380 E0.01684
G1 X80.620 Y81.346 E0.95429
G1 X80.321 Y81.682 E0.01687
G1 X98.318 Y99.679 E0.95234
G1 X97.970 Y99.968 E0.01691
G1 X80.032 Y82.030 E0.94919
G1 X79.755 Y82.390 E0.01698
G1 X97.610 Y100.245 E0.94483
G1 X97.239 Y100.510 E0.01707
G1 X79.490 Y82.761 E0.93925
G1 X79.236 Y83.143 E0.01718
G1 X96.857 Y100.764 E0.93242
G1 X96.462 Y101.005 E0.01732
G1 X78.995 Y83.538 E0.92430
G1 X78.765 Y83.945 E0.01748
G1 X96.055 Y101.235 E0.91488
G1 X95.635 Y101.451 E0.01768
G1 X78.549 Y84.365 E0.90411
G1 X78.346 Y84.799 E0.01790
G1 X95.201 Y101.654 E0.89194
G1 X94.754 Y101.844 E0.01817
G1 X78.156 Y85.246 E0.87831
G1 X77.981 Y85.707 E0.01847
G1 X94.293 Y102.019 E0.86315
G1 X93.816 Y102.178 E0.01881
G1 X77.822 Y86.184 E0.84638
G1 X77.678 Y86.677 E0.01921
G1 X93.323 Y102.322 E0.82790
G1 X92.813 Y102.448 E0.01966
G1 X77.552 Y87.187 E0.80760
G1 X77.444 Y87.715 E0.02019
G1 X92.285 Y102.556 E0.78533
G1 X91.736 Y102.644 E0.02080
G1 X77.356 Y88.264 E0.76092
G1 X77.291 Y88.835 E0.02151
G1 X91.165 Y102.709 E0.73416
G1 X90.569 Y102.750 E0.02235
M73 P96 R1
G1 X77.250 Y89.431 E0.70478
G1 X77.238 Y90.055 E0.02335
G1 X89.945 Y102.762 E0.67243
G1 X89.289 Y102.742 E0.02456
G1 X77.258 Y90.711 E0.63667
G1 X77.315 Y91.405 E0.02606
G1 X88.595 Y102.685 E0.59689
G1 X87.855 Y102.581 E0.02798
G1 X77.419 Y92.145 E0.55220
G1 X77.582 Y92.944 E0.03051
G1 X87.056 Y102.418 E0.50130
G1 X86.178 Y102.176 E0.03407
G1 X77.824 Y93.822 E0.44206
G1 X78.182 Y94.817 E0.03955
G1 X85.183 Y101.818 E0.37049
G1 X83.984 Y101.255 E0.04959
G1 X78.745 Y96.016 E0.27721
G1 X79.922 Y97.830 E0.08089
G1 X82.170 Y100.078 E0.11897
;LAYER_CHANGE
;Z:16.60
;HEIGHT:0.2
G1 E-0.70000 F2100
G1 Z16.800 F720
G1 X100.692 Y90.000 F9000
G1 Z16.600 F720
G1 E0.70000 F1500
;TYPE:Perimeter
;WIDTH:0.45
G1 F2400
G1 X100.692 Y90.000 E0.00000
G1 X100.661 Y90.809 E0.03028
G1 X100.569 Y91.613 E0.03028
G1 X100.417 Y92.407 E0.03028
G1 X100.205 Y93.188 E0.03028
G1 X99.935 Y93.951 E0.03028
G1 X99.608 Y94.691 E0.03028
G1 X99.225 Y95.404 E0.03028
G1 X98.790 Y96.086 E0.03028
G1 X98.305 Y96.734 E0.03028
G1 X97.772 Y97.342 E0.03028
G1 X97.194 Y97.909 E0.03028
G1 X96.575 Y98.431 E0.03028
G1 X95.919 Y98.904 E0.03028
G1 X95.229 Y99.326 E0.03028
G1 X94.508 Y99.695 E0.03028
G1 X93.762 Y100.008 E0.03028
G1 X92.995 Y100.264 E0.03028
G1 X92.210 Y100.461 E0.03028
G1 X91.412 Y100.598 E0.03028
G1 X90.607 Y100.674 E0.03028
G1 X89.798 Y100.690 E0.03028
G1 X88.990 Y100.644 E0.03028
G1 X88.188 Y100.537 E0.03028
G1 X87.396 Y100.370 E0.03028
G1 X86.619 Y100.143 E0.03028
G1 X85.862 Y99.858 E0.03028
G1 X85.128 Y99.517 E0.03028
G1 X84.422 Y99.121 E0.03028
G1 X83.748 Y98.673 E0.03028
G1 X83.110 Y98.176 E0.03028
G1 X82.512 Y97.631 E0.03028
G1 X81.956 Y97.043 E0.03028
G1 X81.446 Y96.415 E0.03028
G1 X80.986 Y95.749 E0.03028
G1 X80.577 Y95.051 E0.03028
G1 X80.222 Y94.324 E0.03028
G1 X79.923 Y93.572 E0.03028
G1 X79.682 Y92.800 E0.03028
G1 X79.499 Y92.011 E0.03028
G1 X79.377 Y91.211 E0.03028
G1 X79.316 Y90.405 E0.03028
G1 X79.316 Y89.595 E0.03028
G1 X79.377 Y88.789 E0.03028
G1 X79.499 Y87.989 E0.03028
G1 X79.682 Y87.200 E0.03028
G1 X79.923 Y86.428 E0.03028
G1 X80.222 Y85.676 E0.03028
G1 X80.577 Y84.949 E0.03028
G1 X80.986 Y84.251 E0.03028
G1 X81.446 Y83.585 E0.03028
G1 X81.956 Y82.957 E0.03028
G1 X82.512 Y82.369 E0.03028
G1 X83.110 Y81.824 E0.03028
G1 X83.748 Y81.327 E0.03028
G1 X84.422 Y80.879 E0.03028
G1 X85.128 Y80.483 E0.03028
G1 X85.862 Y80.142 E0.03028
G1 X86.619 Y79.857 E0.03028
G1 X87.396 Y79.630 E0.03028
G1 X88.188 Y79.463 E0.03028
G1 X88.990 Y79.356 E0.03028
G1 X89.798 Y79.310 E0.03028
G1 X90.607 Y79.326 E0.03028
G1 X91.412 Y79.402 E0.03028
G1 X92.210 Y79.539 E0.03028
G1 X92.995 Y79.736 E0.03028
G1 X93.762 Y79.992 E0.03028
G1 X94.508 Y80.305 E0.03028
G1 X95.229 Y80.674 E0.03028
G1 X95.919 Y81.096 E0.03028
G1 X96.575 Y81.569 E0.03028
G1 X97.194 Y82.091 E0.03028
G1 X97.772 Y82.658 E0.03028
G1 X98.305 Y83.266 E0.03028
G1 X98.790 Y83.914 E0.03028
G1 X99.225 Y84.596 E0.03028
G1 X99.608 Y85.309 E0.03028
G1 X99.935 Y86.049 E0.03028
G1 X100.205 Y86.812 E0.03028
G1 X100.417 Y87.593 E0.03028
G1 X100.569 Y88.387 E0.03028
G1 X100.661 Y89.191 E0.03028
G1 X100.692 Y90.000 E0.03028
G1 E-0.70000 F2100
G1 X101.142 Y90.000 F9000
G1 E0.70000 F1500
;TYPE:External perimeter
G1 F1800
G1 X101.142 Y90.000 E0.00000
G1 X101.112 Y90.804 E0.03010
G1 X101.026 Y91.604 E0.03010
G1 X100.881 Y92.395 E0.03010
G1 X100.680 Y93.174 E0.03010
G1 X100.423 Y93.936 E0.03010
G1 X100.112 Y94.678 E0.03010
G1 X99.748 Y95.396 E0.03010
G1 X99.333 Y96.085 E0.03010
G1 X98.870 Y96.743 E0.03010
G1 X98.360 Y97.365 E0.03010
G1 X97.807 Y97.949 E0.03010
G1 X97.213 Y98.492 E0.03010
G1 X96.581 Y98.990 E0.03010
G1 X95.915 Y99.441 E0.03010
G1 X95.219 Y99.844 E0.03010
G1 X94.495 Y100.195 E0.03010
G1 X93.748 Y100.492 E0.03010
G1 X92.981 Y100.735 E0.03010
G1 X92.198 Y100.923 E0.03010
G1 X91.404 Y101.053 E0.03010
G1 X90.603 Y101.125 E0.03010
G1 X89.799 Y101.140 E0.03010
G1 X88.996 Y101.096 E0.03010
G1 X88.197 Y100.995 E0.03010
G1 X87.409 Y100.836 E0.03010
G1 X86.634 Y100.621 E0.03010
G1 X85.876 Y100.350 E0.03010
G1 X85.140 Y100.026 E0.03010
G1 X84.429 Y99.649 E0.03010
G1 X83.748 Y99.222 E0.03010
G1 X83.098 Y98.747 E0.03010
G1 X82.485 Y98.226 E0.03010
G1 X81.911 Y97.662 E0.03010
G1 X81.380 Y97.058 E0.03010
G1 X80.893 Y96.418 E0.03010
G1 X80.453 Y95.744 E0.03010
G1 X80.064 Y95.040 E0.03010
G1 X79.726 Y94.310 E0.03010
G1 X79.442 Y93.558 E0.03010
G1 X79.213 Y92.786 E0.03010
G1 X79.040 Y92.001 E0.03010
G1 X78.924 Y91.205 E0.03010
G1 X78.866 Y90.402 E0.03010
G1 X78.866 Y89.598 E0.03010
G1 X78.924 Y88.795 E0.03010
G1 X79.040 Y87.999 E0.03010
G1 X79.213 Y87.214 E0.03010
G1 X79.442 Y86.442 E0.03010
G1 X79.726 Y85.690 E0.03010
G1 X80.064 Y84.960 E0.03010
G1 X80.453 Y84.256 E0.03010
G1 X80.893 Y83.582 E0.03010
G1 X81.380 Y82.942 E0.03010
G1 X81.911 Y82.338 E0.03010
G1 X82.485 Y81.774 E0.03010
G1 X83.098 Y81.253 E0.03010
G1 X83.748 Y80.778 E0.03010
G1 X84.429 Y80.351 E0.03010
G1 X85.140 Y79.974 E0.03010
G1 X85.876 Y79.650 E0.03010
G1 X86.634 Y79.379 E0.03010
G1 X87.409 Y79.164 E0.03010
G1 X88.197 Y79.005 E0.03010
G1 X88.996 Y78.904 E0.03010
G1 X89.799 Y78.860 E0.03010
G1 X90.603 Y78.875 E0.03010
G1 X91.404 Y78.947 E0.03010
G1 X92.198 Y79.077 E0.03010
G1 X92.981 Y79.265 E0.03010
G1 X93.748 Y79.508 E0.03010
G1 X94.495 Y79.805 E0.03010
G1 X95.219 Y80.156 E0.03010
G1 X95.915 Y80.559 E0.03010
G1 X96.581 Y81.010 E0.03010
G1 X97.213 Y81.508 E0.03010
G1 X97.807 Y82.051 E0.03010
G1 X98.360 Y82.635 E0.03010
G1 X98.870 Y83.257 E0.03010
G1 X99.333 Y83.915 E0.03010
G1 X99.748 Y84.604 E0.03010
G1 X100.112 Y85.322 E0.03010
G1 X100.423 Y86.064 E0.03010
G1 X100.680 Y86.826 E0.03010
G1 X100.881 Y87.605 E0.03010
G1 X101.026 Y88.396 E0.03010
G1 X101.112 Y89.196 E0.03010
G1 X101.142 Y90.000 E0.03010
G1 E-0.70000 F2100
G1 X81.232 Y84.284 F9000
G1 E0.70000 F1500
;TYPE:Solid infill
G1 F3600
G1 X84.284 Y81.232 E0.16154
G1 X85.691 Y80.462 E0.06001
G1 X80.462 Y85.691 E0.27673
G1 X80.057 Y86.733 E0.04181
G1 X86.733 Y80.057 E0.35327
G1 X87.617 Y79.808 E0.03438
G1 X79.808 Y87.617 E0.41322
G1 X79.655 Y88.406 E0.03008
G1 X88.406 Y79.655 E0.46307
G1 X89.128 Y79.570 E0.02721
G1 X79.570 Y89.128 E0.50581
G1 X79.535 Y89.799 E0.02513
G1 X89.799 Y79.535 E0.54313
G1 X90.429 Y79.542 E0.02356
G1 X79.542 Y90.429 E0.57608
G1 X79.584 Y91.024 E0.02232
G1 X91.024 Y79.584 E0.60537
G1 X91.589 Y79.655 E0.02132
M73 P97 R1
G1 X79.655 Y91.589 E0.63152
G1 X79.752 Y92.128 E0.02050
G1 X92.128 Y79.752 E0.65490
G1 X92.644 Y79.873 E0.01982
G1 X79.873 Y92.644 E0.67579
G1 X80.015 Y93.138 E0.01924
G1 X93.138 Y80.015 E0.69443
G1 X93.613 Y80.177 E0.01876
G1 X80.177 Y93.613 E0.71099
G1 X80.357 Y94.069 E0.01836
G1 X94.069 Y80.357 E0.72560
G1 X94.508 Y80.554 E0.01801
G1 X80.554 Y94.508 E0.73840
G1 X80.768 Y94.931 E0.01772
G1 X94.931 Y80.768 E0.74947
G1 X95.338 Y80.997 E0.01748
G1 X80.997 Y95.338 E0.75888
G1 X81.241 Y95.730 E0.01729
G1 X95.730 Y81.241 E0.76670
G1 X96.108 Y81.500 E0.01713
G1 X81.500 Y96.108 E0.77297
G1 X81.773 Y96.471 E0.01701
G1 X96.471 Y81.773 E0.77774
G1 X96.820 Y82.061 E0.01692
G1 X82.061 Y96.820 E0.78102
G1 X82.361 Y97.156 E0.01686
G1 X97.156 Y82.361 E0.78285
G1 X97.477 Y82.676 E0.01684
G1 X82.676 Y97.477 E0.78322
G1 X83.004 Y97.785 E0.01685
G1 X97.785 Y83.004 E0.78215
G1 X98.080 Y83.347 E0.01689
G1 X83.347 Y98.080 E0.77962
G1 X83.703 Y98.360 E0.01696
G1 X98.360 Y83.703 E0.77562
G1 X98.626 Y84.073 E0.01706
G1 X84.073 Y98.626 E0.77014
G1 X84.457 Y98.878 E0.01720
G1 X98.878 Y84.457 E0.76312
G1 X99.115 Y84.856 E0.01738
G1 X84.856 Y99.115 E0.75454
G1 X85.271 Y99.337 E0.01759
G1 X99.337 Y85.271 E0.74434
G1 X99.543 Y85.701 E0.01786
G1 X85.701 Y99.543 E0.73245
G1 X86.149 Y99.732 E0.01817
G1 X99.732 Y86.149 E0.71879
G1 X99.904 Y86.614 E0.01854
G1 X86.614 Y99.904 E0.70325
G1 X87.098 Y100.056 E0.01898
G1 X100.056 Y87.098 E0.68572
G1 X100.188 Y87.602 E0.01951
M73 P98 R1
G1 X87.602 Y100.188 E0.66601
G1 X88.129 Y100.298 E0.02013
G1 X100.298 Y88.129 E0.64395
G1 X100.383 Y88.680 E0.02087
G1 X88.680 Y100.383 E0.61928
G1 X89.259 Y100.440 E0.02177
G1 X100.440 Y89.259 E0.59167
G1 X100.466 Y89.870 E0.02288
G1 X89.870 Y100.466 E0.56069
G1 X90.518 Y100.454 E0.02427
G1 X100.454 Y90.518 E0.52574
G1 X100.396 Y91.212 E0.02606
G1 X91.212 Y100.396 E0.48597
G1 X91.964 Y100.281 E0.02847
G1 X100.281 Y91.964 E0.44006
G1 X100.086 Y92.795 E0.03191
G1 X92.795 Y100.086 E0.38585
G1 X93.744 Y99.774 E0.03737
G1 X99.774 Y93.744 E0.31912
G1 X99.243 Y94.912 E0.04802
G1 X94.912 Y99.243 E0.22919
;LAYER_CHANGE
;Z:16.80
;HEIGHT:0.2
G1 E-0.70000 F2100
G1 Z17.000 F720
G1 X97.547 Y90.000 F9000
G1 Z16.800 F720
G1 E0.70000 F1500
;TYPE:Perimeter
;WIDTH:0.45
G1 F2400
G1 X97.547 Y90.000 E0.00000
G1 X97.504 Y90.802 E0.03006
G1 X97.376 Y91.595 E0.03006
G1 X97.165 Y92.370 E0.03006
G1 X96.872 Y93.118 E0.03006
G1 X96.502 Y93.831 E0.03006
G1 X96.058 Y94.501 E0.03006
G1 X95.545 Y95.119 E0.03006
G1 X94.970 Y95.679 E0.03006
G1 X94.338 Y96.176 E0.03006
G1 X93.657 Y96.602 E0.03006
G1 X92.934 Y96.953 E0.03006
G1 X92.179 Y97.225 E0.03006
G1 X91.398 Y97.416 E0.03006
G1 X90.602 Y97.523 E0.03006
G1 X89.799 Y97.544 E0.03006
G1 X88.998 Y97.480 E0.03006
G1 X88.209 Y97.331 E0.03006
G1 X87.440 Y97.099 E0.03006
G1 X86.700 Y96.787 E0.03006
G1 X85.997 Y96.398 E0.03006
G1 X85.340 Y95.936 E0.03006
G1 X84.735 Y95.407 E0.03006
G1 X84.190 Y94.817 E0.03006
G1 X83.711 Y94.172 E0.03006
G1 X83.303 Y93.480 E0.03006
G1 X82.971 Y92.748 E0.03006
G1 X82.719 Y91.986 E0.03006
G1 X82.549 Y91.200 E0.03006
G1 X82.464 Y90.402 E0.03006
G1 X82.464 Y89.598 E0.03006
G1 X82.549 Y88.800 E0.03006
G1 X82.719 Y88.014 E0.03006
G1 X82.971 Y87.252 E0.03006
G1 X83.303 Y86.520 E0.03006
G1 X83.711 Y85.828 E0.03006
G1 X84.190 Y85.183 E0.03006
G1 X84.735 Y84.593 E0.03006
G1 X85.340 Y84.064 E0.03006
G1 X85.997 Y83.602 E0.03006
G1 X86.700 Y83.213 E0.03006
G1 X87.440 Y82.901 E0.03006
G1 X88.209 Y82.669 E0.03006
G1 X88.998 Y82.520 E0.03006
G1 X89.799 Y82.456 E0.03006
G1 X90.602 Y82.477 E0.03006
G1 X91.398 Y82.584 E0.03006
G1 X92.179 Y82.775 E0.03006
G1 X92.934 Y83.047 E0.03006
G1 X93.657 Y83.398 E0.03006
G1 X94.338 Y83.824 E0.03006
G1 X94.970 Y84.321 E0.03006
G1 X95.545 Y84.881 E0.03006
G1 X96.058 Y85.499 E0.03006
G1 X96.502 Y86.169 E0.03006
G1 X96.872 Y86.882 E0.03006
G1 X97.165 Y87.630 E0.03006
G1 X97.376 Y88.405 E0.03006
G1 X97.504 Y89.198 E0.03006
G1 X97.547 Y90.000 E0.03006
G1 E-0.70000 F2100
G1 X97.997 Y90.000 F9000
G1 E0.70000 F1500
;TYPE:External perimeter
G1 F1800
G1 X97.997 Y90.000 E0.00000
G1 X97.956 Y90.809 E0.03031
G1 X97.833 Y91.610 E0.03031
G1 X97.630 Y92.394 E0.03031
G1 X97.349 Y93.154 E0.03031
G1 X96.992 Y93.881 E0.03031
G1 X96.563 Y94.568 E0.03031
G1 X96.068 Y95.209 E0.03031
G1 X95.509 Y95.796 E0.03031
G1 X94.895 Y96.324 E0.03031
G1 X94.230 Y96.786 E0.03031
G1 X93.522 Y97.180 E0.03031
G1 X92.777 Y97.499 E0.03031
G1 X92.004 Y97.741 E0.03031
G1 X91.211 Y97.905 E0.03031
G1 X90.405 Y97.986 E0.03031
G1 X89.595 Y97.986 E0.03031
G1 X88.789 Y97.905 E0.03031
G1 X87.996 Y97.741 E0.03031
G1 X87.223 Y97.499 E0.03031
G1 X86.478 Y97.180 E0.03031
G1 X85.770 Y96.786 E0.03031
G1 X85.105 Y96.324 E0.03031
G1 X84.491 Y95.796 E0.03031
G1 X83.932 Y95.209 E0.03031
G1 X83.437 Y94.568 E0.03031
G1 X83.008 Y93.881 E0.03031
G1 X82.651 Y93.154 E0.03031
G1 X82.370 Y92.394 E0.03031
G1 X82.167 Y91.610 E0.03031
G1 X82.044 Y90.809 E0.03031
G1 X82.003 Y90.000 E0.03031
G1 X82.044 Y89.191 E0.03031
G1 X82.167 Y88.390 E0.03031
G1 X82.370 Y87.606 E0.03031
G1 X82.651 Y86.846 E0.03031
G1 X83.008 Y86.119 E0.03031
G1 X83.437 Y85.432 E0.03031
G1 X83.932 Y84.791 E0.03031
G1 X84.491 Y84.204 E0.03031
G1 X85.105 Y83.676 E0.03031
G1 X85.770 Y83.214 E0.03031
G1 X86.478 Y82.820 E0.03031
G1 X87.223 Y82.501 E0.03031
G1 X87.996 Y82.259 E0.03031
G1 X88.789 Y82.095 E0.03031
G1 X89.595 Y82.014 E0.03031
G1 X90.405 Y82.014 E0.03031
G1 X91.211 Y82.095 E0.03031
G1 X92.004 Y82.259 E0.03031
G1 X92.777 Y82.501 E0.03031
G1 X93.522 Y82.820 E0.03031
G1 X94.230 Y83.214 E0.03031
G1 X94.895 Y83.676 E0.03031
G1 X95.509 Y84.204 E0.03031
G1 X96.068 Y84.791 E0.03031
G1 X96.563 Y85.432 E0.03031
G1 X96.992 Y86.119 E0.03031
G1 X97.349 Y86.846 E0.03031
G1 X97.630 Y87.606 E0.03031
G1 X97.833 Y88.390 E0.03031
G1 X97.956 Y89.191 E0.03031
G1 X97.997 Y90.000 E0.03031
G1 E-0.70000 F2100
G1 X93.745 Y83.708 F9000
G1 E0.70000 F1500
;TYPE:Solid infill
G1 F3600
G1 X96.292 Y86.255 E0.13479
G1 X96.871 Y87.471 E0.05040
G1 X92.529 Y83.129 E0.22979
G1 X91.624 Y82.861 E0.03530
G1 X97.139 Y88.376 E0.29184
G1 X97.272 Y89.144 E0.02918
G1 X90.856 Y82.728 E0.33952
G1 X90.171 Y82.680 E0.02568
G1 X97.320 Y89.829 E0.37829
G1 X97.308 Y90.453 E0.02337
G1 X89.547 Y82.692 E0.41069
G1 X88.969 Y82.751 E0.02172
G1 X97.249 Y91.031 E0.43813
G1 X97.151 Y91.570 E0.02050
G1 X88.430 Y82.849 E0.46150
G1 X87.924 Y82.979 E0.01956
G1 X97.021 Y92.076 E0.48140
G1 X96.862 Y92.553 E0.01882
G1 X87.447 Y83.138 E0.49823
G1 X86.995 Y83.323 E0.01825
G1 X96.677 Y93.005 E0.51231
G1 X96.468 Y93.432 E0.01780
G1 X86.568 Y83.532 E0.52384
G1 X86.163 Y83.764 E0.01745
G1 X96.236 Y93.837 E0.53301
G1 X95.983 Y94.220 E0.01719
G1 X85.780 Y84.017 E0.53992
G1 X85.417 Y84.290 E0.01700
G1 X95.710 Y94.583 E0.54467
G1 X95.417 Y94.926 E0.01689
M73 P99 R1
G1 X85.074 Y84.583 E0.54731
G1 X84.750 Y84.896 E0.01684
G1 X95.104 Y95.250 E0.54787
G1 X94.771 Y95.554 E0.01685
G1 X84.446 Y85.229 E0.54636
G1 X84.162 Y85.581 E0.01693
G1 X94.419 Y95.838 E0.54276
G1 X94.047 Y96.102 E0.01708
G1 X83.898 Y85.953 E0.53702
G1 X83.655 Y86.347 E0.01730
G1 X93.653 Y96.345 E0.52909
G1 X93.239 Y96.567 E0.01760
G1 X83.433 Y86.761 E0.51885
G1 X83.235 Y87.199 E0.01799
G1 X92.801 Y96.765 E0.50617
G1 X92.338 Y96.939 E0.01850
G1 X83.061 Y87.662 E0.49087
G1 X82.915 Y88.152 E0.01914
G1 X91.848 Y97.085 E0.47267
G1 X91.327 Y97.200 E0.01996
G1 X82.800 Y88.673 E0.45124
G1 X82.719 Y89.229 E0.02102
G1 X90.771 Y97.281 E0.42609
G1 X90.173 Y97.320 E0.02241
G1 X82.680 Y89.827 E0.39650
G1 X82.694 Y90.477 E0.02432
G1 X89.523 Y97.306 E0.36140
G1 X88.804 Y97.223 E0.02709
G1 X82.777 Y91.196 E0.31896
G1 X82.962 Y92.017 E0.03151
G1 X87.983 Y97.038 E0.26570
G1 X86.976 Y96.668 E0.04013
G1 X83.332 Y93.024 E0.19284
G1 X84.468 Y94.797 E0.07880
G1 X85.203 Y95.532 E0.03889
;LAYER_CHANGE
;Z:17.00
;HEIGHT:0.2
G1 E-0.70000 F2100
G1 Z17.200 F720
G1 X94.917 Y90.000 F9000
G1 Z17.000 F720
G1 E0.70000 F1500
;TYPE:Perimeter
;WIDTH:0.45
G1 F2400
G1 X94.917 Y90.000 E0.00000
G1 X94.850 Y90.809 E0.03038
G1 X94.650 Y91.596 E0.03038
G1 X94.324 Y92.340 E0.03038
G1 X93.880 Y93.020 E0.03038
G1 X93.330 Y93.617 E0.03038
G1 X92.689 Y94.116 E0.03038
G1 X91.975 Y94.502 E0.03038
G1 X91.207 Y94.766 E0.03038
G1 X90.406 Y94.900 E0.03038
G1 X89.594 Y94.900 E0.03038
G1 X88.793 Y94.766 E0.03038
G1 X88.025 Y94.502 E0.03038
G1 X87.311 Y94.116 E0.03038
G1 X86.670 Y93.617 E0.03038
G1 X86.120 Y93.020 E0.03038
G1 X85.676 Y92.340 E0.03038
G1 X85.350 Y91.596 E0.03038
G1 X85.150 Y90.809 E0.03038
G1 X85.083 Y90.000 E0.03038
G1 X85.150 Y89.191 E0.03038
G1 X85.350 Y88.404 E0.03038
G1 X85.676 Y87.660 E0.03038
G1 X86.120 Y86.980 E0.03038
G1 X86.670 Y86.383 E0.03038
G1 X87.311 Y85.884 E0.03038
G1 X88.025 Y85.498 E0.03038
G1 X88.793 Y85.234 E0.03038
G1 X89.594 Y85.100 E0.03038
G1 X90.406 Y85.100 E0.03038
G1 X91.207 Y85.234 E0.03038
G1 X91.975 Y85.498 E0.03038
G1 X92.689 Y85.884 E0.03038
G1 X93.330 Y86.383 E0.03038
G1 X93.880 Y86.980 E0.03038
G1 X94.324 Y87.660 E0.03038
G1 X94.650 Y88.404 E0.03038
G1 X94.850 Y89.191 E0.03038
G1 X94.917 Y90.000 E0.03038
G1 E-0.70000 F2100
G1 X95.367 Y90.000 F9000
G1 E0.70000 F1500
;TYPE:External perimeter
G1 F1800
G1 X95.367 Y90.000 E0.00000
G1 X95.307 Y90.800 E0.03001
G1 X95.128 Y91.582 E0.03001
G1 X94.835 Y92.328 E0.03001
G1 X94.434 Y93.023 E0.03001
G1 X93.934 Y93.650 E0.03001
G1 X93.346 Y94.196 E0.03001
G1 X92.683 Y94.648 E0.03001
G1 X91.961 Y94.996 E0.03001
G1 X91.194 Y95.232 E0.03001
G1 X90.401 Y95.352 E0.03001
G1 X89.599 Y95.352 E0.03001
G1 X88.806 Y95.232 E0.03001
G1 X88.039 Y94.996 E0.03001
G1 X87.317 Y94.648 E0.03001
G1 X86.654 Y94.196 E0.03001
G1 X86.066 Y93.650 E0.03001
G1 X85.566 Y93.023 E0.03001
G1 X85.165 Y92.328 E0.03001
G1 X84.872 Y91.582 E0.03001
G1 X84.693 Y90.800 E0.03001
G1 X84.633 Y90.000 E0.03001
G1 X84.693 Y89.200 E0.03001
G1 X84.872 Y88.418 E0.03001
G1 X85.165 Y87.672 E0.03001
G1 X85.566 Y86.977 E0.03001
G1 X86.066 Y86.350 E0.03001
G1 X86.654 Y85.804 E0.03001
G1 X87.317 Y85.352 E0.03001
G1 X88.039 Y85.004 E0.03001
G1 X88.806 Y84.768 E0.03001
G1 X89.599 Y84.648 E0.03001
G1 X90.401 Y84.648 E0.03001
G1 X91.194 Y84.768 E0.03001
G1 X91.961 Y85.004 E0.03001
G1 X92.683 Y85.352 E0.03001
G1 X93.346 Y85.804 E0.03001
G1 X93.934 Y86.350 E0.03001
G1 X94.434 Y86.977 E0.03001
G1 X94.835 Y87.672 E0.03001
G1 X95.128 Y88.418 E0.03001
G1 X95.307 Y89.200 E0.03001
G1 X95.367 Y90.000 E0.03001
G1 E-0.70000 F2100
G1 X85.827 Y87.857 F9000
G1 E0.70000 F1500
;TYPE:Solid infill
G1 F3600
G1 X87.857 Y85.827 E0.10742
G1 X88.874 Y85.446 E0.04066
G1 X85.446 Y88.874 E0.18143
G1 X85.323 Y89.633 E0.02877
G1 X89.633 Y85.323 E0.22810
G1 X90.276 Y85.317 E0.02405
G1 X85.317 Y90.276 E0.26243
G1 X85.385 Y90.844 E0.02141
G1 X90.844 Y85.385 E0.28887
G1 X91.356 Y85.509 E0.01973
G1 X85.509 Y91.356 E0.30944
G1 X85.678 Y91.824 E0.01860
G1 X91.824 Y85.678 E0.32525
G1 X92.253 Y85.885 E0.01783
G1 X85.885 Y92.253 E0.33699
G1 X86.127 Y92.648 E0.01731
G1 X92.648 Y86.127 E0.34505
G1 X93.010 Y86.401 E0.01700
G1 X86.401 Y93.010 E0.34971
G1 X86.706 Y93.341 E0.01685
G1 X93.341 Y86.706 E0.35109
G1 X93.642 Y87.042 E0.01686
G1 X87.042 Y93.642 E0.34923
G1 X87.409 Y93.911 E0.01703
G1 X93.911 Y87.409 E0.34408
G1 X94.148 Y87.808 E0.01738
G1 X87.808 Y94.148 E0.33548
G1 X88.243 Y94.350 E0.01793
G1 X94.350 Y88.243 E0.32317
G1 X94.513 Y88.717 E0.01874
G1 X88.717 Y94.513 E0.30670
G1 X89.237 Y94.629 E0.01994
G1 X94.629 Y89.237 E0.28535
G1 X94.688 Y89.814 E0.02172
G1 X89.814 Y94.688 E0.25790
G1 X90.471 Y94.668 E0.02457
G1 X94.668 Y90.471 E0.22211
G1 X94.521 Y91.254 E0.02983
G1 X91.254 Y94.521 E0.17287
G1 X92.352 Y94.060 E0.04455
G1 X94.060 Y92.352 E0.09038
M73 P100 R0
;TYPE:Custom
G1 Z30 F720
M104 S0
M140 S0
M84
